player_id,player_display_name,position,position_group,season,week,season_type,team,opponent_team,completions,attempts,passing_yards,passing_tds,passing_interceptions,sacks_suffered,sack_fumbles,sack_fumbles_lost,passing_2pt_conversions,carries,rushing_yards,rushing_tds,rushing_fumbles,rushing_fumbles_lost,rushing_2pt_conversions,receptions,targets,receiving_yards,receiving_tds,receiving_fumbles,receiving_fumbles_lost,receiving_2pt_conversions,special_teams_tds,fumbles_lost_total,fg_made,fg_att,fg_missed,fg_made_60_,fg_missed_60_,pat_made,pat_att,pat_missed,pat_blocked,fantasy_points,fantasy_points_ppr
00-0023459,Aaron Rodgers,QB,QB,2025,1,REG,PIT,NYJ,22,30,244,4,0,4,0,0,0,1,-1,0,0,0,0,0,0,0,0,0,0,0,0,0,0,0,0,0,0,0,0,0,0,25.66,25.66
00-0023853,Matt Prater,K,SPEC,2025,1,REG,BUF,BAL,0,0,0,0,0,0,0,0,0,0,0,0,0,0,0,0,0,0,0,0,0,0,0,0,3,3,0,0,0,2,2,0,0,0,0
00-0025565,Nick Folk,K,SPEC,2025,1,REG,NYJ,PIT,0,0,0,0,0,0,0,0,0,0,0,0,0,0,0,0,0,0,0,0,0,0,0,0,2,2,0,0,0,2,2,0,0,0,0
00-0026158,Joe Flacco,QB,QB,2025,1,REG,CLE,CIN,31,45,290,1,2,2,0,0,0,2,6,0,0,0,0,0,0,0,0,0,0,0,0,0,0,0,0,0,0,0,0,0,0,12.2,12.2
00-0026190,Calais Campbell,DE,DL,2025,1,REG,ARI,NO,0,0,0,0,0,0,0,0,0,0,0,0,0,0,0,0,0,0,0,0,0,0,0,0,0,0,0,0,0,0,0,0,0,0,0
00-0026498,Matthew Stafford,QB,QB,2025,1,REG,LA,HOU,21,29,245,1,0,3,0,0,0,4,-2,0,1,0,0,0,0,0,0,0,0,0,0,0,0,0,0,0,0,0,0,0,0,13.6,13.6
00-0026858,Graham Gano,K,SPEC,2025,1,REG,NYG,WAS,0,0,0,0,0,0,0,0,0,0,0,0,0,0,0,0,0,0,0,0,0,0,0,0,2,2,0,0,0,0,0,0,0,0,0
00-0027114,Thomas Morstead,P,SPEC,2025,1,REG,SF,SEA,0,0,0,0,0,0,0,0,0,0,0,0,0,0,0,0,0,0,0,0,0,0,0,0,0,0,0,0,0,0,0,0,0,0,0
00-0027857,Trent Williams,OT,OL,2025,1,REG,SF,SEA,0,0,0,0,0,0,0,0,0,0,0,0,0,0,0,0,0,0,0,0,0,0,0,0,0,0,0,0,0,0,0,0,0,0,0
00-0027940,Von Miller,OLB,LB,2025,1,REG,WAS,NYG,0,0,0,0,0,0,0,0,0,0,0,0,0,0,0,0,0,0,0,0,0,0,0,0,0,0,0,0,0,0,0,0,0,0,0
00-0027962,Cameron Jordan,LB,LB,2025,1,REG,NO,ARI,0,0,0,0,0,0,0,0,0,0,0,0,0,0,0,0,0,0,0,0,0,0,0,0,0,0,0,0,0,0,0,0,0,0,0
00-0027969,Cameron Heyward,DE,DL,2025,1,REG,PIT,NYJ,0,0,0,0,0,0,0,0,0,0,0,0,0,0,0,0,0,0,0,0,0,0,0,0,0,0,0,0,0,0,0,0,0,0,0
00-0028292,Nick Bellore,LB,LB,2025,1,REG,WAS,NYG,0,0,0,0,0,0,0,0,0,0,0,0,0,0,0,0,0,0,0,0,0,0,0,0,0,0,0,0,0,0,0,0,0,0,0
00-0028872,Johnny Hekker,P,SPEC,2025,1,REG,TEN,DEN,0,0,0,0,0,0,0,0,0,0,0,0,0,0,0,0,0,0,0,0,0,0,0,0,0,0,0,0,0,0,0,0,0,0,0
00-0029255,Bobby Wagner,MLB,LB,2025,1,REG,WAS,NYG,0,0,0,0,0,0,0,0,0,0,0,0,0,0,0,0,0,0,0,0,0,0,0,0,0,0,0,0,0,0,0,0,0,0,0
00-0029263,Russell Wilson,QB,QB,2025,1,REG,NYG,WAS,17,37,168,0,0,2,0,0,0,8,44,0,1,0,0,0,0,0,0,0,0,0,0,0,0,0,0,0,0,0,0,0,0,11.12,11.12
00-0029562,Lavonte David,OLB,LB,2025,1,REG,TB,ATL,0,0,0,0,0,0,0,0,0,0,0,0,0,0,0,0,0,0,0,0,0,0,0,0,0,0,0,0,0,0,0,0,0,0,0
00-0029592,Kevin Zeitler,G,OL,2025,1,REG,TEN,DEN,0,0,0,0,0,0,0,0,0,0,0,0,0,0,0,0,0,0,0,0,0,0,0,0,0,0,0,0,0,0,0,0,0,0,0
00-0029607,Demario Davis,OLB,LB,2025,1,REG,NO,ARI,0,0,0,0,0,0,0,0,0,0,0,0,0,0,0,0,0,0,0,0,0,0,0,0,0,0,0,0,0,0,0,0,0,0,0
00-0029692,Bryan Anger,P,SPEC,2025,1,REG,DAL,PHI,0,0,0,0,0,0,0,0,0,0,0,0,0,0,0,0,0,0,0,0,0,0,0,0,0,0,0,0,0,0,0,0,0,0,0
00-0029714,Andrew DePaola,LS,SPEC,2025,1,REG,MIN,CHI,0,0,0,0,0,0,0,0,0,0,0,0,0,0,0,0,0,0,0,0,0,0,0,0,0,0,0,0,0,0,0,0,0,0,0
00-0029822,Brandon McManus,K,SPEC,2025,1,REG,GB,DET,0,0,0,0,0,0,0,0,0,0,0,0,0,0,0,0,0,0,0,0,0,0,0,0,2,2,0,0,0,3,3,0,0,0,0
00-0029892,Kyle Juszczyk,FB,RB,2025,1,REG,SF,SEA,0,0,0,0,0,0,0,0,0,0,0,0,0,0,0,2,2,32,0,0,0,0,0,0,0,0,0,0,0,0,0,0,0,3.2,5.2
00-0030035,Adam Thielen,WR,WR,2025,1,REG,MIN,CHI,0,0,0,0,0,0,0,0,0,0,0,0,0,0,0,0,1,0,0,0,0,1,0,0,0,0,0,0,0,0,0,0,0,2,2
00-0030061,Zach Ertz,TE,TE,2025,1,REG,WAS,NYG,0,0,0,0,0,0,0,0,0,0,0,0,0,0,0,3,5,26,1,0,0,0,0,0,0,0,0,0,0,0,0,0,0,8.6,11.6
00-0030062,Darius Slay,CB,DB,2025,1,REG,PIT,NYJ,0,0,0,0,0,0,0,0,0,0,0,0,0,0,0,0,0,0,0,0,0,0,0,0,0,0,0,0,0,0,0,0,0,0,0
00-0030092,Sam Martin,P,SPEC,2025,1,REG,CAR,JAX,0,0,0,0,0,0,0,0,0,0,0,0,0,0,0,0,0,0,0,0,0,0,0,0,0,0,0,0,0,0,0,0,0,0,0
00-0030140,Tress Way,P,SPEC,2025,1,REG,WAS,NYG,0,0,0,0,0,0,0,0,0,0,0,0,0,0,0,0,0,0,0,0,0,0,0,0,0,0,0,0,0,0,0,0,0,0,0
00-0030279,Keenan Allen,WR,WR,2025,1,REG,LAC,KC,0,0,0,0,0,0,0,0,0,0,0,0,0,0,0,7,10,68,1,0,0,0,0,0,0,0,0,0,0,0,0,0,0,12.8,19.8
00-0030506,Travis Kelce,TE,TE,2025,1,REG,KC,LAC,0,0,0,0,0,0,0,0,0,0,0,0,0,0,0,2,4,47,1,0,0,0,0,0,0,0,0,0,0,0,0,0,0,10.7,12.7
00-0030564,DeAndre Hopkins,WR,WR,2025,1,REG,BAL,BUF,0,0,0,0,0,0,0,0,0,0,0,0,0,0,0,2,2,35,1,0,0,0,0,0,0,0,0,0,0,0,0,0,0,9.5,11.5
00-0030565,Geno Smith,QB,QB,2025,1,REG,LV,NE,24,34,362,1,1,4,0,0,0,2,10,0,0,0,0,0,0,0,0,0,0,0,0,0,0,0,0,0,0,0,0,0,0,17.48,17.48
00-0030757,Mike Pennel,DT,DL,2025,1,REG,CIN,CLE,0,0,0,0,0,0,0,0,0,0,0,0,0,0,0,0,0,0,0,0,0,0,0,0,0,0,0,0,0,0,0,0,0,0,0
00-0031040,Khalil Mack,OLB,LB,2025,1,REG,LAC,KC,0,0,0,0,0,0,0,0,0,0,0,0,0,0,0,0,0,0,0,0,0,0,0,0,0,0,0,0,0,0,0,0,0,0,0
00-0031054,DaQuan Jones,DT,DL,2025,1,REG,BUF,BAL,0,0,0,0,0,0,0,0,0,0,0,0,0,0,0,0,0,0,0,0,0,0,0,0,0,0,0,0,0,0,0,0,0,0,0
00-0031136,Chris Boswell,K,SPEC,2025,1,REG,PIT,NYJ,0,0,0,0,0,0,0,0,0,0,0,0,0,0,0,0,0,0,0,0,0,0,0,0,2,2,0,1,0,4,4,0,0,0,0
00-0031203,Cairo Santos,K,SPEC,2025,1,REG,CHI,MIN,0,0,0,0,0,0,0,0,0,0,0,0,0,0,0,0,0,0,0,0,0,0,0,0,1,2,1,0,0,3,3,0,0,0,0
00-0031236,Brandin Cooks,WR,WR,2025,1,REG,NO,ARI,0,0,0,0,0,0,0,0,0,0,0,0,0,0,0,3,4,26,0,0,0,0,0,0,0,0,0,0,0,0,0,0,0,2.6,5.6
00-0031270,Shelby Harris,DE,DL,2025,1,REG,CLE,CIN,0,0,0,0,0,0,0,0,0,0,0,0,0,0,0,0,0,0,0,0,0,0,0,0,0,0,0,0,0,0,0,0,0,0,0
00-0031360,Kyle Van Noy,MLB,LB,2025,1,REG,BAL,BUF,0,0,0,0,0,0,0,0,0,0,0,0,0,0,0,0,0,0,0,0,0,0,0,0,0,0,0,0,0,0,0,0,0,0,0
00-0031381,Davante Adams,WR,WR,2025,1,REG,LA,HOU,0,0,0,0,0,0,0,0,0,0,0,0,0,0,0,4,8,51,0,0,0,0,0,0,0,0,0,0,0,0,0,0,0,5.1,9.1
00-0031408,Mike Evans,WR,WR,2025,1,REG,TB,ATL,0,0,0,0,0,0,0,0,0,0,0,0,0,0,0,5,8,51,0,0,0,0,0,0,0,0,0,0,0,0,0,0,0,5.1,10.1
00-0031411,DeMarcus Lawrence,LB,LB,2025,1,REG,SEA,SF,0,0,0,0,0,0,0,0,0,0,0,0,0,0,0,0,0,0,0,0,0,0,0,0,0,0,0,0,0,0,0,0,0,0,0
00-0031492,Jason Myers,K,SPEC,2025,1,REG,SEA,SF,0,0,0,0,0,0,0,0,0,0,0,0,0,0,0,0,0,0,0,0,0,0,0,0,2,2,0,0,0,1,1,0,0,0,0
00-0031550,Shaq Thompson,OLB,LB,2025,1,REG,BUF,BAL,0,0,0,0,0,0,0,0,0,0,0,0,0,0,0,0,0,0,0,0,0,0,0,0,0,0,0,0,0,0,0,0,0,0,0
00-0031551,Eddie Goldman,NT,DL,2025,1,REG,WAS,NYG,0,0,0,0,0,0,0,0,0,0,0,0,0,0,0,0,0,0,0,0,0,0,0,0,0,0,0,0,0,0,0,0,0,0,0
00-0031565,Danielle Hunter,DE,DL,2025,1,REG,HOU,LA,0,0,0,0,0,0,0,0,0,0,0,0,0,0,0,0,0,0,0,0,0,0,0,0,0,0,0,0,0,0,0,0,0,0,0
00-0031583,Grady Jarrett,DT,DL,2025,1,REG,CHI,MIN,0,0,0,0,0,0,0,0,0,0,0,0,0,0,0,0,0,0,0,0,0,0,0,0,0,0,0,0,0,0,0,0,0,0,0
00-0031588,Stefon Diggs,WR,WR,2025,1,REG,NE,LV,0,0,0,0,0,0,0,0,0,0,0,0,0,0,0,6,7,57,0,0,0,0,0,0,0,0,0,0,0,0,0,0,0,5.7,11.7
00-0031608,Quandre Diggs,S,DB,2025,1,REG,TEN,DEN,0,0,0,0,0,0,0,0,0,0,0,0,0,0,0,0,0,0,0,0,0,0,0,0,0,0,0,0,0,0,0,0,0,0,0
00-0031763,DeAndre Carter,WR,WR,2025,1,REG,CLE,CIN,0,0,0,0,0,0,0,0,0,0,0,0,0,0,0,0,0,0,0,0,0,0,0,0,0,0,0,0,0,0,0,0,0,0,0
00-0031898,Alex Singleton,LB,LB,2025,1,REG,DEN,TEN,0,0,0,0,0,0,0,0,0,0,0,0,0,0,0,0,0,0,0,0,0,0,0,0,0,0,0,0,0,0,0,0,0,0,0
00-0031933,Leonard Williams,DE,DL,2025,1,REG,SEA,SF,0,0,0,0,0,0,0,0,0,0,0,0,0,0,0,0,0,0,0,0,0,0,0,0,0,0,0,0,0,0,0,0,0,0,0
00-0031957,Rakeem Nunez-Roches,DT,DL,2025,1,REG,NYG,WAS,0,0,0,0,0,0,0,0,0,0,0,0,0,0,0,0,0,0,0,0,0,0,0,0,0,0,0,0,0,0,0,0,0,0,0
00-0032052,Dante Fowler Jr.,DE,DL,2025,1,REG,DAL,PHI,0,0,0,0,0,0,0,0,0,0,0,0,0,0,0,0,0,0,0,0,0,0,0,0,0,0,0,0,0,0,0,0,0,0,0
00-0032065,Bradley Pinion,P,SPEC,2025,1,REG,ATL,TB,0,0,0,0,0,0,0,0,0,0,0,0,0,0,0,0,0,0,0,0,0,0,0,0,0,0,0,0,0,0,0,0,0,0,0
00-0032146,Bud Dupree,OLB,LB,2025,1,REG,LAC,KC,0,0,0,0,0,0,0,0,0,0,0,0,0,0,0,0,0,0,0,0,0,0,0,0,0,0,0,0,0,0,0,0,0,0,0
00-0032164,Arik Armstead,DE,DL,2025,1,REG,JAX,CAR,0,0,0,0,0,0,0,0,0,0,0,0,0,0,0,0,0,0,0,0,0,0,0,0,0,0,0,0,0,0,0,0,0,0,0
00-0032211,Tyler Lockett,WR,WR,2025,1,REG,TEN,DEN,0,0,0,0,0,0,0,0,0,0,0,0,0,0,0,0,1,0,0,0,0,0,0,0,0,0,0,0,0,0,0,0,0,0,0
00-0032234,Laken Tomlinson,G,OL,2025,1,REG,HOU,LA,0,0,0,0,0,0,0,0,0,0,0,0,0,0,0,0,0,0,0,0,0,0,0,0,0,0,0,0,0,0,0,0,0,0,0
00-0032378,DeForest Buckner,DT,DL,2025,1,REG,IND,MIA,0,0,0,0,0,0,0,0,0,0,0,0,0,0,0,0,0,0,0,0,0,0,0,0,0,0,0,0,0,0,0,0,0,0,0
00-0032385,Sterling Shepard,WR,WR,2025,1,REG,TB,ATL,0,0,0,0,0,0,0,0,0,0,0,0,0,0,0,3,6,39,0,0,0,0,0,0,0,0,0,0,0,0,0,0,0,3.9,6.9
00-0032387,Jarran Reed,DT,DL,2025,1,REG,SEA,SF,0,0,0,0,0,0,0,0,0,0,0,0,0,0,0,0,0,0,0,0,0,0,0,0,0,0,0,0,0,0,0,0,0,0,0
00-0032388,Deion Jones,LB,LB,2025,1,REG,TB,ATL,0,0,0,0,0,0,0,0,0,0,0,0,0,0,0,0,0,0,0,0,0,0,0,0,0,0,0,0,0,0,0,0,0,0,0
00-0032392,Austin Hooper,TE,TE,2025,1,REG,NE,LV,0,0,0,0,0,0,0,0,0,0,0,0,0,0,0,1,1,10,0,0,0,0,0,0,0,0,0,0,0,0,0,0,0,1,2
00-0032398,Chris Moore,WR,WR,2025,1,REG,WAS,NYG,0,0,0,0,0,0,0,0,0,0,0,0,0,0,0,1,1,34,0,0,0,0,0,0,0,0,0,0,0,0,0,0,0,3.4,4.4
00-0032399,Miles Killebrew,SAF,DB,2025,1,REG,PIT,NYJ,0,0,0,0,0,0,0,0,0,0,0,0,0,0,0,0,0,0,0,0,0,0,0,0,0,0,0,0,0,0,0,0,0,0,0
00-0032415,Matthew Judon,OLB,LB,2025,1,REG,MIA,IND,0,0,0,0,0,0,0,0,0,0,0,0,0,0,0,0,0,0,0,0,0,0,0,0,0,0,0,0,0,0,0,0,0,0,0
00-0032442,Elandon Roberts,OLB,LB,2025,1,REG,LV,NE,0,0,0,0,0,0,0,0,0,0,0,0,0,0,0,0,0,0,0,0,0,0,0,0,0,0,0,0,0,0,0,0,0,0,0
00-0032464,Kalif Raymond,WR,WR,2025,1,REG,DET,GB,0,0,0,0,0,0,0,0,0,0,0,0,0,0,0,2,3,16,0,0,0,0,0,0,0,0,0,0,0,0,0,0,0,1.6,3.6
00-0032569,Wil Lutz,K,SPEC,2025,1,REG,DEN,TEN,0,0,0,0,0,0,0,0,0,0,0,0,0,0,0,0,0,0,0,0,0,0,0,0,2,2,0,0,0,2,2,0,0,0,0
00-0032580,Jonathan Jones,DB,DB,2025,1,REG,WAS,NYG,0,0,0,0,0,0,0,0,0,0,0,0,0,0,0,0,0,0,0,0,0,0,0,0,0,0,0,0,0,0,0,0,0,0,0
00-0032667,Roy Robertson-Harris,DE,DL,2025,1,REG,NYG,WAS,0,0,0,0,0,0,0,0,0,0,0,0,0,0,0,0,0,0,0,0,0,0,0,0,0,0,0,0,0,0,0,0,0,0,0
00-0032726,Ka'imi Fairbairn,K,SPEC,2025,1,REG,HOU,LA,0,0,0,0,0,0,0,0,0,0,0,0,0,0,0,0,0,0,0,0,0,0,0,0,3,3,0,0,0,0,0,0,0,0,0
00-0032759,Sheldon Rankins,DT,DL,2025,1,REG,HOU,LA,0,0,0,0,0,0,0,0,0,0,0,0,0,0,0,0,0,0,0,0,0,0,0,0,0,0,0,0,0,0,0,0,0,0,0
00-0032762,Chris Jones,DE,DL,2025,1,REG,KC,LAC,0,0,0,0,0,0,0,0,0,0,0,0,0,0,0,0,0,0,0,0,0,0,0,0,0,0,0,0,0,0,0,0,0,0,0
00-0032763,Austin Johnson,NT,DL,2025,1,REG,JAX,CAR,0,0,0,0,0,0,0,0,0,0,0,0,0,0,0,0,0,0,0,0,0,0,0,0,0,0,0,0,0,0,0,0,0,0,0
00-0032764,Derrick Henry,RB,RB,2025,1,REG,BAL,BUF,0,0,0,0,0,0,0,0,0,18,169,2,1,1,0,1,1,13,0,0,0,0,0,1,0,0,0,0,0,0,0,0,0,28.2,29.2
00-0032889,A'Shawn Robinson,DT,DL,2025,1,REG,CAR,JAX,0,0,0,0,0,0,0,0,0,0,0,0,0,0,0,0,0,0,0,0,0,0,0,0,0,0,0,0,0,0,0,0,0,0,0
00-0032943,Riley Dixon,P,SPEC,2025,1,REG,TB,ATL,0,0,0,0,0,0,0,0,0,0,0,0,0,0,0,0,0,0,0,0,0,0,0,0,0,0,0,0,0,0,0,0,0,0,0
00-0033038,Eric Murray,S,DB,2025,1,REG,JAX,CAR,0,0,0,0,0,0,0,0,0,0,0,0,0,0,0,0,0,0,0,0,0,0,0,0,0,0,0,0,0,0,0,0,0,0,0
00-0033040,Tyreek Hill,WR,WR,2025,1,REG,MIA,IND,0,0,0,0,0,0,0,0,0,0,0,0,0,0,0,4,6,40,0,0,0,0,0,0,0,0,0,0,0,0,0,0,0,4,8
00-0033046,Jihad Ward,LB,LB,2025,1,REG,TEN,DEN,0,0,0,0,0,0,0,0,0,0,0,0,0,0,0,0,0,0,0,0,0,0,0,0,0,0,0,0,0,0,0,0,0,0,0
00-0033050,Xavien Howard,CB,DB,2025,1,REG,IND,MIA,0,0,0,0,0,0,0,0,0,0,0,0,0,0,0,0,0,0,0,0,0,0,0,0,0,0,0,0,0,0,0,0,0,0,0
00-0033055,Jalen Ramsey,CB,DB,2025,1,REG,PIT,NYJ,0,0,0,0,0,0,0,0,0,0,0,0,0,0,0,0,0,0,0,0,0,0,0,0,0,0,0,0,0,0,0,0,0,0,0
00-0033073,Emmanuel Ogbah,DE,DL,2025,1,REG,JAX,CAR,0,0,0,0,0,0,0,0,0,0,0,0,0,0,0,0,0,0,0,0,0,0,0,0,0,0,0,0,0,0,0,0,0,0,0
00-0033077,Dak Prescott,QB,QB,2025,1,REG,DAL,PHI,21,34,188,0,0,0,0,0,0,1,3,0,0,0,0,0,0,0,0,0,0,0,0,0,0,0,0,0,0,0,0,0,0,7.82,7.82
00-0033090,Hunter Henry,TE,TE,2025,1,REG,NE,LV,0,0,0,0,0,0,0,0,0,0,0,0,0,0,0,4,8,66,0,0,0,0,0,0,0,0,0,0,0,0,0,0,0,6.6,10.6
00-0033106,Jared Goff,QB,QB,2025,1,REG,DET,GB,31,39,225,1,1,4,0,0,0,1,-1,0,0,0,0,0,0,0,0,0,0,0,0,0,0,0,0,0,0,0,0,0,0,10.9,10.9
00-0033109,Javon Hargrave,NT,DL,2025,1,REG,MIN,CHI,0,0,0,0,0,0,0,0,0,0,0,0,0,0,0,0,0,0,0,0,0,0,0,0,0,0,0,0,0,0,0,0,0,0,0
00-0033110,Tyler Higbee,TE,TE,2025,1,REG,LA,HOU,0,0,0,0,0,0,0,0,0,0,0,0,0,0,0,0,0,0,0,0,0,0,0,0,0,0,0,0,0,0,0,0,0,0,0
00-0033120,Kenny Clark,NT,DL,2025,1,REG,DAL,PHI,0,0,0,0,0,0,0,0,0,0,0,0,0,0,0,0,0,0,0,0,0,0,0,0,0,0,0,0,0,0,0,0,0,0,0
00-0033132,Kevin Byard,FS,DB,2025,1,REG,CHI,MIN,0,0,0,0,0,0,0,0,0,0,0,0,0,0,0,0,0,0,0,0,0,0,0,0,0,0,0,0,0,0,0,0,0,0,0
00-0033156,Joey Bosa,DE,DL,2025,1,REG,BUF,BAL,0,0,0,0,0,0,0,0,0,0,0,0,0,0,0,0,0,0,0,0,0,0,0,0,0,0,0,0,0,0,0,0,0,0,0
00-0033217,Mo Alie-Cox,TE,TE,2025,1,REG,IND,MIA,0,0,0,0,0,0,0,0,0,0,0,0,0,0,0,1,1,20,0,0,0,0,0,0,0,0,0,0,0,0,0,0,0,2,3
00-0033246,Johnny Mundt,TE,TE,2025,1,REG,JAX,CAR,0,0,0,0,0,0,0,0,0,0,0,0,0,0,0,0,1,0,0,0,0,0,0,0,0,0,0,0,0,0,0,0,0,0,0
00-0033280,Christian McCaffrey,RB,RB,2025,1,REG,SF,SEA,0,0,0,0,0,0,0,0,0,22,69,0,0,0,0,9,10,73,0,0,0,0,0,0,0,0,0,0,0,0,0,0,0,14.2,23.2
00-0033281,Marlon Humphrey,CB,DB,2025,1,REG,BAL,BUF,0,0,0,0,0,0,0,0,0,0,0,0,0,0,0,0,0,0,0,0,0,0,0,0,0,0,0,0,0,0,0,0,0,0,0
00-0033288,George Kittle,TE,TE,2025,1,REG,SF,SEA,0,0,0,0,0,0,0,0,0,0,0,0,0,0,0,4,4,25,1,0,0,0,0,0,0,0,0,0,0,0,0,0,0,8.5,12.5
00-0033290,Jermaine Eluemunor,G,OL,2025,1,REG,NYG,WAS,0,0,0,0,0,0,0,0,0,0,0,0,0,0,0,0,0,0,0,0,0,0,0,0,0,0,0,0,0,0,0,0,0,0,0
00-0033293,Aaron Jones,RB,RB,2025,1,REG,MIN,CHI,0,0,0,0,0,0,0,0,0,8,23,0,0,0,0,3,3,44,1,0,0,0,0,0,0,0,0,0,0,0,0,0,0,12.7,15.7
00-0033294,Chuck Clark,SAF,DB,2025,1,REG,PIT,NYJ,0,0,0,0,0,0,0,0,0,0,0,0,0,0,0,0,0,0,0,0,0,0,0,0,0,0,0,0,0,0,0,0,0,0,0
00-0033297,D.J. Jones,DT,DL,2025,1,REG,DEN,TEN,0,0,0,0,0,0,0,0,0,0,0,0,0,0,0,0,0,0,0,0,0,0,0,0,0,0,0,0,0,0,0,0,0,0,0
00-0033303,Harrison Butker,K,SPEC,2025,1,REG,KC,LAC,0,0,0,0,0,0,0,0,0,0,0,0,0,0,0,0,0,0,0,0,0,0,0,0,3,3,0,0,0,0,1,1,0,0,0
00-0033336,Eric Wilson,LB,LB,2025,1,REG,MIN,CHI,0,0,0,0,0,0,0,0,0,0,0,0,0,0,0,0,0,0,0,0,0,0,0,0,0,0,0,0,0,0,0,0,0,0,0
00-0033381,Adam Butler,DT,DL,2025,1,REG,LV,NE,0,0,0,0,0,0,0,0,0,0,0,0,0,0,0,0,0,0,0,0,0,0,0,0,0,0,0,0,0,0,0,0,0,0,0
00-0033393,Kenny Moore II,CB,DB,2025,1,REG,IND,MIA,0,0,0,0,0,0,0,0,0,0,0,0,0,0,0,0,0,0,0,0,0,0,0,0,0,0,0,0,0,0,0,0,0,0,0
00-0033523,Jonathan Allen,DE,DL,2025,1,REG,MIN,CHI,0,0,0,0,0,0,0,0,0,0,0,0,0,0,0,0,0,0,0,0,0,0,0,0,0,0,0,0,0,0,0,0,0,0,0
00-0033526,Samaje Perine,RB,RB,2025,1,REG,CIN,CLE,0,0,0,0,0,0,0,0,0,0,0,0,0,0,0,2,2,6,0,0,0,0,0,0,0,0,0,0,0,0,0,0,0,0.6,2.6
00-0033547,Zach Cunningham,ILB,LB,2025,1,REG,DET,GB,0,0,0,0,0,0,0,0,0,0,0,0,0,0,0,0,0,0,0,0,0,0,0,0,0,0,0,0,0,0,0,0,0,0,0
00-0033548,Chidobe Awuzie,CB,DB,2025,1,REG,BAL,BUF,0,0,0,0,0,0,0,0,0,0,0,0,0,0,0,0,0,0,0,0,0,0,0,0,0,0,0,0,0,0,0,0,0,0,0
00-0033551,Rasul Douglas,CB,DB,2025,1,REG,MIA,IND,0,0,0,0,0,0,0,0,0,0,0,0,0,0,0,0,0,0,0,0,0,0,0,0,0,0,0,0,0,0,0,0,0,0,0
00-0033553,James Conner,RB,RB,2025,1,REG,ARI,NO,0,0,0,0,0,0,0,0,0,12,39,0,0,0,0,4,4,5,1,0,0,0,0,0,0,0,0,0,0,0,0,0,0,10.4,14.4
00-0033555,Mack Hollins,WR,WR,2025,1,REG,NE,LV,0,0,0,0,0,0,0,0,0,0,0,0,0,0,0,1,2,3,0,0,0,0,0,0,0,0,0,0,0,0,0,0,0,0.3,1.3
00-0033571,Matt Milano,OLB,LB,2025,1,REG,BUF,BAL,0,0,0,0,0,0,0,0,0,0,0,0,0,0,0,0,0,0,0,0,0,0,0,0,0,0,0,0,0,0,0,0,0,0,0
00-0033572,Jamal Agnew,WR,WR,2025,1,REG,ATL,TB,0,0,0,0,0,0,0,0,0,0,0,0,0,0,0,0,0,0,0,0,0,0,0,0,0,0,0,0,0,0,0,0,0,0,0
00-0033576,Eric Saubert,TE,TE,2025,1,REG,SEA,SF,0,0,0,0,0,0,0,0,0,0,0,0,0,0,0,0,0,0,0,0,0,0,0,0,0,0,0,0,0,0,0,0,0,0,0
00-0033579,Xavier Woods,FS,DB,2025,1,REG,TEN,DEN,0,0,0,0,0,0,0,0,0,0,0,0,0,0,0,0,0,0,0,0,0,0,0,0,0,0,0,0,0,0,0,0,0,0,0
00-0033589,David Moore,WR,WR,2025,1,REG,CAR,JAX,0,0,0,0,0,0,0,0,0,0,0,0,0,0,0,0,0,0,0,0,0,0,0,0,0,0,0,0,0,0,0,0,0,0,0
00-0033591,Noah Brown,WR,WR,2025,1,REG,WAS,NYG,0,0,0,0,0,0,0,0,0,0,0,0,0,0,0,2,3,27,0,0,0,0,0,0,0,0,0,0,0,0,0,0,0,2.7,4.7
00-0033676,Elijah Wilkinson,OT,OL,2025,1,REG,ATL,TB,0,0,0,0,0,0,0,0,0,0,0,0,0,0,0,0,0,0,0,0,0,0,0,0,0,0,0,0,0,0,0,0,0,0,0
00-0033699,Austin Ekeler,RB,RB,2025,1,REG,WAS,NYG,0,0,0,0,0,0,0,0,0,6,26,0,0,0,0,3,3,31,0,0,0,0,0,0,0,0,0,0,0,0,0,0,0,5.7,8.7
00-0033702,Younghoe Koo,K,SPEC,2025,1,REG,ATL,TB,0,0,0,0,0,0,0,0,0,0,0,0,0,0,0,0,0,0,0,0,0,0,0,0,2,3,1,0,0,2,2,0,0,0,0
00-0033783,Ahkello Witherspoon,CB,DB,2025,1,REG,LA,HOU,0,0,0,0,0,0,0,0,0,0,0,0,0,0,0,0,0,0,0,0,0,0,0,0,0,0,0,0,0,0,0,0,0,0,0
00-0033787,Jake Elliott,K,SPEC,2025,1,REG,PHI,DAL,0,0,0,0,0,0,0,0,0,0,0,0,0,0,0,0,0,0,0,0,0,0,0,0,1,1,0,0,0,3,3,0,0,0,0
00-0033854,Dare Ogunbowale,RB,RB,2025,1,REG,HOU,LA,0,0,0,0,0,0,0,0,0,2,9,0,0,0,0,2,2,17,0,1,1,0,0,1,0,0,0,0,0,0,0,0,0,0.6,2.6
00-0033857,JuJu Smith-Schuster,WR,WR,2025,1,REG,KC,LAC,0,0,0,0,0,0,0,0,0,0,0,0,0,0,0,5,5,55,0,0,0,0,0,0,0,0,0,0,0,0,0,0,0,5.5,10.5
00-0033858,Jonnu Smith,TE,TE,2025,1,REG,PIT,NYJ,0,0,0,0,0,0,0,0,0,0,0,0,0,0,0,5,6,15,1,0,0,0,0,0,0,0,0,0,0,0,0,0,0,7.5,12.5
00-0033860,Davon Godchaux,DT,DL,2025,1,REG,NO,ARI,0,0,0,0,0,0,0,0,0,0,0,0,0,0,0,0,0,0,0,0,0,0,0,0,0,0,0,0,0,0,0,0,0,0,0
00-0033868,Myles Garrett,DE,DL,2025,1,REG,CLE,CIN,0,0,0,0,0,0,0,0,0,0,0,0,0,0,0,0,0,0,0,0,0,0,0,0,0,0,0,0,0,0,0,0,0,0,0
00-0033870,Solomon Thomas,DE,DL,2025,1,REG,DAL,PHI,0,0,0,0,0,0,0,0,0,0,0,0,0,0,0,0,0,0,0,0,0,0,0,0,0,0,0,0,0,0,0,0,0,0,0
00-0033872,Jamal Adams,LB,LB,2025,1,REG,LV,NE,0,0,0,0,0,0,0,0,0,0,0,0,0,0,0,0,0,0,0,0,0,0,0,0,0,0,0,0,0,0,0,0,0,0,0
00-0033873,Patrick Mahomes,QB,QB,2025,1,REG,KC,LAC,24,39,258,1,0,2,0,0,0,6,57,1,0,0,0,0,0,0,0,0,0,0,0,0,0,0,0,0,0,0,0,0,0,26.02,26.02
00-0033874,Marshon Lattimore,CB,DB,2025,1,REG,WAS,NYG,0,0,0,0,0,0,0,0,0,0,0,0,0,0,0,0,0,0,0,0,0,0,0,0,0,0,0,0,0,0,0,0,0,0,0
00-0033875,Haason Reddick,OLB,LB,2025,1,REG,TB,ATL,0,0,0,0,0,0,0,0,0,0,0,0,0,0,0,0,0,0,0,0,0,0,0,0,0,0,0,0,0,0,0,0,0,0,0
00-0033876,Derek Barnett,DE,DL,2025,1,REG,HOU,LA,0,0,0,0,0,0,0,0,0,0,0,0,0,0,0,0,0,0,0,0,0,0,0,0,0,0,0,0,0,0,0,0,0,0,0
00-0033877,Malik Hooker,FS,DB,2025,1,REG,DAL,PHI,0,0,0,0,0,0,0,0,0,0,0,0,0,0,0,0,0,0,0,0,0,0,0,0,0,0,0,0,0,0,0,0,0,0,0
00-0033878,Adoree' Jackson,CB,DB,2025,1,REG,PHI,DAL,0,0,0,0,0,0,0,0,0,0,0,0,0,0,0,0,0,0,0,0,0,0,0,0,0,0,0,0,0,0,0,0,0,0,0
00-0033881,Evan Engram,TE,TE,2025,1,REG,DEN,TEN,0,0,0,0,0,0,0,0,0,0,0,0,0,0,0,3,4,21,0,0,0,0,0,0,0,0,0,0,0,0,0,0,0,2.1,5.1
00-0033885,David Njoku,TE,TE,2025,1,REG,CLE,CIN,0,0,0,0,0,0,0,0,0,0,0,0,0,0,0,3,6,37,0,0,0,0,0,0,0,0,0,0,0,0,0,0,0,3.7,6.7
00-0033886,T.J. Watt,OLB,LB,2025,1,REG,PIT,NYJ,0,0,0,0,0,0,0,0,0,0,0,0,0,0,0,0,0,0,0,0,0,0,0,0,0,0,0,0,0,0,0,0,0,0,0
00-0033889,Cam Robinson,OT,OL,2025,1,REG,HOU,LA,0,0,0,0,0,0,0,0,0,0,0,0,0,0,0,0,0,0,0,0,0,0,0,0,0,0,0,0,0,0,0,0,0,0,0
00-0033890,Budda Baker,S,DB,2025,1,REG,ARI,NO,0,0,0,0,0,0,0,0,0,0,0,0,0,0,0,0,0,0,0,0,0,0,0,0,0,0,0,0,0,0,0,0,0,0,0
00-0033891,Zay Jones,WR,WR,2025,1,REG,ARI,NO,0,0,0,0,0,0,0,0,0,0,0,0,0,0,0,1,1,4,0,0,0,0,0,0,0,0,0,0,0,0,0,0,0,0.4,1.4
00-0033902,Tanoh Kpassagnon,DE,DL,2025,1,REG,CHI,MIN,0,0,0,0,0,0,0,0,0,0,0,0,0,0,0,0,0,0,0,0,0,0,0,0,0,0,0,0,0,0,0,0,0,0,0
00-0033904,Dion Dawkins,OT,OL,2025,1,REG,BUF,BAL,0,0,0,0,0,0,0,0,0,0,0,0,0,0,0,0,0,0,0,0,0,0,0,0,0,0,0,0,0,0,0,0,0,0,0
00-0033906,Alvin Kamara,RB,RB,2025,1,REG,NO,ARI,0,0,0,0,0,0,0,0,0,11,45,1,0,0,0,2,2,12,0,0,0,0,0,0,0,0,0,0,0,0,0,0,0,11.7,13.7
00-0033907,Dawuane Smoot,DE,DL,2025,1,REG,JAX,CAR,0,0,0,0,0,0,0,0,0,0,0,0,0,0,0,0,0,0,0,0,0,0,0,0,0,0,0,0,0,0,0,0,0,0,0
00-0033908,Cooper Kupp,WR,WR,2025,1,REG,SEA,SF,0,0,0,0,0,0,0,0,0,0,0,0,0,0,0,2,3,15,0,0,0,0,0,0,0,0,0,0,0,0,0,0,0,1.5,3.5
00-0033914,Alex Anzalone,MLB,LB,2025,1,REG,DET,GB,0,0,0,0,0,0,0,0,0,0,0,0,0,0,0,0,0,0,0,0,0,0,0,0,0,0,0,0,0,0,0,0,0,0,0
00-0033923,Kareem Hunt,RB,RB,2025,1,REG,KC,LAC,0,0,0,0,0,0,0,0,0,5,16,0,0,0,0,2,3,10,0,0,0,0,0,0,0,0,0,0,0,0,0,0,0,2.6,4.6
00-0033928,Jourdan Lewis,CB,DB,2025,1,REG,JAX,CAR,0,0,0,0,0,0,0,0,0,0,0,0,0,0,0,0,0,0,0,0,0,0,0,0,0,0,0,0,0,0,0,0,0,0,0
00-0033935,Trey Hendrickson,LB,LB,2025,1,REG,CIN,CLE,0,0,0,0,0,0,0,0,0,0,0,0,0,0,0,0,0,0,0,0,0,0,0,0,0,0,0,0,0,0,0,0,0,0,0
00-0033943,Josh Reynolds,WR,WR,2025,1,REG,NYJ,PIT,0,0,0,0,0,0,0,0,0,0,0,0,0,0,0,2,3,18,0,0,0,0,0,0,0,0,0,0,0,0,0,0,0,1.8,3.8
00-0033945,Samson Ebukam,DE,DL,2025,1,REG,IND,MIA,0,0,0,0,0,0,0,0,0,0,0,0,0,0,0,0,0,0,0,0,0,0,0,0,0,0,0,0,0,0,0,0,0,0,0
00-0033947,Deatrich Wise,DE,DL,2025,1,REG,WAS,NYG,0,0,0,0,0,0,0,0,0,0,0,0,0,0,0,0,0,0,0,0,0,0,0,0,0,0,0,0,0,0,0,0,0,0,0
00-0033952,Grover Stewart,DT,DL,2025,1,REG,IND,MIA,0,0,0,0,0,0,0,0,0,0,0,0,0,0,0,0,0,0,0,0,0,0,0,0,0,0,0,0,0,0,0,0,0,0,0
00-0033955,Jeremy McNichols,RB,RB,2025,1,REG,WAS,NYG,0,0,0,0,0,0,0,0,0,4,25,0,0,0,0,0,0,0,0,0,0,0,0,0,0,0,0,0,0,0,0,0,0,2.5,2.5
00-0033964,Al-Quadin Muhammad,LB,LB,2025,1,REG,DET,GB,0,0,0,0,0,0,0,0,0,0,0,0,0,0,0,0,0,0,0,0,0,0,0,0,0,0,0,0,0,0,0,0,0,0,0
00-0034067,Scott Daly,LS,SPEC,2025,1,REG,CHI,MIN,0,0,0,0,0,0,0,0,0,0,0,0,0,0,0,0,0,0,0,0,0,0,0,0,0,0,0,0,0,0,0,0,0,0,0
00-0034159,Will Dissly,TE,TE,2025,1,REG,LAC,KC,0,0,0,0,0,0,0,0,0,0,0,0,0,0,0,1,1,18,0,0,0,0,0,0,0,0,0,0,0,0,0,0,0,1.8,2.8
00-0034160,Michael Dickson,P,SPEC,2025,1,REG,SEA,SF,0,0,0,0,0,0,0,0,0,0,0,0,0,0,0,0,0,0,0,0,0,0,0,0,0,0,0,0,0,0,0,0,0,0,0
00-0034161,Daniel Carlson,K,SPEC,2025,1,REG,LV,NE,0,0,0,0,0,0,0,0,0,0,0,0,0,0,0,0,0,0,0,0,0,0,0,0,2,3,1,0,0,2,2,0,0,0,0
00-0034162,J.K. Scott,P,SPEC,2025,1,REG,LAC,KC,0,0,0,0,0,0,0,0,0,0,0,0,0,0,0,0,0,0,0,0,0,0,0,0,0,0,0,0,0,0,0,0,0,0,0
00-0034163,Jacob Martin,DE,DL,2025,1,REG,WAS,NYG,0,0,0,0,0,0,0,0,0,0,0,0,0,0,0,0,0,0,0,0,0,0,0,0,0,0,0,0,0,0,0,0,0,0,0
00-0034234,Poona Ford,DT,DL,2025,1,REG,LA,HOU,0,0,0,0,0,0,0,0,0,0,0,0,0,0,0,0,0,0,0,0,0,0,0,0,0,0,0,0,0,0,0,0,0,0,0
00-0034251,Daniel Ekuale,DT,DL,2025,1,REG,PIT,NYJ,0,0,0,0,0,0,0,0,0,0,0,0,0,0,0,0,0,0,0,0,0,0,0,0,0,0,0,0,0,0,0,0,0,0,0
00-0034261,Austin Corbett,G,OL,2025,1,REG,CAR,JAX,0,0,0,0,0,0,0,0,0,0,0,0,0,0,0,0,0,0,0,0,0,0,0,0,0,0,0,0,0,0,0,0,0,0,0
00-0034270,Tyler Conklin,TE,TE,2025,1,REG,LAC,KC,0,0,0,0,0,0,0,0,0,1,2,0,0,0,0,2,2,50,0,1,0,0,0,0,0,0,0,0,0,0,0,0,0,5.2,7.2
00-0034275,Foley Fatukasi,DT,DL,2025,1,REG,HOU,LA,0,0,0,0,0,0,0,0,0,0,0,0,0,0,0,0,0,0,0,0,0,0,0,0,0,0,0,0,0,0,0,0,0,0,0
00-0034277,DeShon Elliott,SAF,DB,2025,1,REG,PIT,NYJ,0,0,0,0,0,0,0,0,0,0,0,0,0,0,0,0,0,0,0,0,0,0,0,0,0,0,0,0,0,0,0,0,0,0,0
00-0034278,Tremon Smith,CB,DB,2025,1,REG,HOU,LA,0,0,0,0,0,0,0,0,0,0,0,0,0,0,0,0,0,0,0,0,0,0,0,0,0,0,0,0,0,0,0,0,0,0,0
00-0034285,Zach Sieler,DE,DL,2025,1,REG,MIA,IND,0,0,0,0,0,0,0,0,0,0,0,0,0,0,0,0,0,0,0,0,0,0,0,0,0,0,0,0,0,0,0,0,0,0,0
00-0034302,Frankie Luvu,LB,LB,2025,1,REG,WAS,NYG,0,0,0,0,0,0,0,0,0,0,0,0,0,0,0,0,0,0,0,0,0,0,0,0,0,0,0,0,0,0,0,0,0,0,0
00-0034333,Daron Payne,NT,DL,2025,1,REG,WAS,NYG,0,0,0,0,0,0,0,0,0,0,0,0,0,0,0,0,0,0,0,0,0,0,0,0,0,0,0,0,0,0,0,0,0,0,0
00-0034344,Marcus Davenport,DE,DL,2025,1,REG,DET,GB,0,0,0,0,0,0,0,0,0,0,0,0,0,0,0,0,0,0,0,0,0,0,0,0,0,0,0,0,0,0,0,0,0,0,0
00-0034348,Courtland Sutton,WR,WR,2025,1,REG,DEN,TEN,0,0,0,0,0,0,0,0,0,0,0,0,0,0,0,6,9,61,1,0,0,0,0,0,0,0,0,0,0,0,0,0,0,12.1,18.1
00-0034351,Dallas Goedert,TE,TE,2025,1,REG,PHI,DAL,0,0,0,0,0,0,0,0,0,0,0,0,0,0,0,7,7,44,0,0,0,0,0,0,0,0,0,0,0,0,0,0,0,4.4,11.4
00-0034356,Donte Jackson,CB,DB,2025,1,REG,LAC,KC,0,0,0,0,0,0,0,0,0,0,0,0,0,0,0,0,0,0,0,0,0,0,0,0,0,0,0,0,0,0,0,0,0,0,0
00-0034359,Tyquan Lewis,DE,DL,2025,1,REG,IND,MIA,0,0,0,0,0,0,0,0,0,0,0,0,0,0,0,0,0,0,0,0,0,0,0,0,0,0,0,0,0,0,0,0,0,0,0
00-0034361,Justin Reid,S,DB,2025,1,REG,NO,ARI,0,0,0,0,0,0,0,0,0,0,0,0,0,0,0,0,0,0,0,0,0,0,0,0,0,0,0,0,0,0,0,0,0,0,0
00-0034371,Da'Shawn Hand,DE,DL,2025,1,REG,LAC,KC,0,0,0,0,0,0,0,0,0,0,0,0,0,0,0,0,0,0,0,0,0,0,0,0,0,0,0,0,0,0,0,0,0,0,0
00-0034373,Dorance Armstrong,DE,DL,2025,1,REG,WAS,NYG,0,0,0,0,0,0,0,0,0,0,0,0,0,0,0,0,0,0,0,0,0,0,0,0,0,0,0,0,0,0,0,0,0,0,0
00-0034376,Taron Johnson,CB,DB,2025,1,REG,BUF,BAL,0,0,0,0,0,0,0,0,0,0,0,0,0,0,0,0,0,0,0,0,0,0,0,0,0,0,0,0,0,0,0,0,0,0,0
00-0034377,Avonte Maddox,FS,DB,2025,1,REG,DET,GB,0,0,0,0,0,0,0,0,0,0,0,0,0,0,0,0,0,0,0,0,0,0,0,0,0,0,0,0,0,0,0,0,0,0,0
00-0034381,Josh Sweat,LB,LB,2025,1,REG,ARI,NO,0,0,0,0,0,0,0,0,0,0,0,0,0,0,0,0,0,0,0,0,0,0,0,0,0,0,0,0,0,0,0,0,0,0,0
00-0034383,Dalton Schultz,TE,TE,2025,1,REG,HOU,LA,0,0,0,0,0,0,0,0,0,0,0,0,0,0,0,3,5,28,0,0,0,0,0,0,0,0,0,0,0,0,0,0,0,2.8,5.8
00-0034384,D.J. Reed,CB,DB,2025,1,REG,DET,GB,0,0,0,0,0,0,0,0,0,0,0,0,0,0,0,0,0,0,0,0,0,0,0,0,0,0,0,0,0,0,0,0,0,0,0
00-0034386,Justin Watson,WR,WR,2025,1,REG,HOU,LA,0,0,0,0,0,0,0,0,0,0,0,0,0,0,0,2,2,27,0,0,0,0,0,0,0,0,0,0,0,0,0,0,0,2.7,4.7
00-0034391,Siran Neal,DB,DB,2025,1,REG,SF,SEA,0,0,0,0,0,0,0,0,0,0,0,0,0,0,0,0,0,0,0,0,0,0,0,0,0,0,0,0,0,0,0,0,0,0,0
00-0034397,Tim Settle,DT,DL,2025,1,REG,HOU,LA,0,0,0,0,0,0,0,0,0,0,0,0,0,0,0,0,0,0,0,0,0,0,0,0,0,0,0,0,0,0,0,0,0,0,0
00-0034407,Ray-Ray McCloud,WR,WR,2025,1,REG,ATL,TB,0,0,0,0,0,0,0,0,0,0,0,0,0,0,0,3,5,51,0,0,0,0,0,0,0,0,0,0,0,0,0,0,0,5.1,8.1
00-0034413,Foye Oluokun,LB,LB,2025,1,REG,JAX,CAR,0,0,0,0,0,0,0,0,0,0,0,0,0,0,0,0,0,0,0,0,0,0,0,0,0,0,0,0,0,0,0,0,0,0,0
00-0034431,Zaire Franklin,OLB,LB,2025,1,REG,IND,MIA,0,0,0,0,0,0,0,0,0,0,0,0,0,0,0,0,0,0,0,0,0,0,0,0,0,0,0,0,0,0,0,0,0,0,0
00-0034437,Logan Cooke,P,SPEC,2025,1,REG,JAX,CAR,0,0,0,0,0,0,0,0,0,0,0,0,0,0,0,0,0,0,0,0,0,0,0,0,0,0,0,0,0,0,0,0,0,0,0
00-0034465,Jeremy Reaves,DB,DB,2025,1,REG,WAS,NYG,0,0,0,0,0,0,0,0,0,0,0,0,0,0,0,0,0,0,0,0,0,0,0,0,0,0,0,0,0,0,0,0,0,0,0
00-0034473,Dennis Gardeck,LB,LB,2025,1,REG,JAX,CAR,0,0,0,0,0,0,0,0,0,0,0,0,0,0,0,0,0,0,0,0,0,0,0,0,0,0,0,0,0,0,0,0,0,0,0
00-0034485,Jonathan Owens,SAF,DB,2025,1,REG,CHI,MIN,0,0,0,0,0,0,0,0,0,0,0,0,0,0,0,0,0,0,0,0,0,0,0,0,0,0,0,0,0,0,0,0,0,0,0
00-0034487,Trent Sherfield,WR,WR,2025,1,REG,DEN,TEN,0,0,0,0,0,0,0,0,0,0,0,0,0,0,0,1,1,3,0,0,0,0,0,0,0,0,0,0,0,0,0,0,0,0.3,1.3
00-0034488,Tavierre Thomas,SAF,DB,2025,1,REG,MIN,CHI,0,0,0,0,0,0,0,0,0,0,0,0,0,0,0,0,0,0,0,0,0,0,0,0,0,0,0,0,0,0,0,0,0,0,0
00-0034495,Evan Brown,C,OL,2025,1,REG,ARI,NO,0,0,0,0,0,0,0,0,0,0,0,0,0,0,0,0,0,0,0,0,0,0,0,0,0,0,0,0,0,0,0,0,0,0,0
00-0034573,Charvarius Ward,CB,DB,2025,1,REG,IND,MIA,0,0,0,0,0,0,0,0,0,0,0,0,0,0,0,0,0,0,0,0,0,0,0,0,0,0,0,0,0,0,0,0,0,0,0
00-0034673,Tremaine Edmunds,MLB,LB,2025,1,REG,CHI,MIN,0,0,0,0,0,0,0,0,0,0,0,0,0,0,0,0,0,0,0,0,0,0,0,0,0,0,0,0,0,0,0,0,0,0,0
00-0034675,Jessie Bates,FS,DB,2025,1,REG,ATL,TB,0,0,0,0,0,0,0,0,0,0,0,0,0,0,0,0,0,0,0,0,0,0,0,0,0,0,0,0,0,0,0,0,0,0,0
00-0034720,Robert Spillane,LB,LB,2025,1,REG,NE,LV,0,0,0,0,0,0,0,0,0,0,0,0,0,0,0,0,0,0,0,0,0,0,0,0,0,0,0,0,0,0,0,0,0,0,0
00-0034721,Corey Bojorquez,P,SPEC,2025,1,REG,CLE,CIN,0,0,0,0,0,0,0,0,0,0,0,0,0,0,0,0,0,0,0,0,0,0,0,0,0,0,0,0,0,0,0,0,0,0,0
00-0034728,Jaire Alexander,CB,DB,2025,1,REG,BAL,BUF,0,0,0,0,0,0,0,0,0,0,0,0,0,0,0,0,0,0,0,0,0,0,0,0,0,0,0,0,0,0,0,0,0,0,0
00-0034753,Mark Andrews,TE,TE,2025,1,REG,BAL,BUF,0,0,0,0,0,0,0,0,0,0,0,0,0,0,0,1,1,5,0,0,0,0,0,0,0,0,0,0,0,0,0,0,0,0.5,1.5
00-0034754,Oren Burks,ILB,LB,2025,1,REG,CIN,CLE,0,0,0,0,0,0,0,0,0,0,0,0,0,0,0,0,0,0,0,0,0,0,0,0,0,0,0,0,0,0,0,0,0,0,0
00-0034760,Nathan Shepherd,DE,DL,2025,1,REG,NO,ARI,0,0,0,0,0,0,0,0,0,0,0,0,0,0,0,0,0,0,0,0,0,0,0,0,0,0,0,0,0,0,0,0,0,0,0
00-0034773,Vita Vea,DT,DL,2025,1,REG,TB,ATL,0,0,0,0,0,0,0,0,0,0,0,0,0,0,0,0,0,0,0,0,0,0,0,0,0,0,0,0,0,0,0,0,0,0,0
00-0034778,Carlton Davis III,CB,DB,2025,1,REG,NE,LV,0,0,0,0,0,0,0,0,0,0,0,0,0,0,0,0,0,0,0,0,0,0,0,0,0,0,0,0,0,0,0,0,0,0,0
00-0034780,Isaac Yiadom,CB,DB,2025,1,REG,NO,ARI,0,0,0,0,0,0,0,0,0,0,0,0,0,0,0,0,0,0,0,0,0,0,0,0,0,0,0,0,0,0,0,0,0,0,0
00-0034782,Harrison Phillips,DT,DL,2025,1,REG,NYJ,PIT,0,0,0,0,0,0,0,0,0,0,0,0,0,0,0,0,0,0,0,0,0,0,0,0,0,0,0,0,0,0,0,0,0,0,0
00-0034789,Minkah Fitzpatrick,FS,DB,2025,1,REG,MIA,IND,0,0,0,0,0,0,0,0,0,0,0,0,0,0,0,0,0,0,0,0,0,0,0,0,0,0,0,0,0,0,0,0,0,0,0
00-0034790,Derwin James,FS,DB,2025,1,REG,LAC,KC,0,0,0,0,0,0,0,0,0,0,0,0,0,0,0,0,0,0,0,0,0,0,0,0,0,0,0,0,0,0,0,0,0,0,0
00-0034791,Nick Chubb,RB,RB,2025,1,REG,HOU,LA,0,0,0,0,0,0,0,0,0,13,60,0,0,0,0,0,1,0,0,0,0,0,0,0,0,0,0,0,0,0,0,0,0,6,6
00-0034796,Lamar Jackson,QB,QB,2025,1,REG,BAL,BUF,14,19,209,2,0,2,0,0,0,6,70,1,0,0,0,0,0,0,0,0,0,0,0,0,0,0,0,0,0,0,0,0,0,29.36,29.36
00-0034797,Jerome Baker,OLB,LB,2025,1,REG,CLE,CIN,0,0,0,0,0,0,0,0,0,0,0,0,0,0,0,0,0,0,0,0,0,0,0,0,0,0,0,0,0,0,0,0,0,0,0
00-0034800,B.J. Hill,DE,DL,2025,1,REG,CIN,CLE,0,0,0,0,0,0,0,0,0,0,0,0,0,0,0,0,0,0,0,0,0,0,0,0,0,0,0,0,0,0,0,0,0,0,0
00-0034805,John Franklin-Myers,DE,DL,2025,1,REG,DEN,TEN,0,0,0,0,0,0,0,0,0,0,0,0,0,0,0,0,0,0,0,0,0,0,0,0,0,0,0,0,0,0,0,0,0,0,0
00-0034810,Sebastian Joseph-Day,DT,DL,2025,1,REG,TEN,DEN,0,0,0,0,0,0,0,0,0,0,0,0,0,0,0,0,0,0,0,0,0,0,0,0,0,0,0,0,0,0,0,0,0,0,0
00-0034815,Fred Warner,MLB,LB,2025,1,REG,SF,SEA,0,0,0,0,0,0,0,0,0,0,0,0,0,0,0,0,0,0,0,0,0,0,0,0,0,0,0,0,0,0,0,0,0,0,0
00-0034818,Derrick Nnadi,NT,DL,2025,1,REG,KC,LAC,0,0,0,0,0,0,0,0,0,0,0,0,0,0,0,0,0,0,0,0,0,0,0,0,0,0,0,0,0,0,0,0,0,0,0
00-0034825,Arden Key,DE,DL,2025,1,REG,TEN,DEN,0,0,0,0,0,0,0,0,0,0,0,0,0,0,0,0,0,0,0,0,0,0,0,0,0,0,0,0,0,0,0,0,0,0,0
00-0034827,DJ Moore,WR,WR,2025,1,REG,CHI,MIN,0,0,0,0,0,0,0,0,0,3,8,0,0,0,0,3,5,68,0,0,0,0,0,1,0,0,0,0,0,0,0,0,0,7.6,10.6
00-0034828,Harold Landry III,LB,LB,2025,1,REG,NE,LV,0,0,0,0,0,0,0,0,0,0,0,0,0,0,0,0,0,0,0,0,0,0,0,0,0,0,0,0,0,0,0,0,0,0,0
00-0034829,Mike Gesicki,TE,TE,2025,1,REG,CIN,CLE,0,0,0,0,0,0,0,0,0,0,0,0,0,0,0,1,3,14,0,0,0,0,0,0,0,0,0,0,0,0,0,0,0,1.4,2.4
00-0034832,Bradley Chubb,OLB,LB,2025,1,REG,MIA,IND,0,0,0,0,0,0,0,0,0,0,0,0,0,0,0,0,0,0,0,0,0,0,0,0,0,0,0,0,0,0,0,0,0,0,0
00-0034837,Calvin Ridley,WR,WR,2025,1,REG,TEN,DEN,0,0,0,0,0,0,0,0,0,0,0,0,0,0,0,4,8,27,0,0,0,0,0,0,0,0,0,0,0,0,0,0,0,2.7,6.7
00-0034843,Mike Hughes,CB,DB,2025,1,REG,ATL,TB,0,0,0,0,0,0,0,0,0,0,0,0,0,0,0,0,0,0,0,0,0,0,0,0,0,0,0,0,0,0,0,0,0,0,0
00-0034844,Saquon Barkley,RB,RB,2025,1,REG,PHI,DAL,0,0,0,0,0,0,0,0,0,18,60,1,0,0,0,4,5,24,0,0,0,0,0,0,0,0,0,0,0,0,0,0,0,14.4,18.4
00-0034847,Mike McGlinchey,OT,OL,2025,1,REG,DEN,TEN,0,0,0,0,0,0,0,0,0,0,0,0,0,0,0,0,0,0,0,0,0,0,0,0,0,0,0,0,0,0,0,0,0,0,0
00-0034854,KhaDarel Hodge,WR,WR,2025,1,REG,ATL,TB,0,0,0,0,0,0,0,0,0,0,0,0,0,0,0,0,1,0,0,0,0,0,0,0,0,0,0,0,0,0,0,0,0,0,0
00-0034855,Baker Mayfield,QB,QB,2025,1,REG,TB,ATL,17,32,167,3,0,1,0,0,0,5,39,0,0,0,0,0,0,0,0,0,0,0,0,0,0,0,0,0,0,0,0,0,0,22.58,22.58
00-0034856,Denzel Ward,CB,DB,2025,1,REG,CLE,CIN,0,0,0,0,0,0,0,0,0,0,0,0,0,0,0,0,0,0,0,0,0,0,0,0,0,0,0,0,0,0,0,0,0,0,0
00-0034857,Josh Allen,QB,QB,2025,1,REG,BUF,BAL,33,46,394,2,0,1,0,0,0,14,30,2,0,0,0,0,0,0,0,0,0,0,0,0,0,0,0,0,0,0,0,0,0,38.76,38.76
00-0034869,Sam Darnold,QB,QB,2025,1,REG,SEA,SF,16,23,150,0,0,1,1,1,0,2,14,0,0,0,0,0,0,0,0,0,0,0,0,1,0,0,0,0,0,0,0,0,0,5.4,5.4
00-0034874,Roquan Smith,ILB,LB,2025,1,REG,BAL,BUF,0,0,0,0,0,0,0,0,0,0,0,0,0,0,0,0,0,0,0,0,0,0,0,0,0,0,0,0,0,0,0,0,0,0,0
00-0034960,Jakobi Meyers,WR,WR,2025,1,REG,LV,NE,0,0,0,0,0,0,0,0,0,0,0,0,0,0,0,8,10,97,0,0,0,0,0,0,0,0,0,0,0,0,0,0,0,9.7,17.7
00-0034967,Rashan Gary,LB,LB,2025,1,REG,GB,DET,0,0,0,0,0,0,0,0,0,0,0,0,0,0,0,0,0,0,0,0,0,0,0,0,0,0,0,0,0,0,0,0,0,0,0
00-0034968,Darnell Savage,SAF,DB,2025,1,REG,JAX,CAR,0,0,0,0,0,0,0,0,0,0,0,0,0,0,0,0,0,0,0,0,0,0,0,0,0,0,0,0,0,0,0,0,0,0,0
00-0034973,Maxx Crosby,DE,DL,2025,1,REG,LV,NE,0,0,0,0,0,0,0,0,0,0,0,0,0,0,0,0,0,0,0,0,0,0,0,0,0,0,0,0,0,0,0,0,0,0,0
00-0034974,Julian Love,SAF,DB,2025,1,REG,SEA,SF,0,0,0,0,0,0,0,0,0,0,0,0,0,0,0,0,0,0,0,0,0,0,0,0,0,0,0,0,0,0,0,0,0,0,0
00-0034975,Justice Hill,RB,RB,2025,1,REG,BAL,BUF,0,0,0,0,0,0,0,0,0,2,-14,0,1,0,0,1,2,3,0,0,0,0,0,0,0,0,0,0,0,0,0,0,0,-1.1,-0.1
00-0034978,Ben Powers,G,OL,2025,1,REG,DEN,TEN,0,0,0,0,0,0,0,0,0,0,0,0,0,0,0,0,0,0,0,0,0,0,0,0,0,0,0,0,0,0,0,0,0,0,0
00-0034983,Hunter Renfrow,WR,WR,2025,1,REG,CAR,JAX,0,0,0,0,0,0,0,0,0,0,0,0,0,0,0,2,6,11,0,0,0,0,0,0,0,0,0,0,0,0,0,0,0,1.1,3.1
00-0034987,E.J. Speed,LB,LB,2025,1,REG,HOU,LA,0,0,0,0,0,0,0,0,0,0,0,0,0,0,0,0,0,0,0,0,0,0,0,0,0,0,0,0,0,0,0,0,0,0,0
00-0034989,Justin Skule,OT,OL,2025,1,REG,MIN,CHI,0,0,0,0,0,0,0,0,0,0,0,0,0,0,0,0,0,0,0,0,0,0,0,0,0,0,0,0,0,0,0,0,0,0,0
00-0034993,Marcus Epps,SAF,DB,2025,1,REG,PHI,DAL,0,0,0,0,0,0,0,0,0,0,0,0,0,0,0,0,0,0,0,0,0,0,0,0,0,0,0,0,0,0,0,0,0,0,0
00-0035021,Ashton Dulin,WR,WR,2025,1,REG,IND,MIA,0,0,0,0,0,0,0,0,0,1,15,0,0,0,0,0,0,0,0,0,0,0,0,0,0,0,0,0,0,0,0,0,0,1.5,1.5
00-0035042,Jamie Gillan,P,SPEC,2025,1,REG,NYG,WAS,0,0,0,0,0,0,0,0,0,0,0,0,0,0,0,0,0,0,0,0,0,0,0,0,0,0,0,0,0,0,0,0,0,0,0
00-0035084,Yosh Nijman,OT,OL,2025,1,REG,CAR,JAX,0,0,0,0,0,0,0,0,0,0,0,0,0,0,0,0,0,0,0,0,0,0,0,0,0,0,0,0,0,0,0,0,0,0,0
00-0035112,Patrick Mekari,OT,OL,2025,1,REG,JAX,CAR,0,0,0,0,0,0,0,0,0,0,0,0,0,0,0,0,0,0,0,0,0,0,0,0,0,0,0,0,0,0,0,0,0,0,0
00-0035125,Alec Ingold,FB,RB,2025,1,REG,MIA,IND,0,0,0,0,0,0,0,0,0,0,0,0,0,0,0,1,2,1,0,0,0,0,0,0,0,0,0,0,0,0,0,0,0,0.1,1.1
00-0035133,Keisean Nixon,DB,DB,2025,1,REG,GB,DET,0,0,0,0,0,0,0,0,0,0,0,0,0,0,0,0,0,0,0,0,0,0,0,0,0,0,0,0,0,0,0,0,0,0,0
00-0035144,Mack Wilson,LB,LB,2025,1,REG,ARI,NO,0,0,0,0,0,0,0,0,0,0,0,0,0,0,0,0,0,0,0,0,0,0,0,0,0,0,0,0,0,0,0,0,0,0,0
00-0035149,Nick Allegretti,G,OL,2025,1,REG,WAS,NYG,0,0,0,0,0,0,0,0,0,0,0,0,0,0,0,0,0,0,0,0,0,0,0,0,0,0,0,0,0,0,0,0,0,0,0
00-0035156,Jack Fox,P,SPEC,2025,1,REG,DET,GB,0,0,0,0,0,0,0,0,0,0,0,0,0,0,0,0,0,0,0,0,0,0,0,0,0,0,0,0,0,0,0,0,0,0,0
00-0035166,Azeez Al-Shaair,LB,LB,2025,1,REG,HOU,LA,0,0,0,0,0,0,0,0,0,0,0,0,0,0,0,0,0,0,0,0,0,0,0,0,0,0,0,0,0,0,0,0,0,0,0
00-0035190,AJ Cole,P,SPEC,2025,1,REG,LV,NE,0,0,0,0,0,0,0,0,0,0,0,0,0,0,0,0,0,0,0,0,0,0,0,0,0,0,0,0,0,0,0,0,0,0,0
00-0035192,Joey Slye,K,SPEC,2025,1,REG,TEN,DEN,0,0,0,0,0,0,0,0,0,0,0,0,0,0,0,0,0,0,0,0,0,0,0,0,4,4,0,0,0,0,0,0,0,0,0
00-0035202,Del'Shawn Phillips,LB,LB,2025,1,REG,LAC,KC,0,0,0,0,0,0,0,0,0,0,0,0,0,0,0,0,0,0,0,0,0,0,0,0,0,0,0,0,0,0,0,0,0,0,0
00-0035208,Olamide Zaccheaus,WR,WR,2025,1,REG,CHI,MIN,0,0,0,0,0,0,0,0,0,0,0,0,0,0,0,4,7,42,0,0,0,0,0,0,0,0,0,0,0,0,0,0,0,4.2,8.2
00-0035228,Kyler Murray,QB,QB,2025,1,REG,ARI,NO,21,29,163,2,0,5,0,0,0,7,38,0,0,0,0,0,0,0,0,0,0,0,0,0,0,0,0,0,0,0,0,0,0,18.32,18.32
00-0035229,T.J. Hockenson,TE,TE,2025,1,REG,MIN,CHI,0,0,0,0,0,0,0,0,0,0,0,0,0,0,0,3,4,15,0,0,0,0,0,0,0,0,0,0,0,0,0,0,0,1.5,4.5
00-0035230,Ed Oliver,DT,DL,2025,1,REG,BUF,BAL,0,0,0,0,0,0,0,0,0,0,0,0,0,0,0,0,0,0,0,0,0,0,0,0,0,0,0,0,0,0,0,0,0,0,0
00-0035236,Byron Murphy,CB,DB,2025,1,REG,MIN,CHI,0,0,0,0,0,0,0,0,0,0,0,0,0,0,0,0,0,0,0,0,0,0,0,0,0,0,0,0,0,0,0,0,0,0,0
00-0035237,Jawaan Taylor,OT,OL,2025,1,REG,KC,LAC,0,0,0,0,0,0,0,0,0,0,0,0,0,0,0,0,0,0,0,0,0,0,0,0,0,0,0,0,0,0,0,0,0,0,0
00-0035243,Miles Sanders,RB,RB,2025,1,REG,DAL,PHI,0,0,0,0,0,0,0,0,0,4,53,0,1,1,0,1,1,-3,0,0,0,0,0,1,0,0,0,0,0,0,0,0,0,3,4
00-0035248,Zach Allen,DE,DL,2025,1,REG,DEN,TEN,0,0,0,0,0,0,0,0,0,0,0,0,0,0,0,0,0,0,0,0,0,0,0,0,0,0,0,0,0,0,0,0,0,0,0
00-0035249,Josh Oliver,TE,TE,2025,1,REG,MIN,CHI,0,0,0,0,0,0,0,0,0,0,0,0,0,0,0,1,1,5,0,0,0,0,0,0,0,0,0,0,0,0,0,0,0,0.5,1.5
00-0035250,Devin Singletary,RB,RB,2025,1,REG,NYG,WAS,0,0,0,0,0,0,0,0,0,3,9,0,0,0,0,0,0,0,0,0,0,0,0,0,0,0,0,0,0,0,0,0,0,0.9,0.9
00-0035253,C.J. Gardner-Johnson,SAF,DB,2025,1,REG,HOU,LA,0,0,0,0,0,0,0,0,0,0,0,0,0,0,0,0,0,0,0,0,0,0,0,0,0,0,0,0,0,0,0,0,0,0,0
00-0035254,Anthony Nelson,LB,LB,2025,1,REG,TB,ATL,0,0,0,0,0,0,0,0,0,0,0,0,0,0,0,0,0,0,0,0,0,0,0,0,0,0,0,0,0,0,0,0,0,0,0
00-0035258,Hjalte Froholdt,G,OL,2025,1,REG,ARI,NO,0,0,0,0,0,0,0,0,0,0,0,0,0,0,0,0,0,0,0,0,0,0,0,0,0,0,0,0,0,0,0,0,0,0,0
00-0035261,Tony Pollard,RB,RB,2025,1,REG,TEN,DEN,0,0,0,0,0,0,0,0,0,18,60,0,1,1,0,1,1,29,0,0,0,0,0,1,0,0,0,0,0,0,0,0,0,6.9,7.9
00-0035262,Drue Tranquill,LB,LB,2025,1,REG,KC,LAC,0,0,0,0,0,0,0,0,0,0,0,0,0,0,0,0,0,0,0,0,0,0,0,0,0,0,0,0,0,0,0,0,0,0,0
00-0035269,Matt Gay,K,SPEC,2025,1,REG,WAS,NYG,0,0,0,0,0,0,0,0,0,0,0,0,0,0,0,0,0,0,0,0,0,0,0,0,0,0,0,0,0,3,3,0,0,0,0
00-0035272,Andrew Van Ginkel,OLB,LB,2025,1,REG,MIN,CHI,0,0,0,0,0,0,0,0,0,0,0,0,0,0,0,0,0,0,0,0,0,0,0,0,0,0,0,0,0,0,0,0,0,0,0
00-0035276,Blake Cashman,LB,LB,2025,1,REG,MIN,CHI,0,0,0,0,0,0,0,0,0,0,0,0,0,0,0,0,0,0,0,0,0,0,0,0,0,0,0,0,0,0,0,0,0,0,0
00-0035277,Mike Jackson,CB,DB,2025,1,REG,CAR,JAX,0,0,0,0,0,0,0,0,0,0,0,0,0,0,0,0,0,0,0,0,0,0,0,0,0,0,0,0,0,0,0,0,0,0,0
00-0035279,Charles Omenihu,DE,DL,2025,1,REG,KC,LAC,0,0,0,0,0,0,0,0,0,0,0,0,0,0,0,0,0,0,0,0,0,0,0,0,0,0,0,0,0,0,0,0,0,0,0
00-0035280,Jake Bailey,P,SPEC,2025,1,REG,MIA,IND,0,0,0,0,0,0,0,0,0,0,0,0,0,0,0,0,0,0,0,0,0,0,0,0,0,0,0,0,0,0,0,0,0,0,0
00-0035301,Donovan Wilson,SAF,DB,2025,1,REG,DAL,PHI,0,0,0,0,0,0,0,0,0,0,0,0,0,0,0,0,0,0,0,0,0,0,0,0,0,0,0,0,0,0,0,0,0,0,0
00-0035316,Kaden Elliss,LB,LB,2025,1,REG,ATL,TB,0,0,0,0,0,0,0,0,0,0,0,0,0,0,0,0,0,0,0,0,0,0,0,0,0,0,0,0,0,0,0,0,0,0,0
00-0035330,Anthony Pittman,LB,LB,2025,1,REG,DET,GB,0,0,0,0,0,0,0,0,0,0,0,0,0,0,0,0,0,0,0,0,0,0,0,0,0,0,0,0,0,0,0,0,0,0,0
00-0035352,Tyrel Dodson,LB,LB,2025,1,REG,MIA,IND,0,0,0,0,0,0,0,0,0,0,0,0,0,0,0,0,0,0,0,0,0,0,0,0,0,0,0,0,0,0,0,0,0,0,0
00-0035357,Cam Lewis,CB,DB,2025,1,REG,BUF,BAL,0,0,0,0,0,0,0,0,0,0,0,0,0,0,0,0,0,0,0,0,0,0,0,0,0,0,0,0,0,0,0,0,0,0,0
00-0035358,Chase McLaughlin,K,SPEC,2025,1,REG,TB,ATL,0,0,0,0,0,0,0,0,0,0,0,0,0,0,0,0,0,0,0,0,0,0,0,0,1,2,1,0,0,2,3,1,0,0,0
00-0035378,Andrew Wingard,SAF,DB,2025,1,REG,JAX,CAR,0,0,0,0,0,0,0,0,0,0,0,0,0,0,0,0,0,0,0,0,0,0,0,0,0,0,0,0,0,0,0,0,0,0,0
00-0035402,Carl Granderson,DE,DL,2025,1,REG,NO,ARI,0,0,0,0,0,0,0,0,0,0,0,0,0,0,0,0,0,0,0,0,0,0,0,0,0,0,0,0,0,0,0,0,0,0,0
00-0035413,Luke Gifford,LB,LB,2025,1,REG,SF,SEA,0,0,0,0,0,0,0,0,0,0,0,0,0,0,0,0,0,0,0,0,0,0,0,0,0,0,0,0,0,0,0,0,0,0,0
00-0035500,Greg Dortch,WR,WR,2025,1,REG,ARI,NO,0,0,0,0,0,0,0,0,0,0,0,0,0,0,0,1,1,-2,0,0,0,0,0,0,0,0,0,0,0,0,0,0,0,-0.2,0.8
00-0035525,Devin Bush,LB,LB,2025,1,REG,CLE,CIN,0,0,0,0,0,0,0,0,0,0,0,0,0,0,0,0,0,0,0,0,0,0,0,0,0,0,0,0,0,0,0,0,0,0,0
00-0035535,Darius Slayton,WR,WR,2025,1,REG,NYG,WAS,0,0,0,0,0,0,0,0,0,0,0,0,0,0,0,0,1,0,0,0,0,0,0,0,0,0,0,0,0,0,0,0,0,0,0
00-0035537,Ty Johnson,RB,RB,2025,1,REG,BUF,BAL,0,0,0,0,0,0,0,0,0,2,24,0,0,0,0,0,2,0,0,0,0,0,0,0,0,0,0,0,0,0,0,0,0,2.4,2.4
00-0035567,Craig Reynolds,RB,RB,2025,1,REG,DET,GB,0,0,0,0,0,0,0,0,0,0,0,0,0,0,0,0,0,0,0,0,0,0,0,0,0,0,0,0,0,0,0,0,0,0,0
00-0035602,Alex Bachman,WR,WR,2025,1,REG,LV,NE,0,0,0,0,0,0,0,0,0,0,0,0,0,0,0,0,1,0,0,0,0,0,0,0,0,0,0,0,0,0,0,0,0,0,0
00-0035617,Troy Reeder,LB,LB,2025,1,REG,LA,HOU,0,0,0,0,0,0,0,0,0,0,0,0,0,0,0,0,0,0,0,0,0,0,0,0,0,0,0,0,0,0,0,0,0,0,0
00-0035625,Juan Thornhill,SAF,DB,2025,1,REG,PIT,NYJ,0,0,0,0,0,0,0,0,0,0,0,0,0,0,0,0,0,0,0,0,0,0,0,0,0,0,0,0,0,0,0,0,0,0,0
00-0035631,Drew Sample,TE,TE,2025,1,REG,CIN,CLE,0,0,0,0,0,0,0,0,0,0,0,0,0,0,0,0,1,0,0,0,0,0,0,0,0,0,0,0,0,0,0,0,0,0,0
00-0035632,Amani Hooker,SAF,DB,2025,1,REG,TEN,DEN,0,0,0,0,0,0,0,0,0,0,0,0,0,0,0,0,0,0,0,0,0,0,0,0,0,0,0,0,0,0,0,0,0,0,0
00-0035633,Corey Ballentine,DB,DB,2025,1,REG,NE,LV,0,0,0,0,0,0,0,0,0,0,0,0,0,0,0,0,0,0,0,0,0,0,0,0,0,0,0,0,0,0,0,0,0,0,0
00-0035636,L.J. Collier,DE,DL,2025,1,REG,ARI,NO,0,0,0,0,0,0,0,0,0,0,0,0,0,0,0,0,0,0,0,0,0,0,0,0,0,0,0,0,0,0,0,0,0,0,0
00-0035637,Rock Ya-Sin,CB,DB,2025,1,REG,DET,GB,0,0,0,0,0,0,0,0,0,0,0,0,0,0,0,0,0,0,0,0,0,0,0,0,0,0,0,0,0,0,0,0,0,0,0
00-0035640,DK Metcalf,WR,WR,2025,1,REG,PIT,NYJ,0,0,0,0,0,0,0,0,0,0,0,0,0,0,0,4,7,83,0,0,0,0,0,0,0,0,0,0,0,0,0,0,0,8.3,12.3
00-0035642,Josh Hines-Allen,DE,DL,2025,1,REG,JAX,CAR,0,0,0,0,0,0,0,0,0,0,0,0,0,0,0,0,0,0,0,0,0,0,0,0,0,0,0,0,0,0,0,0,0,0,0
00-0035643,Jeffery Simmons,DT,DL,2025,1,REG,TEN,DEN,0,0,0,0,0,0,0,0,0,0,0,0,0,0,0,0,0,0,0,0,0,0,0,0,0,0,0,0,0,0,0,0,0,0,0
00-0035644,Noah Fant,TE,TE,2025,1,REG,CIN,CLE,0,0,0,0,0,0,0,0,0,0,0,0,0,0,0,4,5,26,1,0,0,0,0,0,0,0,0,0,0,0,0,0,0,8.6,12.6
00-0035645,Gunner Olszewski,WR,WR,2025,1,REG,NYG,WAS,0,0,0,0,0,0,0,0,0,0,0,0,0,0,0,0,0,0,0,0,0,0,0,0,0,0,0,0,0,0,0,0,0,0,0
00-0035647,Montez Sweat,DE,DL,2025,1,REG,CHI,MIN,0,0,0,0,0,0,0,0,0,0,0,0,0,0,0,0,0,0,0,0,0,0,0,0,0,0,0,0,0,0,0,0,0,0,0
00-0035655,Will Harris,SAF,DB,2025,1,REG,WAS,NYG,0,0,0,0,0,0,0,0,0,0,0,0,0,0,0,0,0,0,0,0,0,0,0,0,0,0,0,0,0,0,0,0,0,0,0
00-0035656,Khalen Saunders,DT,DL,2025,1,REG,JAX,CAR,0,0,0,0,0,0,0,0,0,0,0,0,0,0,0,0,0,0,0,0,0,0,0,0,0,0,0,0,0,0,0,0,0,0,0
00-0035659,Terry McLaurin,WR,WR,2025,1,REG,WAS,NYG,0,0,0,0,0,0,0,0,0,0,0,0,0,0,0,2,4,27,0,0,0,0,0,0,0,0,0,0,0,0,0,0,0,2.7,4.7
00-0035662,Marquise Brown,WR,WR,2025,1,REG,KC,LAC,0,0,0,0,0,0,0,0,0,0,0,0,0,0,0,10,16,99,0,0,0,0,0,0,0,0,0,0,0,0,0,0,0,9.9,19.9
00-0035663,Taylor Rapp,SAF,DB,2025,1,REG,BUF,BAL,0,0,0,0,0,0,0,0,0,0,0,0,0,0,0,0,0,0,0,0,0,0,0,0,0,0,0,0,0,0,0,0,0,0,0
00-0035667,Greg Gaines,DT,DL,2025,1,REG,TB,ATL,0,0,0,0,0,0,0,0,0,0,0,0,0,0,0,0,0,0,0,0,0,0,0,0,0,0,0,0,0,0,0,0,0,0,0
00-0035669,Nick Scott,SAF,DB,2025,1,REG,CAR,JAX,0,0,0,0,0,0,0,0,0,0,0,0,0,0,0,0,0,0,0,0,0,0,0,0,0,0,0,0,0,0,0,0,0,0,0
00-0035672,Cody Barton,LB,LB,2025,1,REG,TEN,DEN,0,0,0,0,0,0,0,0,0,0,0,0,0,0,0,0,0,0,0,0,0,0,0,0,0,0,0,0,0,0,0,0,0,0,0
00-0035674,Jerry Tillery,DT,DL,2025,1,REG,KC,LAC,0,0,0,0,0,0,0,0,0,0,0,0,0,0,0,0,0,0,0,0,0,0,0,0,0,0,0,0,0,0,0,0,0,0,0
00-0035676,A.J. Brown,WR,WR,2025,1,REG,PHI,DAL,0,0,0,0,0,0,0,0,0,0,0,0,0,0,0,1,1,8,0,0,0,0,0,0,0,0,0,0,0,0,0,0,0,0.8,1.8
00-0035678,Dre'Mont Jones,LB,LB,2025,1,REG,TEN,DEN,0,0,0,0,0,0,0,0,0,0,0,0,0,0,0,0,0,0,0,0,0,0,0,0,0,0,0,0,0,0,0,0,0,0,0
00-0035680,Quincy Williams,LB,LB,2025,1,REG,NYJ,PIT,0,0,0,0,0,0,0,0,0,0,0,0,0,0,0,0,0,0,0,0,0,0,0,0,0,0,0,0,0,0,0,0,0,0,0
00-0035683,Dexter Lawrence,DT,DL,2025,1,REG,NYG,WAS,0,0,0,0,0,0,0,0,0,0,0,0,0,0,0,0,0,0,0,0,0,0,0,0,0,0,0,0,0,0,0,0,0,0,0
00-0035685,David Montgomery,RB,RB,2025,1,REG,DET,GB,0,0,0,0,0,0,0,0,0,11,25,0,0,0,0,4,4,18,0,0,0,0,0,0,0,0,0,0,0,0,0,0,0,4.3,8.3
00-0035687,Bobby Okereke,ILB,LB,2025,1,REG,NYG,WAS,0,0,0,0,0,0,0,0,0,0,0,0,0,0,0,0,0,0,0,0,0,0,0,0,0,0,0,0,0,0,0,0,0,0,0
00-0035689,Dawson Knox,TE,TE,2025,1,REG,BUF,BAL,0,0,0,0,0,0,0,0,0,0,0,0,0,0,0,2,2,20,0,0,0,0,0,0,0,0,0,0,0,0,0,0,0,2,4
00-0035697,Germaine Pratt,LB,LB,2025,1,REG,LV,NE,0,0,0,0,0,0,0,0,0,0,0,0,0,0,0,0,0,0,0,0,0,0,0,0,0,0,0,0,0,0,0,0,0,0,0
00-0035699,Jamel Dean,CB,DB,2025,1,REG,TB,ATL,0,0,0,0,0,0,0,0,0,0,0,0,0,0,0,0,0,0,0,0,0,0,0,0,0,0,0,0,0,0,0,0,0,0,0
00-0035700,Josh Jacobs,RB,RB,2025,1,REG,GB,DET,0,0,0,0,0,0,0,0,0,19,66,1,0,0,0,1,1,4,0,0,0,0,0,0,0,0,0,0,0,0,0,0,0,13,14
00-0035705,Jalen Thompson,DB,DB,2025,1,REG,ARI,NO,0,0,0,0,0,0,0,0,0,0,0,0,0,0,0,0,0,0,0,0,0,0,0,0,0,0,0,0,0,0,0,0,0,0,0
00-0035707,Devin White,LB,LB,2025,1,REG,LV,NE,0,0,0,0,0,0,0,0,0,0,0,0,0,0,0,0,0,0,0,0,0,0,0,0,0,0,0,0,0,0,0,0,0,0,0
00-0035710,Daniel Jones,QB,QB,2025,1,REG,IND,MIA,22,29,272,1,0,1,0,0,0,7,26,2,0,0,0,0,0,0,0,0,0,0,0,0,0,0,0,0,0,0,0,0,0,29.48,29.48
00-0035713,Brian Burns,LB,LB,2025,1,REG,NYG,WAS,0,0,0,0,0,0,0,0,0,0,0,0,0,0,0,0,0,0,0,0,0,0,0,0,0,0,0,0,0,0,0,0,0,0,0
00-0035717,Nick Bosa,DE,DL,2025,1,REG,SF,SEA,0,0,0,0,0,0,0,0,0,0,0,0,0,0,0,0,0,0,0,0,0,0,0,0,0,0,0,0,0,0,0,0,0,0,0
00-0035718,Quinnen Williams,DT,DL,2025,1,REG,NYJ,PIT,0,0,0,0,0,0,0,0,0,0,0,0,0,0,0,0,0,0,0,0,0,0,0,0,0,0,0,0,0,0,0,0,0,0,0
00-0035719,Deebo Samuel Sr.,WR,WR,2025,1,REG,WAS,NYG,0,0,0,0,0,0,0,0,0,1,19,1,0,0,0,7,10,77,0,0,0,0,0,0,0,0,0,0,0,0,0,0,0,15.6,22.6
00-0035757,Jacob Bobenmoyer,LS,SPEC,2025,1,REG,LV,NE,0,0,0,0,0,0,0,0,0,0,0,0,0,0,0,0,0,0,0,0,0,0,0,0,0,0,0,0,0,0,0,0,0,0,0
00-0035821,Corliss Waitman,P,SPEC,2025,1,REG,PIT,NYJ,0,0,0,0,0,0,0,0,0,0,0,0,0,0,0,0,0,0,0,0,0,0,0,0,0,0,0,0,0,0,0,0,0,0,0
00-0035857,Chris Williams,DT,DL,2025,1,REG,CHI,MIN,0,0,0,0,0,0,0,0,0,0,0,0,0,0,0,0,0,0,0,0,0,0,0,0,0,0,0,0,0,0,0,0,0,0,0
00-0035859,Blake Gillikin,P,SPEC,2025,1,REG,ARI,NO,0,0,0,0,0,0,0,0,0,0,0,0,0,0,0,0,0,0,0,0,0,0,0,0,0,0,0,0,0,0,0,0,0,0,0
00-0035889,Tommy Townsend,P,SPEC,2025,1,REG,HOU,LA,0,0,0,0,0,0,0,0,0,0,0,0,0,0,0,0,0,0,0,0,0,0,0,0,0,0,0,0,0,0,0,0,0,0,0
00-0035890,Tershawn Wharton,DE,DL,2025,1,REG,CAR,JAX,0,0,0,0,0,0,0,0,0,0,0,0,0,0,0,0,0,0,0,0,0,0,0,0,0,0,0,0,0,0,0,0,0,0,0
00-0035891,Cody White,WR,WR,2025,1,REG,SEA,SF,0,0,0,0,0,0,0,0,0,0,0,0,0,0,0,0,0,0,0,0,0,0,0,0,0,0,0,0,0,0,0,0,0,0,0
00-0035895,Joe Bachie,LB,LB,2025,1,REG,IND,MIA,0,0,0,0,0,0,0,0,0,0,0,0,0,0,0,0,0,0,0,0,0,0,0,0,0,0,0,0,0,0,0,0,0,0,0
00-0035942,Christian Rozeboom,LB,LB,2025,1,REG,CAR,JAX,0,0,0,0,0,0,0,0,0,0,0,0,0,0,0,0,0,0,0,0,0,0,0,0,0,0,0,0,0,0,0,0,0,0,0
00-0035944,Jonah Williams,DE,DL,2025,1,REG,NO,ARI,0,0,0,0,0,0,0,0,0,0,0,0,0,0,0,0,0,0,0,0,0,0,0,0,0,0,0,0,0,0,0,0,0,0,0
00-0036037,Sam Franklin Jr.,SAF,DB,2025,1,REG,BUF,BAL,0,0,0,0,0,0,0,0,0,0,0,0,0,0,0,0,0,0,0,0,0,0,0,0,0,0,0,0,0,0,0,0,0,0,0
00-0036040,Juwan Johnson,TE,TE,2025,1,REG,NO,ARI,0,0,0,0,0,0,0,0,0,0,0,0,0,0,0,8,11,76,0,0,0,0,0,0,0,0,0,0,0,0,0,0,0,7.6,15.6
00-0036081,Broderick Washington,DT,DL,2025,1,REG,BAL,BUF,0,0,0,0,0,0,0,0,0,0,0,0,0,0,0,0,0,0,0,0,0,0,0,0,0,0,0,0,0,0,0,0,0,0,0
00-0036124,Khalil Dorsey,CB,DB,2025,1,REG,DET,GB,0,0,0,0,0,0,0,0,0,0,0,0,0,0,0,0,0,0,0,0,0,0,0,0,0,0,0,0,0,0,0,0,0,0,0
00-0036130,Nnamdi Madubuike,DT,DL,2025,1,REG,BAL,BUF,0,0,0,0,0,0,0,0,0,0,0,0,0,0,0,0,0,0,0,0,0,0,0,0,0,0,0,0,0,0,0,0,0,0,0
00-0036139,Rico Dowdle,RB,RB,2025,1,REG,CAR,JAX,0,0,0,0,0,0,0,0,0,3,12,0,0,0,0,2,3,4,0,0,0,0,0,0,0,0,0,0,0,0,0,0,0,1.6,3.6
00-0036151,Bryce Huff,DE,DL,2025,1,REG,SF,SEA,0,0,0,0,0,0,0,0,0,0,0,0,0,0,0,0,0,0,0,0,0,0,0,0,0,0,0,0,0,0,0,0,0,0,0
00-0036158,J.K. Dobbins,RB,RB,2025,1,REG,DEN,TEN,0,0,0,0,0,0,0,0,0,16,63,1,0,0,0,2,2,5,0,0,0,0,0,0,0,0,0,0,0,0,0,0,0,12.8,14.8
00-0036159,Joshua Uche,LB,LB,2025,1,REG,PHI,DAL,0,0,0,0,0,0,0,0,0,0,0,0,0,0,0,0,0,0,0,0,0,0,0,0,0,0,0,0,0,0,0,0,0,0,0
00-0036181,Teair Tart,DT,DL,2025,1,REG,LAC,KC,0,0,0,0,0,0,0,0,0,0,0,0,0,0,0,0,0,0,0,0,0,0,0,0,0,0,0,0,0,0,0,0,0,0,0
00-0036182,Nick Westbrook-Ikhine,WR,WR,2025,1,REG,MIA,IND,0,0,0,0,0,0,0,0,0,0,0,0,0,0,0,1,2,7,0,0,0,0,0,0,0,0,0,0,0,0,0,0,0,0.7,1.7
00-0036192,A.J. Epenesa,LB,LB,2025,1,REG,BUF,BAL,0,0,0,0,0,0,0,0,0,0,0,0,0,0,0,0,0,0,0,0,0,0,0,0,0,0,0,0,0,0,0,0,0,0,0
00-0036199,Geno Stone,SAF,DB,2025,1,REG,CIN,CLE,0,0,0,0,0,0,0,0,0,0,0,0,0,0,0,0,0,0,0,0,0,0,0,0,0,0,0,0,0,0,0,0,0,0,0
00-0036212,Tua Tagovailoa,QB,QB,2025,1,REG,MIA,IND,14,23,114,1,2,3,1,1,1,1,7,0,0,0,0,0,0,0,0,0,0,0,0,1,0,0,0,0,0,0,0,0,0,5.26,5.26
00-0036220,Derrick Brown,DT,DL,2025,1,REG,CAR,JAX,0,0,0,0,0,0,0,0,0,0,0,0,0,0,0,0,0,0,0,0,0,0,0,0,0,0,0,0,0,0,0,0,0,0,0
00-0036221,Brandon Jones,SAF,DB,2025,1,REG,DEN,TEN,0,0,0,0,0,0,0,0,0,0,0,0,0,0,0,0,0,0,0,0,0,0,0,0,0,0,0,0,0,0,0,0,0,0,0
00-0036222,Isaiah Rodgers,CB,DB,2025,1,REG,MIN,CHI,0,0,0,0,0,0,0,0,0,0,0,0,0,0,0,0,0,0,0,0,0,0,0,0,0,0,0,0,0,0,0,0,0,0,0
00-0036223,Jonathan Taylor,RB,RB,2025,1,REG,IND,MIA,0,0,0,0,0,0,0,0,0,18,71,0,0,0,0,3,3,27,0,0,0,0,0,0,0,0,0,0,0,0,0,0,0,9.8,12.8
00-0036224,Jonathan Greenard,LB,LB,2025,1,REG,MIN,CHI,0,0,0,0,0,0,0,0,0,0,0,0,0,0,0,0,0,0,0,0,0,0,0,0,0,0,0,0,0,0,0,0,0,0,0
00-0036231,Kyle Dugger,SAF,DB,2025,1,REG,NE,LV,0,0,0,0,0,0,0,0,0,0,0,0,0,0,0,0,0,0,0,0,0,0,0,0,0,0,0,0,0,0,0,0,0,0,0
00-0036244,Colby Parkinson,TE,TE,2025,1,REG,LA,HOU,0,0,0,0,0,0,0,0,0,0,0,0,0,0,0,2,2,-6,0,1,1,0,0,1,0,0,0,0,0,0,0,0,0,-2.6,-0.6
00-0036252,Michael Pittman,WR,WR,2025,1,REG,IND,MIA,0,0,0,0,0,0,0,0,0,0,0,0,0,0,0,6,8,80,1,0,0,0,0,0,0,0,0,0,0,0,0,0,0,14,20
00-0036253,Julian Blackmon,SAF,DB,2025,1,REG,NO,ARI,0,0,0,0,0,0,0,0,0,0,0,0,0,0,0,0,0,0,0,0,0,0,0,0,0,0,0,0,0,0,0,0,0,0,0
00-0036256,Colton McKivitz,OT,OL,2025,1,REG,SF,SEA,0,0,0,0,0,0,0,0,0,0,0,0,0,0,0,0,0,0,0,0,0,0,0,0,0,0,0,0,0,0,0,0,0,0,0
00-0036258,Jonah Jackson,G,OL,2025,1,REG,CHI,MIN,0,0,0,0,0,0,0,0,0,0,0,0,0,0,0,0,0,0,0,0,0,0,0,0,0,0,0,0,0,0,0,0,0,0,0
00-0036259,Jauan Jennings,WR,WR,2025,1,REG,SF,SEA,0,0,0,0,0,0,0,0,0,0,0,0,0,0,0,2,5,16,0,0,0,0,0,0,0,0,0,0,0,0,0,0,0,1.6,3.6
00-0036260,Javon Kinlaw,DT,DL,2025,1,REG,WAS,NYG,0,0,0,0,0,0,0,0,0,0,0,0,0,0,0,0,0,0,0,0,0,0,0,0,0,0,0,0,0,0,0,0,0,0,0
00-0036264,Jordan Love,QB,QB,2025,1,REG,GB,DET,16,22,188,2,0,0,0,0,0,3,4,0,0,0,0,0,0,0,0,0,0,0,0,0,0,0,0,0,0,0,0,0,0,15.92,15.92
00-0036265,AJ Dillon,RB,RB,2025,1,REG,PHI,DAL,0,0,0,0,0,0,0,0,0,3,10,0,0,0,0,0,0,0,0,0,0,0,0,0,0,0,0,0,0,0,0,0,0,1,1
00-0036266,Jordan Elliott,DT,DL,2025,1,REG,SF,SEA,0,0,0,0,0,0,0,0,0,0,0,0,0,0,0,0,0,0,0,0,0,0,0,0,0,0,0,0,0,0,0,0,0,0,0
00-0036274,Jeff Okudah,CB,DB,2025,1,REG,MIN,CHI,0,0,0,0,0,0,0,0,0,0,0,0,0,0,0,0,0,0,0,0,0,0,0,0,0,0,0,0,0,0,0,0,0,0,0
00-0036275,D'Andre Swift,RB,RB,2025,1,REG,CHI,MIN,0,0,0,0,0,0,0,0,0,17,53,0,0,0,0,3,5,12,0,0,0,0,0,0,0,0,0,0,0,0,0,0,0,6.5,9.5
00-0036280,Malik Harrison,LB,LB,2025,1,REG,PIT,NYJ,0,0,0,0,0,0,0,0,0,0,0,0,0,0,0,0,0,0,0,0,0,0,0,0,0,0,0,0,0,0,0,0,0,0,0
00-0036282,Grant Delpit,SAF,DB,2025,1,REG,CLE,CIN,0,0,0,0,0,0,0,0,0,0,0,0,0,0,0,0,0,0,0,0,0,0,0,0,0,0,0,0,0,0,0,0,0,0,0
00-0036284,Mekhi Becton,G,OL,2025,1,REG,LAC,KC,0,0,0,0,0,0,0,0,0,0,0,0,0,0,0,0,0,0,0,0,0,0,0,0,0,0,0,0,0,0,0,0,0,0,0
00-0036285,A.J. Terrell,CB,DB,2025,1,REG,ATL,TB,0,0,0,0,0,0,0,0,0,0,0,0,0,0,0,0,0,0,0,0,0,0,0,0,0,0,0,0,0,0,0,0,0,0,0
00-0036286,K'Lavon Chaisson,LB,LB,2025,1,REG,NE,LV,0,0,0,0,0,0,0,0,0,0,0,0,0,0,0,0,0,0,0,0,0,0,0,0,0,0,0,0,0,0,0,0,0,0,0
00-0036287,Noah Igbinoghene,CB,DB,2025,1,REG,WAS,NYG,0,0,0,0,0,0,0,0,0,0,0,0,0,0,0,0,0,0,0,0,0,0,0,0,0,0,0,0,0,0,0,0,0,0,0
00-0036288,Yetur Gross-Matos,DE,DL,2025,1,REG,SF,SEA,0,0,0,0,0,0,0,0,0,0,0,0,0,0,0,0,0,0,0,0,0,0,0,0,0,0,0,0,0,0,0,0,0,0,0
00-0036290,Cole Kmet,TE,TE,2025,1,REG,CHI,MIN,0,0,0,0,0,0,0,0,0,0,0,0,0,0,0,1,4,31,0,0,0,0,0,0,0,0,0,0,0,0,0,0,0,3.1,4.1
00-0036293,Jeremy Chinn,SAF,DB,2025,1,REG,LV,NE,0,0,0,0,0,0,0,0,0,0,0,0,0,0,0,0,0,0,0,0,0,0,0,0,0,0,0,0,0,0,0,0,0,0,0
00-0036294,Logan Wilson,LB,LB,2025,1,REG,CIN,CLE,0,0,0,0,0,0,0,0,0,0,0,0,0,0,0,0,0,0,0,0,0,0,0,0,0,0,0,0,0,0,0,0,0,0,0
00-0036298,Akeem Davis-Gaither,LB,LB,2025,1,REG,ARI,NO,0,0,0,0,0,0,0,0,0,0,0,0,0,0,0,0,0,0,0,0,0,0,0,0,0,0,0,0,0,0,0,0,0,0,0
00-0036302,Jaylinn Hawkins,SAF,DB,2025,1,REG,NE,LV,0,0,0,0,0,0,0,0,0,0,0,0,0,0,0,0,0,0,0,0,0,0,0,0,0,0,0,0,0,0,0,0,0,0,0
00-0036313,Braden Mann,P,SPEC,2025,1,REG,PHI,DAL,0,0,0,0,0,0,0,0,0,0,0,0,0,0,0,0,0,0,0,0,0,0,0,0,0,0,0,0,0,0,0,0,0,0,0
00-0036322,Justin Jefferson,WR,WR,2025,1,REG,MIN,CHI,0,0,0,0,0,0,0,0,0,1,4,0,0,0,0,4,7,44,1,0,0,0,0,0,0,0,0,0,0,0,0,0,0,10.8,14.8
00-0036323,Patrick Queen,LB,LB,2025,1,REG,PIT,NYJ,0,0,0,0,0,0,0,0,0,0,0,0,0,0,0,0,0,0,0,0,0,0,0,0,0,0,0,0,0,0,0,0,0,0,0
00-0036328,Antonio Gibson,RB,RB,2025,1,REG,NE,LV,0,0,0,0,0,0,0,0,0,1,3,0,0,0,0,0,1,0,0,0,0,0,0,0,0,0,0,0,0,0,0,0,0,0.3,0.3
00-0036329,Ashtyn Davis,SAF,DB,2025,1,REG,MIA,IND,0,0,0,0,0,0,0,0,0,0,0,0,0,0,0,0,0,0,0,0,0,0,0,0,0,0,0,0,0,0,0,0,0,0,0
00-0036331,Devin Duvernay,WR,WR,2025,1,REG,CHI,MIN,0,0,0,0,0,0,0,0,0,0,0,0,0,0,0,0,0,0,0,0,0,0,0,0,0,0,0,0,0,0,0,0,0,0,0
00-0036333,Alex Highsmith,LB,LB,2025,1,REG,PIT,NYJ,0,0,0,0,0,0,0,0,0,0,0,0,0,0,0,0,0,0,0,0,0,0,0,0,0,0,0,0,0,0,0,0,0,0,0
00-0036335,D.J. Wonnum,LB,LB,2025,1,REG,CAR,JAX,0,0,0,0,0,0,0,0,0,0,0,0,0,0,0,0,0,0,0,0,0,0,0,0,0,0,0,0,0,0,0,0,0,0,0
00-0036337,James Lynch,DT,DL,2025,1,REG,TEN,DEN,0,0,0,0,0,0,0,0,0,0,0,0,0,0,0,0,0,0,0,0,0,0,0,0,0,0,0,0,0,0,0,0,0,0,0
00-0036338,Troy Dye,LB,LB,2025,1,REG,LAC,KC,0,0,0,0,0,0,0,0,0,0,0,0,0,0,0,0,0,0,0,0,0,0,0,0,0,0,0,0,0,0,0,0,0,0,0
00-0036348,Josh Metellus,SAF,DB,2025,1,REG,MIN,CHI,0,0,0,0,0,0,0,0,0,0,0,0,0,0,0,0,0,0,0,0,0,0,0,0,0,0,0,0,0,0,0,0,0,0,0
00-0036349,Kam Curl,SAF,DB,2025,1,REG,LA,HOU,0,0,0,0,0,0,0,0,0,0,0,0,0,0,0,0,0,0,0,0,0,0,0,0,0,0,0,0,0,0,0,0,0,0,0
00-0036355,Justin Herbert,QB,QB,2025,1,REG,LAC,KC,25,34,318,3,0,3,0,0,0,7,32,0,0,0,0,0,0,0,0,0,0,0,0,0,0,0,0,0,0,0,0,0,0,27.92,27.92
00-0036358,CeeDee Lamb,WR,WR,2025,1,REG,DAL,PHI,0,0,0,0,0,0,0,0,0,0,0,0,0,0,0,7,13,110,0,0,0,0,0,0,0,0,0,0,0,0,0,0,0,11,18
00-0036361,Trevon Diggs,CB,DB,2025,1,REG,DAL,PHI,0,0,0,0,0,0,0,0,0,0,0,0,0,0,0,0,0,0,0,0,0,0,0,0,0,0,0,0,0,0,0,0,0,0,0
00-0036366,Neville Gallimore,DT,DL,2025,1,REG,IND,MIA,0,0,0,0,0,0,0,0,0,0,0,0,0,0,0,0,0,0,0,0,0,0,0,0,0,0,0,0,0,0,0,0,0,0,0
00-0036369,John Simpson,G,OL,2025,1,REG,NYJ,PIT,0,0,0,0,0,0,0,0,0,0,0,0,0,0,0,0,0,0,0,0,0,0,0,0,0,0,0,0,0,0,0,0,0,0,0
00-0036374,L'Jarius Sneed,CB,DB,2025,1,REG,TEN,DEN,0,0,0,0,0,0,0,0,0,0,0,0,0,0,0,0,0,0,0,0,0,0,0,0,0,0,0,0,0,0,0,0,0,0,0
00-0036375,Amik Robertson,CB,DB,2025,1,REG,DET,GB,0,0,0,0,0,0,0,0,0,0,0,0,0,0,0,0,0,0,0,0,0,0,0,0,0,0,0,0,0,0,0,0,0,0,0
00-0036378,Michael Danna,LB,LB,2025,1,REG,KC,LAC,0,0,0,0,0,0,0,0,0,0,0,0,0,0,0,0,0,0,0,0,0,0,0,0,0,0,0,0,0,0,0,0,0,0,0
00-0036380,Alohi Gilman,SAF,DB,2025,1,REG,LAC,KC,0,0,0,0,0,0,0,0,0,0,0,0,0,0,0,0,0,0,0,0,0,0,0,0,0,0,0,0,0,0,0,0,0,0,0
00-0036388,Xavier McKinney,SAF,DB,2025,1,REG,GB,DET,0,0,0,0,0,0,0,0,0,0,0,0,0,0,0,0,0,0,0,0,0,0,0,0,0,0,0,0,0,0,0,0,0,0,0
00-0036389,Jalen Hurts,QB,QB,2025,1,REG,PHI,DAL,19,23,152,0,0,1,0,0,0,14,62,2,0,0,0,0,0,0,0,0,0,0,0,0,0,0,0,0,0,0,0,0,0,24.28,24.28
00-0036394,Darnay Holmes,CB,DB,2025,1,REG,LV,NE,0,0,0,0,0,0,0,0,0,0,0,0,0,0,0,0,0,0,0,0,0,0,0,0,0,0,0,0,0,0,0,0,0,0,0
00-0036407,Jerry Jeudy,WR,WR,2025,1,REG,CLE,CIN,0,0,0,0,0,0,0,0,0,0,0,0,0,0,0,5,8,66,0,0,0,0,0,0,0,0,0,0,0,0,0,0,0,6.6,11.6
00-0036408,Cesar Ruiz,C,OL,2025,1,REG,NO,ARI,0,0,0,0,0,0,0,0,0,0,0,0,0,0,0,0,0,0,0,0,0,0,0,0,0,0,0,0,0,0,0,0,0,0,0
00-0036409,Jordyn Brooks,LB,LB,2025,1,REG,MIA,IND,0,0,0,0,0,0,0,0,0,0,0,0,0,0,0,0,0,0,0,0,0,0,0,0,0,0,0,0,0,0,0,0,0,0,0
00-0036410,Tee Higgins,WR,WR,2025,1,REG,CIN,CLE,0,0,0,0,0,0,0,0,0,0,0,0,0,0,0,3,4,33,0,0,0,0,0,0,0,0,0,0,0,0,0,0,0,3.3,6.3
00-0036411,Antoine Winfield Jr.,SAF,DB,2025,1,REG,TB,ATL,0,0,0,0,0,0,0,0,0,0,0,0,0,0,0,0,0,0,0,0,0,0,0,0,0,0,0,0,0,0,0,0,0,0,0
00-0036413,Darrell Taylor,DE,DL,2025,1,REG,HOU,LA,0,0,0,0,0,0,0,0,0,0,0,0,0,0,0,0,0,0,0,0,0,0,0,0,0,0,0,0,0,0,0,0,0,0,0
00-0036416,Kristian Fulton,CB,DB,2025,1,REG,KC,LAC,0,0,0,0,0,0,0,0,0,0,0,0,0,0,0,0,0,0,0,0,0,0,0,0,0,0,0,0,0,0,0,0,0,0,0
00-0036418,Zack Baun,LB,LB,2025,1,REG,PHI,DAL,0,0,0,0,0,0,0,0,0,0,0,0,0,0,0,0,0,0,0,0,0,0,0,0,0,0,0,0,0,0,0,0,0,0,0
00-0036422,Adam Trautman,TE,TE,2025,1,REG,DEN,TEN,0,0,0,0,0,0,0,0,0,0,0,0,0,0,0,1,1,5,0,0,0,0,0,0,0,0,0,0,0,0,0,0,0,0.5,1.5
00-0036427,Tyler Johnson,WR,WR,2025,1,REG,NYJ,PIT,0,0,0,0,0,0,0,0,0,0,0,0,0,0,0,2,2,31,0,0,0,0,0,0,0,0,0,0,0,0,0,0,0,3.1,5.1
00-0036428,Justin Strnad,LB,LB,2025,1,REG,DEN,TEN,0,0,0,0,0,0,0,0,0,0,0,0,0,0,0,0,0,0,0,0,0,0,0,0,0,0,0,0,0,0,0,0,0,0,0
00-0036441,"Kenneth Murray, Jr.",LB,LB,2025,1,REG,DAL,PHI,0,0,0,0,0,0,0,0,0,0,0,0,0,0,0,0,0,0,0,0,0,0,0,0,0,0,0,0,0,0,0,0,0,0,0
00-0036442,Joe Burrow,QB,QB,2025,1,REG,CIN,CLE,14,23,113,1,0,3,0,0,0,2,3,0,0,0,0,0,0,0,0,0,0,0,0,0,0,0,0,0,0,0,0,0,0,8.82,8.82
00-0036479,Kwity Paye,DE,DL,2025,1,REG,IND,MIA,0,0,0,0,0,0,0,0,0,0,0,0,0,0,0,0,0,0,0,0,0,0,0,0,0,0,0,0,0,0,0,0,0,0,0
00-0036480,Dayo Odeyingbo,DE,DL,2025,1,REG,CHI,MIN,0,0,0,0,0,0,0,0,0,0,0,0,0,0,0,0,0,0,0,0,0,0,0,0,0,0,0,0,0,0,0,0,0,0,0
00-0036500,Jamien Sherwood,LB,LB,2025,1,REG,NYJ,PIT,0,0,0,0,0,0,0,0,0,0,0,0,0,0,0,0,0,0,0,0,0,0,0,0,0,0,0,0,0,0,0,0,0,0,0
00-0036501,Michael Carter II,CB,DB,2025,1,REG,NYJ,PIT,0,0,0,0,0,0,0,0,0,0,0,0,0,0,0,0,0,0,0,0,0,0,0,0,0,0,0,0,0,0,0,0,0,0,0
00-0036502,Jason Pinnock,SAF,DB,2025,1,REG,SF,SEA,0,0,0,0,0,0,0,0,0,0,0,0,0,0,0,0,0,0,0,0,0,0,0,0,0,0,0,0,0,0,0,0,0,0,0
00-0036504,Brandin Echols,CB,DB,2025,1,REG,PIT,NYJ,0,0,0,0,0,0,0,0,0,0,0,0,0,0,0,0,0,0,0,0,0,0,0,0,0,0,0,0,0,0,0,0,0,0,0
00-0036550,Rashod Bateman,WR,WR,2025,1,REG,BAL,BUF,0,0,0,0,0,0,0,0,0,0,0,0,0,0,0,2,4,10,0,0,0,0,0,0,0,0,0,0,0,0,0,0,0,1,3
00-0036554,Nico Collins,WR,WR,2025,1,REG,HOU,LA,0,0,0,0,0,0,0,0,0,0,0,0,0,0,0,3,5,25,0,0,0,0,0,0,0,0,0,0,0,0,0,0,0,2.5,5.5
00-0036555,Chuba Hubbard,RB,RB,2025,1,REG,CAR,JAX,0,0,0,0,0,0,0,0,0,16,57,0,0,0,0,3,5,32,1,0,0,0,0,0,0,0,0,0,0,0,0,0,0,14.9,17.9
00-0036563,Deommodore Lenoir,CB,DB,2025,1,REG,SF,SEA,0,0,0,0,0,0,0,0,0,0,0,0,0,0,0,0,0,0,0,0,0,0,0,0,0,0,0,0,0,0,0,0,0,0,0
00-0036564,Talanoa Hufanga,SAF,DB,2025,1,REG,DEN,TEN,0,0,0,0,0,0,0,0,0,0,0,0,0,0,0,0,0,0,0,0,0,0,0,0,0,0,0,0,0,0,0,0,0,0,0
00-0036568,Roy Lopez,DT,DL,2025,1,REG,DET,GB,0,0,0,0,0,0,0,0,0,0,0,0,0,0,0,0,0,0,0,0,0,0,0,0,0,0,0,0,0,0,0,0,0,0,0
00-0036613,Jaylen Waddle,WR,WR,2025,1,REG,MIA,IND,0,0,0,0,0,0,0,0,0,0,0,0,0,0,0,4,5,30,0,0,0,0,0,0,0,0,0,0,0,0,0,0,0,3,7
00-0036619,Dillon Radunz,OT,OL,2025,1,REG,NO,ARI,0,0,0,0,0,0,0,0,0,0,0,0,0,0,0,0,0,0,0,0,0,0,0,0,0,0,0,0,0,0,0,0,0,0,0
00-0036620,Dee Eskridge,WR,WR,2025,1,REG,MIA,IND,0,0,0,0,0,0,0,0,0,0,0,0,0,0,0,1,2,9,0,0,0,0,0,0,0,0,0,0,0,0,0,0,0,0.9,1.9
00-0036621,Nick Bolton,LB,LB,2025,1,REG,KC,LAC,0,0,0,0,0,0,0,0,0,0,0,0,0,0,0,0,0,0,0,0,0,0,0,0,0,0,0,0,0,0,0,0,0,0,0
00-0036623,Creed Humphrey,C,OL,2025,1,REG,KC,LAC,0,0,0,0,0,0,0,0,0,0,0,0,0,0,0,0,0,0,0,0,0,0,0,0,0,0,0,0,0,0,0,0,0,0,0
00-0036625,Benjamin St-Juste,CB,DB,2025,1,REG,LAC,KC,0,0,0,0,0,0,0,0,0,0,0,0,0,0,0,0,0,0,0,0,0,0,0,0,0,0,0,0,0,0,0,0,0,0,0
00-0036626,Dyami Brown,WR,WR,2025,1,REG,JAX,CAR,0,0,0,0,0,0,0,0,0,2,6,0,0,0,0,3,4,52,0,0,0,0,0,0,0,0,0,0,0,0,0,0,0,5.8,8.8
00-0036629,Camryn Bynum,SAF,DB,2025,1,REG,IND,MIA,0,0,0,0,0,0,0,0,0,0,0,0,0,0,0,0,0,0,0,0,0,0,0,0,0,0,0,0,0,0,0,0,0,0,0
00-0036630,Tylan Wallace,WR,WR,2025,1,REG,BAL,BUF,0,0,0,0,0,0,0,0,0,0,0,0,0,0,0,0,0,0,0,0,0,0,0,0,0,0,0,0,0,0,0,0,0,0,0
00-0036637,Noah Gray,TE,TE,2025,1,REG,KC,LAC,0,0,0,0,0,0,0,0,0,0,0,0,0,0,0,1,1,3,0,0,0,0,0,0,0,0,0,0,0,0,0,0,0,0.3,1.3
00-0036642,Tedarrell Slaton,DT,DL,2025,1,REG,CIN,CLE,0,0,0,0,0,0,0,0,0,0,0,0,0,0,0,0,0,0,0,0,0,0,0,0,0,0,0,0,0,0,0,0,0,0,0
00-0036644,Cameron McGrone,LB,LB,2025,1,REG,IND,MIA,0,0,0,0,0,0,0,0,0,0,0,0,0,0,0,0,0,0,0,0,0,0,0,0,0,0,0,0,0,0,0,0,0,0,0
00-0036648,Nick Niemann,LB,LB,2025,1,REG,GB,DET,0,0,0,0,0,0,0,0,0,0,0,0,0,0,0,0,0,0,0,0,0,0,0,0,0,0,0,0,0,0,0,0,0,0,0
00-0036658,Isaiah McDuffie,LB,LB,2025,1,REG,GB,DET,0,0,0,0,0,0,0,0,0,0,0,0,0,0,0,0,0,0,0,0,0,0,0,0,0,0,0,0,0,0,0,0,0,0,0
00-0036672,Grant Stuard,LB,LB,2025,1,REG,DET,GB,0,0,0,0,0,0,0,0,0,0,0,0,0,0,0,0,0,0,0,0,0,0,0,0,0,0,0,0,0,0,0,0,0,0,0
00-0036683,Devon Key,SAF,DB,2025,1,REG,DEN,TEN,0,0,0,0,0,0,0,0,0,0,0,0,0,0,0,0,0,0,0,0,0,0,0,0,0,0,0,0,0,0,0,0,0,0,0
00-0036711,Charles Snowden,DE,DL,2025,1,REG,LV,NE,0,0,0,0,0,0,0,0,0,0,0,0,0,0,0,0,0,0,0,0,0,0,0,0,0,0,0,0,0,0,0,0,0,0,0
00-0036727,Adam Prentice,FB,RB,2025,1,REG,DEN,TEN,0,0,0,0,0,0,0,0,0,0,0,0,0,0,0,1,1,4,0,0,0,0,0,0,0,0,0,0,0,0,0,0,0,0.4,1.4
00-0036741,Jack Stoll,TE,TE,2025,1,REG,NO,ARI,0,0,0,0,0,0,0,0,0,0,0,0,0,0,0,0,0,0,0,0,0,0,0,0,0,0,0,0,0,0,0,0,0,0,0
00-0036813,Christian Elliss,LB,LB,2025,1,REG,NE,LV,0,0,0,0,0,0,0,0,0,0,0,0,0,0,0,0,0,0,0,0,0,0,0,0,0,0,0,0,0,0,0,0,0,0,0
00-0036816,Riley Patterson,K,SPEC,2025,1,REG,MIA,IND,0,0,0,0,0,0,0,0,0,0,0,0,0,0,0,0,0,0,0,0,0,0,0,0,0,0,0,0,0,0,0,0,0,0,0
00-0036825,Feleipe Franks,TE,TE,2025,1,REG,ATL,TB,0,0,0,0,0,0,0,0,0,0,0,0,0,0,0,0,0,0,0,0,0,0,0,0,0,0,0,0,0,0,0,0,0,0,0
00-0036842,Kene Nwangwu,RB,RB,2025,1,REG,NYJ,PIT,0,0,0,0,0,0,0,0,0,0,0,0,0,0,0,0,0,0,0,0,0,0,0,0,0,0,0,0,0,0,0,0,0,0,0
00-0036849,Tutu Atwell,WR,WR,2025,1,REG,LA,HOU,0,0,0,0,0,0,0,0,0,0,0,0,0,0,0,1,1,4,0,0,0,0,0,0,0,0,0,0,0,0,0,0,0,0.4,1.4
00-0036854,Evan McPherson,K,SPEC,2025,1,REG,CIN,CLE,0,0,0,0,0,0,0,0,0,0,0,0,0,0,0,0,0,0,0,0,0,0,0,0,1,1,0,0,0,2,2,0,0,0,0
00-0036862,Ben Skowronek,WR,WR,2025,1,REG,PIT,NYJ,0,0,0,0,0,0,0,0,0,0,0,0,0,0,0,1,1,22,1,0,0,0,0,0,0,0,0,0,0,0,0,0,0,8.2,9.2
00-0036866,James Hudson,OT,OL,2025,1,REG,NYG,WAS,0,0,0,0,0,0,0,0,0,0,0,0,0,0,0,0,0,0,0,0,0,0,0,0,0,0,0,0,0,0,0,0,0,0,0
00-0036867,Chris Rumph II,LB,LB,2025,1,REG,NO,ARI,0,0,0,0,0,0,0,0,0,0,0,0,0,0,0,0,0,0,0,0,0,0,0,0,0,0,0,0,0,0,0,0,0,0,0
00-0036869,Dan Moore Jr.,OT,OL,2025,1,REG,TEN,DEN,0,0,0,0,0,0,0,0,0,0,0,0,0,0,0,0,0,0,0,0,0,0,0,0,0,0,0,0,0,0,0,0,0,0,0
00-0036874,Pat Surtain II,CB,DB,2025,1,REG,DEN,TEN,0,0,0,0,0,0,0,0,0,0,0,0,0,0,0,0,0,0,0,0,0,0,0,0,0,0,0,0,0,0,0,0,0,0,0
00-0036875,Rhamondre Stevenson,RB,RB,2025,1,REG,NE,LV,0,0,0,0,0,0,0,0,0,7,15,0,0,0,0,2,3,12,0,0,0,0,0,0,0,0,0,0,0,0,0,0,0,2.7,4.7
00-0036876,Kylen Granson,TE,TE,2025,1,REG,PHI,DAL,0,0,0,0,0,0,0,0,0,0,0,0,0,0,0,1,1,1,0,0,0,0,0,0,0,0,0,0,0,0,0,0,0,0.1,1.1
00-0036881,Jay Tufele,DT,DL,2025,1,REG,NYJ,PIT,0,0,0,0,0,0,0,0,0,0,0,0,0,0,0,0,0,0,0,0,0,0,0,0,0,0,0,0,0,0,0,0,0,0,0
00-0036887,Luke Farrell,TE,TE,2025,1,REG,SF,SEA,0,0,0,0,0,0,0,0,0,0,0,0,0,0,0,1,1,4,0,0,0,0,0,0,0,0,0,0,0,0,0,0,0,0.4,1.4
00-0036893,Najee Harris,RB,RB,2025,1,REG,LAC,KC,0,0,0,0,0,0,0,0,0,1,5,0,0,0,0,1,1,5,0,0,0,0,0,0,0,0,0,0,0,0,0,0,0,1,2
00-0036894,Pat Freiermuth,TE,TE,2025,1,REG,PIT,NYJ,0,0,0,0,0,0,0,0,0,0,0,0,0,0,0,3,3,28,0,0,0,0,0,0,0,0,0,0,0,0,0,0,0,2.8,5.8
00-0036900,Ja'Marr Chase,WR,WR,2025,1,REG,CIN,CLE,0,0,0,0,0,0,0,0,0,0,0,0,0,0,0,2,5,26,0,0,0,0,0,0,0,0,0,0,0,0,0,0,0,2.6,4.6
00-0036901,Eric Stokes,CB,DB,2025,1,REG,LV,NE,0,0,0,0,0,0,0,0,0,0,0,0,0,0,0,0,0,0,0,0,0,0,0,0,0,0,0,0,0,0,0,0,0,0,0
00-0036902,Joseph Ossai,DE,DL,2025,1,REG,CIN,CLE,0,0,0,0,0,0,0,0,0,0,0,0,0,0,0,0,0,0,0,0,0,0,0,0,0,0,0,0,0,0,0,0,0,0,0
00-0036903,Bobby Brown III,DT,DL,2025,1,REG,CAR,JAX,0,0,0,0,0,0,0,0,0,0,0,0,0,0,0,0,0,0,0,0,0,0,0,0,0,0,0,0,0,0,0,0,0,0,0
00-0036909,Khyiris Tonga,DT,DL,2025,1,REG,NE,LV,0,0,0,0,0,0,0,0,0,0,0,0,0,0,0,0,0,0,0,0,0,0,0,0,0,0,0,0,0,0,0,0,0,0,0
00-0036912,DeVonta Smith,WR,WR,2025,1,REG,PHI,DAL,0,0,0,0,0,0,0,0,0,0,0,0,0,0,0,3,3,16,0,0,0,0,0,0,0,0,0,0,0,0,0,0,0,1.6,4.6
00-0036914,Greg Rousseau,LB,LB,2025,1,REG,BUF,BAL,0,0,0,0,0,0,0,0,0,0,0,0,0,0,0,0,0,0,0,0,0,0,0,0,0,0,0,0,0,0,0,0,0,0,0
00-0036916,Milton Williams,DT,DL,2025,1,REG,NE,LV,0,0,0,0,0,0,0,0,0,0,0,0,0,0,0,0,0,0,0,0,0,0,0,0,0,0,0,0,0,0,0,0,0,0,0
00-0036919,Kenny Gainwell,RB,RB,2025,1,REG,PIT,NYJ,0,0,0,0,0,0,0,0,0,7,19,0,1,0,0,3,4,4,0,0,0,0,0,0,0,0,0,0,0,0,0,0,0,2.3,5.3
00-0036927,Pete Werner,LB,LB,2025,1,REG,NO,ARI,0,0,0,0,0,0,0,0,0,0,0,0,0,0,0,0,0,0,0,0,0,0,0,0,0,0,0,0,0,0,0,0,0,0,0
00-0036932,Micah Parsons,LB,LB,2025,1,REG,GB,DET,0,0,0,0,0,0,0,0,0,0,0,0,0,0,0,0,0,0,0,0,0,0,0,0,0,0,0,0,0,0,0,0,0,0,0
00-0036933,Zaven Collins,LB,LB,2025,1,REG,ARI,NO,0,0,0,0,0,0,0,0,0,0,0,0,0,0,0,0,0,0,0,0,0,0,0,0,0,0,0,0,0,0,0,0,0,0,0
00-0036934,Jaelan Phillips,LB,LB,2025,1,REG,MIA,IND,0,0,0,0,0,0,0,0,0,0,0,0,0,0,0,0,0,0,0,0,0,0,0,0,0,0,0,0,0,0,0,0,0,0,0
00-0036937,Paulson Adebo,CB,DB,2025,1,REG,NYG,WAS,0,0,0,0,0,0,0,0,0,0,0,0,0,0,0,0,0,0,0,0,0,0,0,0,0,0,0,0,0,0,0,0,0,0,0
00-0036940,Odafe Oweh,LB,LB,2025,1,REG,BAL,BUF,0,0,0,0,0,0,0,0,0,0,0,0,0,0,0,0,0,0,0,0,0,0,0,0,0,0,0,0,0,0,0,0,0,0,0
00-0036941,Andre Cisco,SAF,DB,2025,1,REG,NYJ,PIT,0,0,0,0,0,0,0,0,0,0,0,0,0,0,0,0,0,0,0,0,0,0,0,0,0,0,0,0,0,0,0,0,0,0,0
00-0036942,Osa Odighizuwa,DT,DL,2025,1,REG,DAL,PHI,0,0,0,0,0,0,0,0,0,0,0,0,0,0,0,0,0,0,0,0,0,0,0,0,0,0,0,0,0,0,0,0,0,0,0
00-0036944,Jaycee Horn,CB,DB,2025,1,REG,CAR,JAX,0,0,0,0,0,0,0,0,0,0,0,0,0,0,0,0,0,0,0,0,0,0,0,0,0,0,0,0,0,0,0,0,0,0,0
00-0036945,Justin Fields,QB,QB,2025,1,REG,NYJ,PIT,16,22,218,1,0,1,0,0,0,12,48,2,0,0,0,0,0,0,0,0,0,0,0,0,0,0,0,0,0,0,0,0,0,29.52,29.52
00-0036952,Jonathon Cooper,LB,LB,2025,1,REG,DEN,TEN,0,0,0,0,0,0,0,0,0,0,0,0,0,0,0,0,0,0,0,0,0,0,0,0,0,0,0,0,0,0,0,0,0,0,0
00-0036962,Tre'von Moehrig,SAF,DB,2025,1,REG,CAR,JAX,0,0,0,0,0,0,0,0,0,0,0,0,0,0,0,0,0,0,0,0,0,0,0,0,0,0,0,0,0,0,0,0,0,0,0
00-0036963,Amon-Ra St. Brown,WR,WR,2025,1,REG,DET,GB,0,0,0,0,0,0,0,0,0,0,0,0,0,0,0,4,6,45,0,0,0,0,0,0,0,0,0,0,0,0,0,0,0,4.5,8.5
00-0036964,Derrick Barnes,LB,LB,2025,1,REG,DET,GB,0,0,0,0,0,0,0,0,0,0,0,0,0,0,0,0,0,0,0,0,0,0,0,0,0,0,0,0,0,0,0,0,0,0,0
00-0036970,Kyle Pitts,TE,TE,2025,1,REG,ATL,TB,0,0,0,0,0,0,0,0,0,0,0,0,0,0,0,7,8,59,0,0,0,0,0,0,0,0,0,0,0,0,0,0,0,5.9,12.9
00-0036971,Trevor Lawrence,QB,QB,2025,1,REG,JAX,CAR,19,31,178,1,1,0,0,0,0,4,12,0,0,0,0,0,0,0,0,0,0,0,0,0,0,0,0,0,0,0,0,0,0,10.32,10.32
00-0036973,Travis Etienne,RB,RB,2025,1,REG,JAX,CAR,0,0,0,0,0,0,0,0,0,16,143,0,0,0,0,3,3,13,0,0,0,0,0,0,0,0,0,0,0,0,0,0,0,15.6,18.6
00-0036974,Tyson Campbell,CB,DB,2025,1,REG,JAX,CAR,0,0,0,0,0,0,0,0,0,0,0,0,0,0,0,0,0,0,0,0,0,0,0,0,0,0,0,0,0,0,0,0,0,0,0
00-0036975,Walker Little,OT,OL,2025,1,REG,JAX,CAR,0,0,0,0,0,0,0,0,0,0,0,0,0,0,0,0,0,0,0,0,0,0,0,0,0,0,0,0,0,0,0,0,0,0,0
00-0036976,Spencer Brown,OT,OL,2025,1,REG,BUF,BAL,0,0,0,0,0,0,0,0,0,0,0,0,0,0,0,0,0,0,0,0,0,0,0,0,0,0,0,0,0,0,0,0,0,0,0
00-0036980,Elijah Moore,WR,WR,2025,1,REG,BUF,BAL,0,0,0,0,0,0,0,0,0,1,8,0,0,0,0,1,1,3,0,0,0,0,0,0,0,0,0,0,0,0,0,0,0,1.1,2.1
00-0036981,Christian Barmore,DT,DL,2025,1,REG,NE,LV,0,0,0,0,0,0,0,0,0,0,0,0,0,0,0,0,0,0,0,0,0,0,0,0,0,0,0,0,0,0,0,0,0,0,0
00-0036985,Robert Hainsey,OT,OL,2025,1,REG,JAX,CAR,0,0,0,0,0,0,0,0,0,0,0,0,0,0,0,0,0,0,0,0,0,0,0,0,0,0,0,0,0,0,0,0,0,0,0
00-0036986,Nahshon Wright,CB,DB,2025,1,REG,CHI,MIN,0,0,0,0,0,0,0,0,0,0,0,0,0,0,0,0,0,0,0,0,0,0,0,0,0,0,0,0,0,0,0,0,0,0,0
00-0036987,Brandon Stephens,CB,DB,2025,1,REG,NYJ,PIT,0,0,0,0,0,0,0,0,0,0,0,0,0,0,0,0,0,0,0,0,0,0,0,0,0,0,0,0,0,0,0,0,0,0,0
00-0036988,Josh Palmer,WR,WR,2025,1,REG,BUF,BAL,0,0,0,0,0,0,0,0,0,0,0,0,0,0,0,5,9,61,0,0,0,0,0,0,0,0,0,0,0,0,0,0,0,6.1,11.1
00-0036989,Malcolm Koonce,DE,DL,2025,1,REG,LV,NE,0,0,0,0,0,0,0,0,0,0,0,0,0,0,0,0,0,0,0,0,0,0,0,0,0,0,0,0,0,0,0,0,0,0,0
00-0036990,Divine Deablo,LB,LB,2025,1,REG,ATL,TB,0,0,0,0,0,0,0,0,0,0,0,0,0,0,0,0,0,0,0,0,0,0,0,0,0,0,0,0,0,0,0,0,0,0,0
00-0036992,Elijah Molden,CB,DB,2025,1,REG,LAC,KC,0,0,0,0,0,0,0,0,0,0,0,0,0,0,0,0,0,0,0,0,0,0,0,0,0,0,0,0,0,0,0,0,0,0,0
00-0036993,Ifeatu Melifonwu,SAF,DB,2025,1,REG,MIA,IND,0,0,0,0,0,0,0,0,0,0,0,0,0,0,0,0,0,0,0,0,0,0,0,0,0,0,0,0,0,0,0,0,0,0,0
00-0036994,Ernest Jones,LB,LB,2025,1,REG,SEA,SF,0,0,0,0,0,0,0,0,0,0,0,0,0,0,0,0,0,0,0,0,0,0,0,0,0,0,0,0,0,0,0,0,0,0,0
00-0036995,Baron Browning,LB,LB,2025,1,REG,ARI,NO,0,0,0,0,0,0,0,0,0,0,0,0,0,0,0,0,0,0,0,0,0,0,0,0,0,0,0,0,0,0,0,0,0,0,0
00-0036996,Greg Newsome II,CB,DB,2025,1,REG,CLE,CIN,0,0,0,0,0,0,0,0,0,0,0,0,0,0,0,0,0,0,0,0,0,0,0,0,0,0,0,0,0,0,0,0,0,0,0
00-0036997,Javonte Williams,RB,RB,2025,1,REG,DAL,PHI,0,0,0,0,0,0,0,0,0,15,54,2,0,0,0,2,3,10,0,0,0,0,0,0,0,0,0,0,0,0,0,0,0,18.4,20.4
00-0036998,Jevon Holland,SAF,DB,2025,1,REG,NYG,WAS,0,0,0,0,0,0,0,0,0,0,0,0,0,0,0,0,0,0,0,0,0,0,0,0,0,0,0,0,0,0,0,0,0,0,0
00-0037001,Quinn Meinerz,C,OL,2025,1,REG,DEN,TEN,0,0,0,0,0,0,0,0,0,0,0,0,0,0,0,0,0,0,0,0,0,0,0,0,0,0,0,0,0,0,0,0,0,0,0
00-0037003,Chazz Surratt,LB,LB,2025,1,REG,SEA,SF,0,0,0,0,0,0,0,0,0,0,0,0,0,0,0,0,0,0,0,0,0,0,0,0,0,0,0,0,0,0,0,0,0,0,0
00-0037004,Hunter Long,TE,TE,2025,1,REG,JAX,CAR,0,0,0,0,0,0,0,0,0,0,0,0,0,0,0,1,1,6,1,0,0,0,0,0,0,0,0,0,0,0,0,0,0,6.6,7.6
00-0037005,Tommy Tremble,TE,TE,2025,1,REG,CAR,JAX,0,0,0,0,0,0,0,0,0,0,0,0,0,0,0,1,1,2,0,0,0,0,0,0,0,0,0,0,0,0,0,0,0,0.2,1.2
00-0037007,Patrick Jones II,LB,LB,2025,1,REG,CAR,JAX,0,0,0,0,0,0,0,0,0,0,0,0,0,0,0,0,0,0,0,0,0,0,0,0,0,0,0,0,0,0,0,0,0,0,0
00-0037013,Zach Wilson,QB,QB,2025,1,REG,MIA,IND,5,8,32,0,0,0,0,0,0,1,3,0,0,0,0,0,0,0,0,0,0,0,0,0,0,0,0,0,0,0,0,0,0,1.58,1.58
00-0037051,Elijah Garcia,DE,DL,2025,1,REG,NYG,WAS,0,0,0,0,0,0,0,0,0,0,0,0,0,0,0,0,0,0,0,0,0,0,0,0,0,0,0,0,0,0,0,0,0,0,0
00-0037073,Jordan Davis,DT,DL,2025,1,REG,PHI,DAL,0,0,0,0,0,0,0,0,0,0,0,0,0,0,0,0,0,0,0,0,0,0,0,0,0,0,0,0,0,0,0,0,0,0,0
00-0037074,Quay Walker,LB,LB,2025,1,REG,GB,DET,0,0,0,0,0,0,0,0,0,0,0,0,0,0,0,0,0,0,0,0,0,0,0,0,0,0,0,0,0,0,0,0,0,0,0
00-0037075,Devonte Wyatt,DT,DL,2025,1,REG,GB,DET,0,0,0,0,0,0,0,0,0,0,0,0,0,0,0,0,0,0,0,0,0,0,0,0,0,0,0,0,0,0,0,0,0,0,0
00-0037079,Riq Woolen,CB,DB,2025,1,REG,SEA,SF,0,0,0,0,0,0,0,0,0,0,0,0,0,0,0,0,0,0,0,0,0,0,0,0,0,0,0,0,0,0,0,0,0,0,0
00-0037083,Kingsley Enagbare,LB,LB,2025,1,REG,GB,DET,0,0,0,0,0,0,0,0,0,0,0,0,0,0,0,0,0,0,0,0,0,0,0,0,0,0,0,0,0,0,0,0,0,0,0
00-0037085,Tyler Badie,RB,RB,2025,1,REG,DEN,TEN,0,0,0,0,0,0,0,0,0,0,0,0,0,0,0,2,6,16,0,0,0,0,0,0,0,0,0,0,0,0,0,0,0,1.6,3.6
00-0037091,Bo Melton,WR,WR,2025,1,REG,GB,DET,0,0,0,0,0,0,0,0,0,0,0,0,0,0,0,0,0,0,0,0,0,0,0,0,0,0,0,0,0,0,0,0,0,0,0
00-0037096,Elijah Hicks,SAF,DB,2025,1,REG,CHI,MIN,0,0,0,0,0,0,0,0,0,0,0,0,0,0,0,0,0,0,0,0,0,0,0,0,0,0,0,0,0,0,0,0,0,0,0
00-0037106,Jaylon Jones,DB,DB,2025,1,REG,CHI,MIN,0,0,0,0,0,0,0,0,0,0,0,0,0,0,0,0,0,0,0,0,0,0,0,0,0,0,0,0,0,0,0,0,0,0,0
00-0037109,Jack Sanborn,LB,LB,2025,1,REG,DAL,PHI,0,0,0,0,0,0,0,0,0,0,0,0,0,0,0,0,0,0,0,0,0,0,0,0,0,0,0,0,0,0,0,0,0,0,0
00-0037112,Jake Tonges,TE,TE,2025,1,REG,SF,SEA,0,0,0,0,0,0,0,0,0,0,0,0,0,0,0,3,3,15,1,0,0,0,0,0,0,0,0,0,0,0,0,0,0,7.5,10.5
00-0037130,Reed Blankenship,SAF,DB,2025,1,REG,PHI,DAL,0,0,0,0,0,0,0,0,0,0,0,0,0,0,0,0,0,0,0,0,0,0,0,0,0,0,0,0,0,0,0,0,0,0,0
00-0037137,Josh Jobe,CB,DB,2025,1,REG,SEA,SF,0,0,0,0,0,0,0,0,0,0,0,0,0,0,0,0,0,0,0,0,0,0,0,0,0,0,0,0,0,0,0,0,0,0,0
00-0037155,Tony Adams,SAF,DB,2025,1,REG,NYJ,PIT,0,0,0,0,0,0,0,0,0,0,0,0,0,0,0,0,0,0,0,0,0,0,0,0,0,0,0,0,0,0,0,0,0,0,0
00-0037190,Sauce Gardner,CB,DB,2025,1,REG,NYJ,PIT,0,0,0,0,0,0,0,0,0,0,0,0,0,0,0,0,0,0,0,0,0,0,0,0,0,0,0,0,0,0,0,0,0,0,0
00-0037191,Trent McDuffie,CB,DB,2025,1,REG,KC,LAC,0,0,0,0,0,0,0,0,0,0,0,0,0,0,0,0,0,0,0,0,0,0,0,0,0,0,0,0,0,0,0,0,0,0,0
00-0037192,George Karlaftis,DE,DL,2025,1,REG,KC,LAC,0,0,0,0,0,0,0,0,0,0,0,0,0,0,0,0,0,0,0,0,0,0,0,0,0,0,0,0,0,0,0,0,0,0,0
00-0037193,Bryan Cook,SAF,DB,2025,1,REG,KC,LAC,0,0,0,0,0,0,0,0,0,0,0,0,0,0,0,0,0,0,0,0,0,0,0,0,0,0,0,0,0,0,0,0,0,0,0
00-0037195,Jaylen Watson,CB,DB,2025,1,REG,KC,LAC,0,0,0,0,0,0,0,0,0,0,0,0,0,0,0,0,0,0,0,0,0,0,0,0,0,0,0,0,0,0,0,0,0,0,0
00-0037197,Isiah Pacheco,RB,RB,2025,1,REG,KC,LAC,0,0,0,0,0,0,0,0,0,5,25,0,0,0,0,2,3,3,0,0,0,0,0,0,0,0,0,0,0,0,0,0,0,2.8,4.8
00-0037208,Jack Cochrane,LB,LB,2025,1,REG,KC,LAC,0,0,0,0,0,0,0,0,0,0,0,0,0,0,0,0,0,0,0,0,0,0,0,0,0,0,0,0,0,0,0,0,0,0,0
00-0037224,Cameron Dicker,K,SPEC,2025,1,REG,LAC,KC,0,0,0,0,0,0,0,0,0,0,0,0,0,0,0,0,0,0,0,0,0,0,0,0,2,2,0,0,0,3,3,0,0,0,0
00-0037228,Jaylen Warren,RB,RB,2025,1,REG,PIT,NYJ,0,0,0,0,0,0,0,0,0,11,37,0,0,0,0,2,2,22,1,0,0,0,0,0,0,0,0,0,0,0,0,0,0,11.9,13.9
00-0037235,Travon Walker,DE,DL,2025,1,REG,JAX,CAR,0,0,0,0,0,0,0,0,0,0,0,0,0,0,0,0,0,0,0,0,0,0,0,0,0,0,0,0,0,0,0,0,0,0,0
00-0037236,Aidan Hutchinson,DE,DL,2025,1,REG,DET,GB,0,0,0,0,0,0,0,0,0,0,0,0,0,0,0,0,0,0,0,0,0,0,0,0,0,0,0,0,0,0,0,0,0,0,0
00-0037237,Derek Stingley Jr.,CB,DB,2025,1,REG,HOU,LA,0,0,0,0,0,0,0,0,0,0,0,0,0,0,0,0,0,0,0,0,0,0,0,0,0,0,0,0,0,0,0,0,0,0,0
00-0037238,Drake London,WR,WR,2025,1,REG,ATL,TB,0,0,0,0,0,0,0,0,0,0,0,0,0,0,0,8,15,55,0,0,0,0,0,0,0,0,0,0,0,0,0,0,0,5.5,13.5
00-0037239,Chris Olave,WR,WR,2025,1,REG,NO,ARI,0,0,0,0,0,0,0,0,0,0,0,0,0,0,0,7,13,54,0,0,0,0,0,0,0,0,0,0,0,0,0,0,0,5.4,12.4
00-0037240,Jameson Williams,WR,WR,2025,1,REG,DET,GB,0,0,0,0,0,0,0,0,0,1,3,0,0,0,0,4,5,23,0,0,0,0,0,0,0,0,0,0,0,0,0,0,0,2.6,6.6
00-0037242,Kaiir Elam,CB,DB,2025,1,REG,DAL,PHI,0,0,0,0,0,0,0,0,0,0,0,0,0,0,0,0,0,0,0,0,0,0,0,0,0,0,0,0,0,0,0,0,0,0,0
00-0037243,Tyler Smith,OT,OL,2025,1,REG,DAL,PHI,0,0,0,0,0,0,0,0,0,0,0,0,0,0,0,0,0,0,0,0,0,0,0,0,0,0,0,0,0,0,0,0,0,0,0
00-0037244,Devin Lloyd,LB,LB,2025,1,REG,JAX,CAR,0,0,0,0,0,0,0,0,0,0,0,0,0,0,0,0,0,0,0,0,0,0,0,0,0,0,0,0,0,0,0,0,0,0,0
00-0037246,Jalen Pitre,SAF,DB,2025,1,REG,HOU,LA,0,0,0,0,0,0,0,0,0,0,0,0,0,0,0,0,0,0,0,0,0,0,0,0,0,0,0,0,0,0,0,0,0,0,0
00-0037247,George Pickens,WR,WR,2025,1,REG,DAL,PHI,0,0,0,0,0,0,0,0,0,0,0,0,0,0,0,3,4,30,0,0,0,0,0,0,0,0,0,0,0,0,0,0,0,3,6
00-0037248,James Cook,RB,RB,2025,1,REG,BUF,BAL,0,0,0,0,0,0,0,0,0,13,44,1,0,0,0,5,5,58,0,0,0,0,0,0,0,0,0,0,0,0,0,0,0,16.2,21.2
00-0037249,Nik Bonitto,LB,LB,2025,1,REG,DEN,TEN,0,0,0,0,0,0,0,0,0,0,0,0,0,0,0,0,0,0,0,0,0,0,0,0,0,0,0,0,0,0,0,0,0,0,0
00-0037251,Alex Wright,DE,DL,2025,1,REG,CLE,CIN,0,0,0,0,0,0,0,0,0,0,0,0,0,0,0,0,0,0,0,0,0,0,0,0,0,0,0,0,0,0,0,0,0,0,0
00-0037253,Marcus Jones,CB,DB,2025,1,REG,NE,LV,0,0,0,0,0,0,0,0,0,0,0,0,0,0,0,0,0,0,0,0,0,0,0,0,0,0,0,0,0,0,0,0,0,0,0
00-0037254,Terrel Bernard,LB,LB,2025,1,REG,BUF,BAL,0,0,0,0,0,0,0,0,0,0,0,0,0,0,0,0,0,0,0,0,0,0,0,0,0,0,0,0,0,0,0,0,0,0,0
00-0037255,Dylan Parham,G,OL,2025,1,REG,LV,NE,0,0,0,0,0,0,0,0,0,0,0,0,0,0,0,0,0,0,0,0,0,0,0,0,0,0,0,0,0,0,0,0,0,0,0
00-0037256,Rachaad White,RB,RB,2025,1,REG,TB,ATL,0,0,0,0,0,0,0,0,0,2,14,0,0,0,0,1,1,2,0,0,0,0,0,0,0,0,0,0,0,0,0,0,0,1.6,2.6
00-0037258,Dameon Pierce,RB,RB,2025,1,REG,HOU,LA,0,0,0,0,0,0,0,0,0,3,5,0,0,0,0,0,1,0,0,0,0,0,0,0,0,0,0,0,0,0,0,0,0,0.5,0.5
00-0037259,Micah McFadden,LB,LB,2025,1,REG,NYG,WAS,0,0,0,0,0,0,0,0,0,0,0,0,0,0,0,0,0,0,0,0,0,0,0,0,0,0,0,0,0,0,0,0,0,0,0
00-0037261,Khalil Shakir,WR,WR,2025,1,REG,BUF,BAL,0,0,0,0,0,0,0,0,0,0,0,0,0,0,0,6,9,64,0,0,0,0,0,0,0,0,0,0,0,0,0,0,0,6.4,12.4
00-0037262,Thomas Booker,DT,DL,2025,1,REG,LV,NE,0,0,0,0,0,0,0,0,0,0,0,0,0,0,0,0,0,0,0,0,0,0,0,0,0,0,0,0,0,0,0,0,0,0,0
00-0037263,Tyler Allgeier,RB,RB,2025,1,REG,ATL,TB,0,0,0,0,0,0,0,0,0,10,24,0,0,0,0,0,0,0,0,0,0,0,0,0,0,0,0,0,0,0,0,0,0,2.4,2.4
00-0037267,Jerome Ford,RB,RB,2025,1,REG,CLE,CIN,0,0,0,0,0,0,0,0,0,6,8,0,0,0,0,1,1,-3,0,0,0,0,0,0,0,0,0,0,0,0,0,0,0,0.5,1.5
00-0037268,Zyon McCollum,CB,DB,2025,1,REG,TB,ATL,0,0,0,0,0,0,0,0,0,0,0,0,0,0,0,0,0,0,0,0,0,0,0,0,0,0,0,0,0,0,0,0,0,0,0
00-0037269,Eric Johnson,DT,DL,2025,1,REG,IND,MIA,0,0,0,0,0,0,0,0,0,0,0,0,0,0,0,0,0,0,0,0,0,0,0,0,0,0,0,0,0,0,0,0,0,0,0
00-0037275,DaRon Bland,CB,DB,2025,1,REG,DAL,PHI,0,0,0,0,0,0,0,0,0,0,0,0,0,0,0,0,0,0,0,0,0,0,0,0,0,0,0,0,0,0,0,0,0,0,0
00-0037276,Ty Chandler,RB,RB,2025,1,REG,MIN,CHI,0,0,0,0,0,0,0,0,0,0,0,0,0,0,0,0,0,0,0,0,0,0,0,0,0,0,0,0,0,0,0,0,0,0,0
00-0037278,Luke Wattenberg,C,OL,2025,1,REG,DEN,TEN,0,0,0,0,0,0,0,0,0,0,0,0,0,0,0,0,0,0,0,0,0,0,0,0,0,0,0,0,0,0,0,0,0,0,0
00-0037280,Matthew Butler,DT,DL,2025,1,REG,MIA,IND,0,0,0,0,0,0,0,0,0,0,0,0,0,0,0,0,0,0,0,0,0,0,0,0,0,0,0,0,0,0,0,0,0,0,0
00-0037281,Damone Clark,LB,LB,2025,1,REG,DAL,PHI,0,0,0,0,0,0,0,0,0,0,0,0,0,0,0,0,0,0,0,0,0,0,0,0,0,0,0,0,0,0,0,0,0,0,0
00-0037284,Matt Araiza,P,SPEC,2025,1,REG,KC,LAC,0,0,0,0,0,0,0,0,0,0,0,0,0,0,0,0,0,0,0,0,0,0,0,0,0,0,0,0,0,0,0,0,0,0,0
00-0037288,Christian Benford,CB,DB,2025,1,REG,BUF,BAL,0,0,0,0,0,0,0,0,0,0,0,0,0,0,0,0,0,0,0,0,0,0,0,0,0,0,0,0,0,0,0,0,0,0,0
00-0037291,Jalen Nailor,WR,WR,2025,1,REG,MIN,CHI,0,0,0,0,0,0,0,0,0,0,0,0,0,0,0,1,3,28,0,0,0,0,0,0,0,0,0,0,0,0,0,0,0,2.8,3.8
00-0037292,Andrew Ogletree,TE,TE,2025,1,REG,IND,MIA,0,0,0,0,0,0,0,0,0,0,0,0,0,0,0,0,0,0,0,0,0,0,0,0,0,0,0,0,0,0,0,0,0,0,0
00-0037294,Jordan Jackson,DT,DL,2025,1,REG,DEN,TEN,0,0,0,0,0,0,0,0,0,0,0,0,0,0,0,0,0,0,0,0,0,0,0,0,0,0,0,0,0,0,0,0,0,0,0
00-0037295,Jamaree Salyer,G,OL,2025,1,REG,LAC,KC,0,0,0,0,0,0,0,0,0,0,0,0,0,0,0,0,0,0,0,0,0,0,0,0,0,0,0,0,0,0,0,0,0,0,0
00-0037301,Theo Jackson,DB,DB,2025,1,REG,MIN,CHI,0,0,0,0,0,0,0,0,0,0,0,0,0,0,0,0,0,0,0,0,0,0,0,0,0,0,0,0,0,0,0,0,0,0,0
00-0037304,Connor Heyward,FB,RB,2025,1,REG,PIT,NYJ,0,0,0,0,0,0,0,0,0,0,0,0,0,0,0,0,0,0,0,0,0,0,0,0,0,0,0,0,0,0,0,0,0,0,0
00-0037306,John FitzPatrick,TE,TE,2025,1,REG,GB,DET,0,0,0,0,0,0,0,0,0,0,0,0,0,0,0,1,1,2,0,0,0,0,0,0,0,0,0,0,0,0,0,0,0,0.2,1.2
00-0037307,Ja'Sir Taylor,CB,DB,2025,1,REG,LAC,KC,0,0,0,0,0,0,0,0,0,0,0,0,0,0,0,0,0,0,0,0,0,0,0,0,0,0,0,0,0,0,0,0,0,0,0
00-0037310,James Houston,LB,LB,2025,1,REG,DAL,PHI,0,0,0,0,0,0,0,0,0,0,0,0,0,0,0,0,0,0,0,0,0,0,0,0,0,0,0,0,0,0,0,0,0,0,0
00-0037311,Ko Kieft,TE,TE,2025,1,REG,TB,ATL,0,0,0,0,0,0,0,0,0,0,0,0,0,0,0,0,0,0,0,0,0,0,0,0,0,0,0,0,0,0,0,0,0,0,0
00-0037316,Mark Robinson,LB,LB,2025,1,REG,NE,LV,0,0,0,0,0,0,0,0,0,0,0,0,0,0,0,0,0,0,0,0,0,0,0,0,0,0,0,0,0,0,0,0,0,0,0
00-0037321,Chase Lucas,CB,DB,2025,1,REG,SF,SEA,0,0,0,0,0,0,0,0,0,0,0,0,0,0,0,0,0,0,0,0,0,0,0,0,0,0,0,0,0,0,0,0,0,0,0
00-0037323,Rodney Thomas,SAF,DB,2025,1,REG,IND,MIA,0,0,0,0,0,0,0,0,0,0,0,0,0,0,0,0,0,0,0,0,0,0,0,0,0,0,0,0,0,0,0,0,0,0,0
00-0037348,Tanner Conner,TE,TE,2025,1,REG,MIA,IND,0,0,0,0,0,0,0,0,0,0,0,0,0,0,0,2,4,20,0,0,0,0,0,0,0,0,0,0,0,0,0,0,0,2,4
00-0037384,Ja'Quan McMillian,CB,DB,2025,1,REG,DEN,TEN,0,0,0,0,0,0,0,0,0,0,0,0,0,0,0,0,0,0,0,0,0,0,0,0,0,0,0,0,0,0,0,0,0,0,0
00-0037500,Ryan Wright,P,SPEC,2025,1,REG,MIN,CHI,0,0,0,0,0,0,0,0,0,0,0,0,0,0,0,0,0,0,0,0,0,0,0,0,0,0,0,0,0,0,0,0,0,0,0
00-0037512,Isaiah Pola-Mao,SAF,DB,2025,1,REG,LV,NE,0,0,0,0,0,0,0,0,0,0,0,0,0,0,0,0,0,0,0,0,0,0,0,0,0,0,0,0,0,0,0,0,0,0,0
00-0037525,Jordan Mason,RB,RB,2025,1,REG,MIN,CHI,0,0,0,0,0,0,0,0,0,15,68,0,0,0,0,1,1,7,0,0,0,0,0,0,0,0,0,0,0,0,0,0,0,7.5,8.5
00-0037526,Marcelino McCrary-Ball,LB,LB,2025,1,REG,NYJ,PIT,0,0,0,0,0,0,0,0,0,0,0,0,0,0,0,0,0,0,0,0,0,0,0,0,0,0,0,0,0,0,0,0,0,0,0
00-0037527,Segun Olubi,LB,LB,2025,1,REG,IND,MIA,0,0,0,0,0,0,0,0,0,0,0,0,0,0,0,0,0,0,0,0,0,0,0,0,0,0,0,0,0,0,0,0,0,0,0
00-0037539,Lucas Krull,TE,TE,2025,1,REG,DEN,TEN,0,0,0,0,0,0,0,0,0,0,0,0,0,0,0,1,2,6,0,0,0,0,0,0,0,0,0,0,0,0,0,0,0,0.6,1.6
00-0037545,Rashid Shaheed,WR,WR,2025,1,REG,NO,ARI,0,0,0,0,0,0,0,0,0,0,0,0,0,0,0,6,9,33,0,0,0,0,0,0,0,0,0,0,0,0,0,0,0,3.3,9.3
00-0037547,Daniel Whelan,P,SPEC,2025,1,REG,GB,DET,0,0,0,0,0,0,0,0,0,0,0,0,0,0,0,0,0,0,0,0,0,0,0,0,0,0,0,0,0,0,0,0,0,0,0
00-0037549,Darrell Baker Jr.,CB,DB,2025,1,REG,TEN,DEN,0,0,0,0,0,0,0,0,0,0,0,0,0,0,0,0,0,0,0,0,0,0,0,0,0,0,0,0,0,0,0,0,0,0,0
00-0037587,Nate Landman,LB,LB,2025,1,REG,LA,HOU,0,0,0,0,0,0,0,0,0,0,0,0,0,0,0,0,0,0,0,0,0,0,0,0,0,0,0,0,0,0,0,0,0,0,0
00-0037594,Julius Chestnut,RB,RB,2025,1,REG,TEN,DEN,0,0,0,0,0,0,0,0,0,2,2,0,0,0,0,0,0,0,0,0,0,0,0,0,0,0,0,0,0,0,0,0,0,0.2,0.2
00-0037596,Jack Gibbens,LB,LB,2025,1,REG,NE,LV,0,0,0,0,0,0,0,0,0,0,0,0,0,0,0,0,0,0,0,0,0,0,0,0,0,0,0,0,0,0,0,0,0,0,0
00-0037602,Sam Okuayinonu,DT,DL,2025,1,REG,SF,SEA,0,0,0,0,0,0,0,0,0,0,0,0,0,0,0,0,0,0,0,0,0,0,0,0,0,0,0,0,0,0,0,0,0,0,0
00-0037611,Kayvon Thibodeaux,LB,LB,2025,1,REG,NYG,WAS,0,0,0,0,0,0,0,0,0,0,0,0,0,0,0,0,0,0,0,0,0,0,0,0,0,0,0,0,0,0,0,0,0,0,0
00-0037614,John Metchie III,WR,WR,2025,1,REG,PHI,DAL,0,0,0,0,0,0,0,0,0,0,0,0,0,0,0,0,0,0,0,0,0,0,0,0,0,0,0,0,0,0,0,0,0,0,0
00-0037616,Nick Cross,SAF,DB,2025,1,REG,IND,MIA,0,0,0,0,0,0,0,0,0,0,0,0,0,0,0,0,0,0,0,0,0,0,0,0,0,0,0,0,0,0,0,0,0,0,0
00-0037617,Hassan Haskins,RB,RB,2025,1,REG,LAC,KC,0,0,0,0,0,0,0,0,0,0,0,0,0,0,0,0,0,0,0,0,0,0,0,0,0,0,0,0,0,0,0,0,0,0,0
00-0037633,Jacob Hummel,LB,LB,2025,1,REG,BAL,BUF,0,0,0,0,0,0,0,0,0,0,0,0,0,0,0,0,0,0,0,0,0,0,0,0,0,0,0,0,0,0,0,0,0,0,0
00-0037663,Jermaine Johnson II,DE,DL,2025,1,REG,NYJ,PIT,0,0,0,0,0,0,0,0,0,0,0,0,0,0,0,0,0,0,0,0,0,0,0,0,0,0,0,0,0,0,0,0,0,0,0
00-0037664,Alec Pierce,WR,WR,2025,1,REG,IND,MIA,0,0,0,0,0,0,0,0,0,0,0,0,0,0,0,1,3,36,0,0,0,0,0,0,0,0,0,0,0,0,0,0,0,3.6,4.6
00-0037665,Sam Williams,LB,LB,2025,1,REG,DAL,PHI,0,0,0,0,0,0,0,0,0,0,0,0,0,0,0,0,0,0,0,0,0,0,0,0,0,0,0,0,0,0,0,0,0,0,0
00-0037666,Jalen Tolbert,WR,WR,2025,1,REG,DAL,PHI,0,0,0,0,0,0,0,0,0,0,0,0,0,0,0,1,2,0,0,0,0,0,0,0,0,0,0,0,0,0,0,0,0,0,1
00-0037667,Kerby Joseph,SAF,DB,2025,1,REG,DET,GB,0,0,0,0,0,0,0,0,0,0,0,0,0,0,0,0,0,0,0,0,0,0,0,0,0,0,0,0,0,0,0,0,0,0,0
00-0037692,Brandon Aubrey,K,SPEC,2025,1,REG,DAL,PHI,0,0,0,0,0,0,0,0,0,0,0,0,0,0,0,0,0,0,0,0,0,0,0,0,2,2,0,0,0,2,2,0,0,0,0
00-0037740,Garrett Wilson,WR,WR,2025,1,REG,NYJ,PIT,0,0,0,0,0,0,0,0,0,0,0,0,0,0,0,7,9,95,1,0,0,0,0,0,0,0,0,0,0,0,0,0,0,15.5,22.5
00-0037741,Jahan Dotson,WR,WR,2025,1,REG,PHI,DAL,0,0,0,0,0,0,0,0,0,0,0,0,0,0,0,3,3,59,0,0,0,0,0,0,0,0,0,0,0,0,0,0,0,5.9,8.9
00-0037743,Daxton Hill,DB,DB,2025,1,REG,CIN,CLE,0,0,0,0,0,0,0,0,0,0,0,0,0,0,0,0,0,0,0,0,0,0,0,0,0,0,0,0,0,0,0,0,0,0,0
00-0037744,Trey McBride,TE,TE,2025,1,REG,ARI,NO,0,0,0,0,0,0,0,0,0,0,0,0,0,0,0,6,9,61,0,0,0,0,0,0,0,0,0,0,0,0,0,0,0,6.1,12.1
00-0037745,Velus Jones Jr.,WR,WR,2025,1,REG,NO,ARI,0,0,0,0,0,0,0,0,0,0,0,0,0,0,0,0,0,0,0,0,0,0,0,0,0,0,0,0,0,0,0,0,0,0,0
00-0037746,Brian Robinson,RB,RB,2025,1,REG,SF,SEA,0,0,0,0,0,0,0,0,0,9,33,0,0,0,0,1,2,4,0,0,0,0,0,0,0,0,0,0,0,0,0,0,0,3.7,4.7
00-0037752,Tycen Anderson,SAF,DB,2025,1,REG,CIN,CLE,0,0,0,0,0,0,0,0,0,0,0,0,0,0,0,0,0,0,0,0,0,0,0,0,0,0,0,0,0,0,0,0,0,0,0
00-0037753,Cam Taylor-Britt,CB,DB,2025,1,REG,CIN,CLE,0,0,0,0,0,0,0,0,0,0,0,0,0,0,0,0,0,0,0,0,0,0,0,0,0,0,0,0,0,0,0,0,0,0,0
00-0037756,Travis Jones,DT,DL,2025,1,REG,BAL,BUF,0,0,0,0,0,0,0,0,0,0,0,0,0,0,0,0,0,0,0,0,0,0,0,0,0,0,0,0,0,0,0,0,0,0,0
00-0037757,Bernhard Raimann,OT,OL,2025,1,REG,IND,MIA,0,0,0,0,0,0,0,0,0,0,0,0,0,0,0,0,0,0,0,0,0,0,0,0,0,0,0,0,0,0,0,0,0,0,0
00-0037758,Cordale Flott,CB,DB,2025,1,REG,NYG,WAS,0,0,0,0,0,0,0,0,0,0,0,0,0,0,0,0,0,0,0,0,0,0,0,0,0,0,0,0,0,0,0,0,0,0,0
00-0037799,Dondrea Tillman,LB,LB,2025,1,REG,DEN,TEN,0,0,0,0,0,0,0,0,0,0,0,0,0,0,0,0,0,0,0,0,0,0,0,0,0,0,0,0,0,0,0,0,0,0,0
00-0037801,KaVontae Turpin,WR,WR,2025,1,REG,DAL,PHI,0,0,0,0,0,0,0,0,0,2,9,0,0,0,0,2,2,18,0,0,0,0,0,0,0,0,0,0,0,0,0,0,0,2.7,4.7
00-0037805,Jeremy Ruckert,TE,TE,2025,1,REG,NYJ,PIT,0,0,0,0,0,0,0,0,0,0,0,0,0,0,0,2,2,16,0,0,0,0,0,0,0,0,0,0,0,0,0,0,0,1.6,3.6
00-0037809,Chig Okonkwo,TE,TE,2025,1,REG,TEN,DEN,0,0,0,0,0,0,0,0,0,0,0,0,0,0,0,3,4,19,0,0,0,0,0,0,0,0,0,0,0,0,0,0,0,1.9,4.9
00-0037816,Romeo Doubs,WR,WR,2025,1,REG,GB,DET,0,0,0,0,0,0,0,0,0,0,0,0,0,0,0,2,4,68,0,0,0,0,0,0,0,0,0,0,0,0,0,0,0,6.8,8.8
00-0037819,Leo Chenal,LB,LB,2025,1,REG,KC,LAC,0,0,0,0,0,0,0,0,0,0,0,0,0,0,0,0,0,0,0,0,0,0,0,0,0,0,0,0,0,0,0,0,0,0,0
00-0037823,Christian Harris,LB,LB,2025,1,REG,HOU,LA,0,0,0,0,0,0,0,0,0,0,0,0,0,0,0,0,0,0,0,0,0,0,0,0,0,0,0,0,0,0,0,0,0,0,0
00-0037832,Kalia Davis,DT,DL,2025,1,REG,SF,SEA,0,0,0,0,0,0,0,0,0,0,0,0,0,0,0,0,0,0,0,0,0,0,0,0,0,0,0,0,0,0,0,0,0,0,0
00-0037834,Brock Purdy,QB,QB,2025,1,REG,SF,SEA,26,35,277,2,2,1,0,0,0,5,17,0,0,0,0,0,0,0,0,0,0,0,0,0,0,0,0,0,0,0,0,0,0,16.78,16.78
00-0037837,Calvin Austin III,WR,WR,2025,1,REG,PIT,NYJ,0,0,0,0,0,0,0,0,0,0,0,0,0,0,0,4,6,70,1,0,0,0,0,0,0,0,0,0,0,0,0,0,0,13,17
00-0037839,Cobie Durant,CB,DB,2025,1,REG,LA,HOU,0,0,0,0,0,0,0,0,0,0,0,0,0,0,0,0,0,0,0,0,0,0,0,0,0,0,0,0,0,0,0,0,0,0,0
00-0037840,Kyren Williams,RB,RB,2025,1,REG,LA,HOU,0,0,0,0,0,0,0,0,0,18,66,1,0,0,0,1,2,3,0,0,0,0,0,0,0,0,0,0,0,0,0,0,0,12.9,13.9
00-0037841,Quentin Lake,SAF,DB,2025,1,REG,LA,HOU,0,0,0,0,0,0,0,0,0,0,0,0,0,0,0,0,0,0,0,0,0,0,0,0,0,0,0,0,0,0,0,0,0,0,0
00-0037843,Daniel Hardy,DE,DL,2025,1,REG,CHI,MIN,0,0,0,0,0,0,0,0,0,0,0,0,0,0,0,0,0,0,0,0,0,0,0,0,0,0,0,0,0,0,0,0,0,0,0
00-0038038,Kyle Hamilton,SAF,DB,2025,1,REG,BAL,BUF,0,0,0,0,0,0,0,0,0,0,0,0,0,0,0,0,0,0,0,0,0,0,0,0,0,0,0,0,0,0,0,0,0,0,0
00-0038039,Jack Jones,CB,DB,2025,1,REG,MIA,IND,0,0,0,0,0,0,0,0,0,0,0,0,0,0,0,0,0,0,0,0,0,0,0,0,0,0,0,0,0,0,0,0,0,0,0
00-0038040,Zamir White,RB,RB,2025,1,REG,LV,NE,0,0,0,0,0,0,0,0,0,3,8,0,0,0,0,0,0,0,0,0,0,0,0,0,0,0,0,0,0,0,0,0,0,0.8,0.8
00-0038041,Jake Ferguson,TE,TE,2025,1,REG,DAL,PHI,0,0,0,0,0,0,0,0,0,0,0,0,0,0,0,5,6,23,0,0,0,0,0,0,0,0,0,0,0,0,0,0,0,2.3,7.3
00-0038043,Joshua Williams,CB,DB,2025,1,REG,KC,LAC,0,0,0,0,0,0,0,0,0,0,0,0,0,0,0,0,0,0,0,0,0,0,0,0,0,0,0,0,0,0,0,0,0,0,0
00-0038090,Skyy Moore,WR,WR,2025,1,REG,SF,SEA,0,0,0,0,0,0,0,0,0,0,0,0,0,0,0,0,0,0,0,0,0,0,0,0,0,0,0,0,0,0,0,0,0,0,0
00-0038094,Jordan Stout,P,SPEC,2025,1,REG,BAL,BUF,0,0,0,0,0,0,0,0,0,0,0,0,0,0,0,0,0,0,0,0,0,0,0,0,0,0,0,0,0,0,0,0,0,0,0
00-0038100,Percy Butler,SAF,DB,2025,1,REG,WAS,NYG,0,0,0,0,0,0,0,0,0,0,0,0,0,0,0,0,0,0,0,0,0,0,0,0,0,0,0,0,0,0,0,0,0,0,0
00-0038101,Akayleb Evans,CB,DB,2025,1,REG,CAR,JAX,0,0,0,0,0,0,0,0,0,0,0,0,0,0,0,0,0,0,0,0,0,0,0,0,0,0,0,0,0,0,0,0,0,0,0
00-0038104,Tyquan Thornton,WR,WR,2025,1,REG,KC,LAC,0,0,0,0,0,0,0,0,0,0,0,0,0,0,0,2,4,41,0,0,0,0,0,0,0,0,0,0,0,0,0,0,0,4.1,6.1
00-0038106,Eyioma Uwazurike,DT,DL,2025,1,REG,DEN,TEN,0,0,0,0,0,0,0,0,0,0,0,0,0,0,0,0,0,0,0,0,0,0,0,0,0,0,0,0,0,0,0,0,0,0,0
00-0038115,Daniel Bellinger,TE,TE,2025,1,REG,NYG,WAS,0,0,0,0,0,0,0,0,0,0,0,0,0,0,0,1,1,14,0,0,0,0,0,0,0,0,0,0,0,0,0,0,0,1.4,2.4
00-0038116,Arnold Ebiketie,LB,LB,2025,1,REG,ATL,TB,0,0,0,0,0,0,0,0,0,0,0,0,0,0,0,0,0,0,0,0,0,0,0,0,0,0,0,0,0,0,0,0,0,0,0
00-0038117,Wan'Dale Robinson,WR,WR,2025,1,REG,NYG,WAS,0,0,0,0,0,0,0,0,0,0,0,0,0,0,0,6,8,55,0,0,0,0,0,0,0,0,0,0,0,0,0,0,0,5.5,11.5
00-0038120,Breece Hall,RB,RB,2025,1,REG,NYJ,PIT,0,0,0,0,0,0,0,0,0,19,107,0,0,0,0,2,4,38,0,0,0,0,0,0,0,0,0,0,0,0,0,0,0,14.5,16.5
00-0038121,Alontae Taylor,CB,DB,2025,1,REG,NO,ARI,0,0,0,0,0,0,0,0,0,0,0,0,0,0,0,0,0,0,0,0,0,0,0,0,0,0,0,0,0,0,0,0,0,0,0
00-0038123,Dane Belton,SAF,DB,2025,1,REG,NYG,WAS,0,0,0,0,0,0,0,0,0,0,0,0,0,0,0,0,0,0,0,0,0,0,0,0,0,0,0,0,0,0,0,0,0,0,0
00-0038125,Roger McCreary,CB,DB,2025,1,REG,TEN,DEN,0,0,0,0,0,0,0,0,0,0,0,0,0,0,0,0,0,0,0,0,0,0,0,0,0,0,0,0,0,0,0,0,0,0,0
00-0038127,Logan Hall,DE,DL,2025,1,REG,TB,ATL,0,0,0,0,0,0,0,0,0,0,0,0,0,0,0,0,0,0,0,0,0,0,0,0,0,0,0,0,0,0,0,0,0,0,0
00-0038129,Cade Otton,TE,TE,2025,1,REG,TB,ATL,0,0,0,0,0,0,0,0,0,0,0,0,0,0,0,0,3,0,0,0,0,0,0,0,0,0,0,0,0,0,0,0,0,0,0
00-0038133,Boye Mafe,DE,DL,2025,1,REG,SEA,SF,0,0,0,0,0,0,0,0,0,0,0,0,0,0,0,0,0,0,0,0,0,0,0,0,0,0,0,0,0,0,0,0,0,0,0
00-0038134,Kenneth Walker III,RB,RB,2025,1,REG,SEA,SF,0,0,0,0,0,0,0,0,0,10,20,0,0,0,0,3,3,4,0,0,0,0,0,0,0,0,0,0,0,0,0,0,0,2.4,5.4
00-0038135,Jaquan Brisker,SAF,DB,2025,1,REG,CHI,MIN,0,0,0,0,0,0,0,0,0,0,0,0,0,0,0,0,0,0,0,0,0,0,0,0,0,0,0,0,0,0,0,0,0,0,0
00-0038136,Coby Bryant,CB,DB,2025,1,REG,SEA,SF,0,0,0,0,0,0,0,0,0,0,0,0,0,0,0,0,0,0,0,0,0,0,0,0,0,0,0,0,0,0,0,0,0,0,0
00-0038359,Xavier Smith,WR,WR,2025,1,REG,LA,HOU,0,0,0,0,0,0,0,0,0,0,0,0,0,0,0,1,1,36,0,0,0,0,0,0,0,0,0,0,0,0,0,0,0,3.6,4.6
00-0038381,Kyu Blu Kelly,CB,DB,2025,1,REG,LV,NE,0,0,0,0,0,0,0,0,0,0,0,0,0,0,0,0,0,0,0,0,0,0,0,0,0,0,0,0,0,0,0,0,0,0,0
00-0038386,Jalen Carter,DT,DL,2025,1,REG,PHI,DAL,0,0,0,0,0,0,0,0,0,0,0,0,0,0,0,0,0,0,0,0,0,0,0,0,0,0,0,0,0,0,0,0,0,0,0
00-0038387,Colby Wooden,DE,DL,2025,1,REG,GB,DET,0,0,0,0,0,0,0,0,0,0,0,0,0,0,0,0,0,0,0,0,0,0,0,0,0,0,0,0,0,0,0,0,0,0,0
00-0038390,Noah Sewell,LB,LB,2025,1,REG,CHI,MIN,0,0,0,0,0,0,0,0,0,0,0,0,0,0,0,0,0,0,0,0,0,0,0,0,0,0,0,0,0,0,0,0,0,0,0
00-0038393,Dontayvion Wicks,WR,WR,2025,1,REG,GB,DET,0,0,0,0,0,0,0,0,0,0,0,0,0,0,0,2,2,30,0,0,0,0,0,0,0,0,0,0,0,0,0,0,0,3,5
00-0038408,Carrington Valentine,DB,DB,2025,1,REG,GB,DET,0,0,0,0,0,0,0,0,0,0,0,0,0,0,0,0,0,0,0,0,0,0,0,0,0,0,0,0,0,0,0,0,0,0,0
00-0038412,Moro Ojomo,DT,DL,2025,1,REG,PHI,DAL,0,0,0,0,0,0,0,0,0,0,0,0,0,0,0,0,0,0,0,0,0,0,0,0,0,0,0,0,0,0,0,0,0,0,0
00-0038414,Kendall Williamson,SAF,DB,2025,1,REG,LAC,KC,0,0,0,0,0,0,0,0,0,0,0,0,0,0,0,0,0,0,0,0,0,0,0,0,0,0,0,0,0,0,0,0,0,0,0
00-0038428,Andre Szmyt,K,SPEC,2025,1,REG,CLE,CIN,0,0,0,0,0,0,0,0,0,0,0,0,0,0,0,0,0,0,0,0,0,0,0,0,1,2,1,0,0,1,2,1,0,0,0
00-0038488,Brady Russell,RB,RB,2025,1,REG,SEA,SF,0,0,0,0,0,0,0,0,0,0,0,0,0,0,0,0,0,0,0,0,0,0,0,0,0,0,0,0,0,0,0,0,0,0,0
00-0038492,Jason Brownlee,WR,WR,2025,1,REG,KC,LAC,0,0,0,0,0,0,0,0,0,0,0,0,0,0,0,0,1,0,0,0,0,0,0,0,0,0,0,0,0,0,0,0,0,0,0
00-0038496,Xavier Gipson,WR,WR,2025,1,REG,NYJ,PIT,0,0,0,0,0,0,0,0,0,0,0,0,0,0,0,0,0,0,0,0,0,0,0,1,0,0,0,0,0,0,0,0,0,0,0
00-0038504,Trenton Simpson,LB,LB,2025,1,REG,BAL,BUF,0,0,0,0,0,0,0,0,0,0,0,0,0,0,0,0,0,0,0,0,0,0,0,0,0,0,0,0,0,0,0,0,0,0,0
00-0038505,Tavius Robinson,LB,LB,2025,1,REG,BAL,BUF,0,0,0,0,0,0,0,0,0,0,0,0,0,0,0,0,0,0,0,0,0,0,0,0,0,0,0,0,0,0,0,0,0,0,0
00-0038513,Cam Jones,LB,LB,2025,1,REG,NYJ,PIT,0,0,0,0,0,0,0,0,0,0,0,0,0,0,0,0,0,0,0,0,0,0,0,0,0,0,0,0,0,0,0,0,0,0,0
00-0038519,Nikko Remigio,WR,WR,2025,1,REG,KC,LAC,0,0,0,0,0,0,0,0,0,0,0,0,0,0,0,0,0,0,0,0,0,0,0,0,0,0,0,0,0,0,0,0,0,0,0
00-0038541,Tyree Wilson,DE,DL,2025,1,REG,LV,NE,0,0,0,0,0,0,0,0,0,0,0,0,0,0,0,0,0,0,0,0,0,0,0,0,0,0,0,0,0,0,0,0,0,0,0
00-0038542,Bijan Robinson,RB,RB,2025,1,REG,ATL,TB,0,0,0,0,0,0,0,0,0,12,24,0,0,0,0,6,7,100,1,0,0,0,0,0,0,0,0,0,0,0,0,0,0,18.4,24.4
00-0038543,Jaxon Smith-Njigba,WR,WR,2025,1,REG,SEA,SF,0,0,0,0,0,0,0,0,0,0,0,0,0,0,0,9,13,124,0,2,1,0,0,1,0,0,0,0,0,0,0,0,0,10.4,19.4
00-0038544,Quentin Johnston,WR,WR,2025,1,REG,LAC,KC,0,0,0,0,0,0,0,0,0,0,0,0,0,0,0,5,7,79,2,0,0,0,0,0,0,0,0,0,0,0,0,0,0,19.9,24.9
00-0038546,Myles Murphy,DE,DL,2025,1,REG,CIN,CLE,0,0,0,0,0,0,0,0,0,0,0,0,0,0,0,0,0,0,0,0,0,0,0,0,0,0,0,0,0,0,0,0,0,0,0
00-0038547,Luke Schoonmaker,TE,TE,2025,1,REG,DAL,PHI,0,0,0,0,0,0,0,0,0,0,0,0,0,0,0,0,1,0,0,0,0,0,0,0,0,0,0,0,0,0,0,0,0,0,0
00-0038549,DJ Turner II,CB,DB,2025,1,REG,CIN,CLE,0,0,0,0,0,0,0,0,0,0,0,0,0,0,0,0,0,0,0,0,0,0,0,0,0,0,0,0,0,0,0,0,0,0,0
00-0038551,Kendre Miller,RB,RB,2025,1,REG,NO,ARI,0,0,0,0,0,0,0,0,0,5,24,0,0,0,0,0,0,0,0,0,0,0,0,0,0,0,0,0,0,0,0,0,0,2.4,2.4
00-0038552,Riley Moss,CB,DB,2025,1,REG,DEN,TEN,0,0,0,0,0,0,0,0,0,0,0,0,0,0,0,0,0,0,0,0,0,0,0,0,0,0,0,0,0,0,0,0,0,0,0
00-0038553,Daiyan Henley,LB,LB,2025,1,REG,LAC,KC,0,0,0,0,0,0,0,0,0,0,0,0,0,0,0,0,0,0,0,0,0,0,0,0,0,0,0,0,0,0,0,0,0,0,0
00-0038554,Ji'Ayir Brown,SAF,DB,2025,1,REG,SF,SEA,0,0,0,0,0,0,0,0,0,0,0,0,0,0,0,0,0,0,0,0,0,0,0,0,0,0,0,0,0,0,0,0,0,0,0
00-0038555,Tank Bigsby,RB,RB,2025,1,REG,JAX,CAR,0,0,0,0,0,0,0,0,0,5,12,0,0,0,0,0,0,0,0,0,0,0,0,0,0,0,0,0,0,0,0,0,0,1.2,1.2
00-0038557,Dorian Williams,LB,LB,2025,1,REG,BUF,BAL,0,0,0,0,0,0,0,0,0,0,0,0,0,0,0,0,0,0,0,0,0,0,0,0,0,0,0,0,0,0,0,0,0,0,0
00-0038559,Michael Wilson,WR,WR,2025,1,REG,ARI,NO,0,0,0,0,0,0,0,0,0,0,0,0,0,0,0,1,4,5,0,0,0,0,0,0,0,0,0,0,0,0,0,0,0,0.5,1.5
00-0038560,Jordan Battle,SAF,DB,2025,1,REG,CIN,CLE,0,0,0,0,0,0,0,0,0,0,0,0,0,0,0,0,0,0,0,0,0,0,0,0,0,0,0,0,0,0,0,0,0,0,0
00-0038562,Jake Moody,K,SPEC,2025,1,REG,SF,SEA,0,0,0,0,0,0,0,0,0,0,0,0,0,0,0,0,0,0,0,0,0,0,0,0,1,3,1,0,0,2,2,0,0,0,0
00-0038563,Tre Tucker,WR,WR,2025,1,REG,LV,NE,0,0,0,0,0,0,0,0,0,0,0,0,0,0,0,2,3,54,1,0,0,0,0,0,0,0,0,0,0,0,0,0,0,11.4,13.4
00-0038565,Mekhi Blackmon,DB,DB,2025,1,REG,IND,MIA,0,0,0,0,0,0,0,0,0,0,0,0,0,0,0,0,0,0,0,0,0,0,0,0,0,0,0,0,0,0,0,0,0,0,0
00-0038567,Chad Ryland,K,SPEC,2025,1,REG,ARI,NO,0,0,0,0,0,0,0,0,0,0,0,0,0,0,0,0,0,0,0,0,0,0,0,0,2,3,0,0,0,2,2,0,0,0,0
00-0038570,Ventrell Miller,LB,LB,2025,1,REG,JAX,CAR,0,0,0,0,0,0,0,0,0,0,0,0,0,0,0,0,0,0,0,0,0,0,0,0,0,0,0,0,0,0,0,0,0,0,0
00-0038573,Derius Davis,WR,WR,2025,1,REG,LAC,KC,0,0,0,0,0,0,0,0,0,1,3,0,0,0,0,0,0,0,0,0,0,0,0,0,0,0,0,0,0,0,0,0,0,0.3,0.3
00-0038574,Isaiah McGuire,DE,DL,2025,1,REG,CLE,CIN,0,0,0,0,0,0,0,0,0,0,0,0,0,0,0,0,0,0,0,0,0,0,0,0,0,0,0,0,0,0,0,0,0,0,0
00-0038576,Charlie Jones,WR,WR,2025,1,REG,CIN,CLE,0,0,0,0,0,0,0,0,0,0,0,0,0,0,0,0,0,0,0,0,0,0,0,0,0,0,0,0,0,0,0,0,0,0,0
00-0038578,Jay Ward,SAF,DB,2025,1,REG,MIN,CHI,0,0,0,0,0,0,0,0,0,0,0,0,0,0,0,0,0,0,0,0,0,0,0,0,0,0,0,0,0,0,0,0,0,0,0
00-0038590,Justin Shorter,TE,TE,2025,1,REG,LV,NE,0,0,0,0,0,0,0,0,0,0,0,0,0,0,0,0,0,0,0,0,0,0,0,0,0,0,0,0,0,0,0,0,0,0,0
00-0038596,Antonio Johnson,SAF,DB,2025,1,REG,JAX,CAR,0,0,0,0,0,0,0,0,0,0,0,0,0,0,0,0,0,0,0,0,0,0,0,0,0,0,0,0,0,0,0,0,0,0,0
00-0038597,Chase Brown,RB,RB,2025,1,REG,CIN,CLE,0,0,0,0,0,0,0,0,0,21,43,1,0,0,0,2,3,8,0,0,0,0,0,0,0,0,0,0,0,0,0,0,0,11.1,13.1
00-0038599,Henry To'oTo'o,LB,LB,2025,1,REG,HOU,LA,0,0,0,0,0,0,0,0,0,0,0,0,0,0,0,0,0,0,0,0,0,0,0,0,0,0,0,0,0,0,0,0,0,0,0
00-0038600,Owen Pappoe,LB,LB,2025,1,REG,ARI,NO,0,0,0,0,0,0,0,0,0,0,0,0,0,0,0,0,0,0,0,0,0,0,0,0,0,0,0,0,0,0,0,0,0,0,0
00-0038601,Asim Richards,OT,OL,2025,1,REG,NO,ARI,0,0,0,0,0,0,0,0,0,0,0,0,0,0,0,0,0,0,0,0,0,0,0,0,0,0,0,0,0,0,0,0,0,0,0
00-0038606,Parker Washington,WR,WR,2025,1,REG,JAX,CAR,0,0,0,0,0,0,0,0,0,0,0,0,0,0,0,0,0,0,0,0,0,0,0,0,0,0,0,0,0,0,0,0,0,0,0
00-0038608,Kayshon Boutte,WR,WR,2025,1,REG,NE,LV,0,0,0,0,0,0,0,0,0,0,0,0,0,0,0,6,8,103,0,0,0,0,0,0,0,0,0,0,0,0,0,0,0,10.3,16.3
00-0038610,Bryce Baringer,P,SPEC,2025,1,REG,NE,LV,0,0,0,0,0,0,0,0,0,0,0,0,0,0,0,0,0,0,0,0,0,0,0,0,0,0,0,0,0,0,0,0,0,0,0
00-0038618,Xavier Hutchinson,WR,WR,2025,1,REG,HOU,LA,0,0,0,0,0,0,0,0,0,1,5,0,0,0,0,2,2,30,0,0,0,0,0,0,0,0,0,0,0,0,0,0,0,3.5,5.5
00-0038621,DeMario Douglas,WR,WR,2025,1,REG,NE,LV,0,0,0,0,0,0,0,0,0,1,4,0,0,0,0,2,7,-2,1,0,0,0,0,0,0,0,0,0,0,0,0,0,0,6.2,8.2
00-0038623,Dante Stills,DT,DL,2025,1,REG,ARI,NO,0,0,0,0,0,0,0,0,0,0,0,0,0,0,0,0,0,0,0,0,0,0,0,0,0,0,0,0,0,0,0,0,0,0,0
00-0038625,Dee Winters,LB,LB,2025,1,REG,SF,SEA,0,0,0,0,0,0,0,0,0,0,0,0,0,0,0,0,0,0,0,0,0,0,0,0,0,0,0,0,0,0,0,0,0,0,0
00-0038626,Brad Robbins,P,SPEC,2025,1,REG,BUF,BAL,0,0,0,0,0,0,0,0,0,0,0,0,0,0,0,0,0,0,0,0,0,0,0,0,0,0,0,0,0,0,0,0,0,0,0
00-0038646,Alex Austin,CB,DB,2025,1,REG,NE,LV,0,0,0,0,0,0,0,0,0,0,0,0,0,0,0,0,0,0,0,0,0,0,0,0,0,0,0,0,0,0,0,0,0,0,0
00-0038653,Cory Durden,DT,DL,2025,1,REG,NE,LV,0,0,0,0,0,0,0,0,0,0,0,0,0,0,0,0,0,0,0,0,0,0,0,0,0,0,0,0,0,0,0,0,0,0,0
00-0038685,Chris Brooks,RB,RB,2025,1,REG,GB,DET,0,0,0,0,0,0,0,0,0,1,1,0,0,0,0,1,1,2,0,0,0,0,0,0,0,0,0,0,0,0,0,0,0,0.3,1.3
00-0038705,Emari Demercado,RB,RB,2025,1,REG,ARI,NO,0,0,0,0,0,0,0,0,0,0,0,0,0,0,0,0,0,0,0,0,0,0,0,0,0,0,0,0,0,0,0,0,0,0,0
00-0038711,Mohamoud Diabate,LB,LB,2025,1,REG,CLE,CIN,0,0,0,0,0,0,0,0,0,0,0,0,0,0,0,0,0,0,0,0,0,0,0,0,0,0,0,0,0,0,0,0,0,0,0
00-0038715,Ronnie Hickman Jr.,SAF,DB,2025,1,REG,CLE,CIN,0,0,0,0,0,0,0,0,0,0,0,0,0,0,0,0,0,0,0,0,0,0,0,0,0,0,0,0,0,0,0,0,0,0,0
00-0038720,Julian Hill,TE,TE,2025,1,REG,MIA,IND,0,0,0,0,0,0,0,0,0,0,0,0,0,0,0,0,0,0,0,0,0,1,0,0,0,0,0,0,0,0,0,0,0,2,2
00-0038778,Jalen Redmond,DL,DL,2025,1,REG,MIN,CHI,0,0,0,0,0,0,0,0,0,0,0,0,0,0,0,0,0,0,0,0,0,0,0,0,0,0,0,0,0,0,0,0,0,0,0
00-0038797,Emanuel Wilson,RB,RB,2025,1,REG,GB,DET,0,0,0,0,0,0,0,0,0,1,4,0,0,0,0,0,0,0,0,0,0,0,0,0,0,0,0,0,0,0,0,0,0,0.4,0.4
00-0038807,Ivan Pace Jr.,LB,LB,2025,1,REG,MIN,CHI,0,0,0,0,0,0,0,0,0,0,0,0,0,0,0,0,0,0,0,0,0,0,0,0,0,0,0,0,0,0,0,0,0,0,0
00-0038824,Ryan Miller,WR,WR,2025,1,REG,TB,ATL,0,0,0,0,0,0,0,0,0,0,0,0,0,0,0,0,1,0,0,0,0,0,0,0,0,0,0,0,0,0,0,0,0,0,0
00-0038840,Brycen Tremayne,WR,WR,2025,1,REG,CAR,JAX,0,0,0,0,0,0,0,0,0,0,0,0,0,0,0,0,0,0,0,0,0,0,0,0,0,0,0,0,0,0,0,0,0,0,0
00-0038851,Caleb Murphy,LB,LB,2025,1,REG,LAC,KC,0,0,0,0,0,0,0,0,0,0,0,0,0,0,0,0,0,0,0,0,0,0,0,0,0,0,0,0,0,0,0,0,0,0,0
00-0038890,Shaka Heyward,LB,LB,2025,1,REG,CIN,CLE,0,0,0,0,0,0,0,0,0,0,0,0,0,0,0,0,0,0,0,0,0,0,0,0,0,0,0,0,0,0,0,0,0,0,0
00-0038896,Jacob Saylors,RB,RB,2025,1,REG,DET,GB,0,0,0,0,0,0,0,0,0,0,0,0,0,0,0,0,0,0,0,0,0,0,0,0,0,0,0,0,0,0,0,0,0,0,0
00-0038905,Blake Grupe,K,SPEC,2025,1,REG,NO,ARI,0,0,0,0,0,0,0,0,0,0,0,0,0,0,0,0,0,0,0,0,0,0,0,0,2,3,1,0,0,1,1,0,0,0,0
00-0038922,Drake Thomas,LB,LB,2025,1,REG,SEA,SF,0,0,0,0,0,0,0,0,0,0,0,0,0,0,0,0,0,0,0,0,0,0,0,0,0,0,0,0,0,0,0,0,0,0,0
00-0038932,Darnell Wright,OT,OL,2025,1,REG,CHI,MIN,0,0,0,0,0,0,0,0,0,0,0,0,0,0,0,0,0,0,0,0,0,0,0,0,0,0,0,0,0,0,0,0,0,0,0
00-0038933,Dalton Kincaid,TE,TE,2025,1,REG,BUF,BAL,0,0,0,0,0,0,0,0,0,0,0,0,0,0,0,4,4,48,1,1,0,0,0,0,0,0,0,0,0,0,0,0,0,10.8,14.8
00-0038935,Brenton Strange,TE,TE,2025,1,REG,JAX,CAR,0,0,0,0,0,0,0,0,0,0,0,0,0,0,0,4,4,59,0,0,0,0,0,0,0,0,0,0,0,0,0,0,0,5.9,9.9
00-0038951,Sean Tucker,RB,RB,2025,1,REG,TB,ATL,0,0,0,0,0,0,0,0,0,1,2,0,0,0,0,0,0,0,0,0,0,0,0,0,0,0,0,0,0,0,0,0,0,0.2,0.2
00-0038966,Natrone Brooks,DB,DB,2025,1,REG,ATL,TB,0,0,0,0,0,0,0,0,0,0,0,0,0,0,0,0,0,0,0,0,0,0,0,0,0,0,0,0,0,0,0,0,0,0,0
00-0038976,Marvin Mims Jr.,WR,WR,2025,1,REG,DEN,TEN,0,0,0,0,0,0,0,0,0,0,0,0,0,0,0,3,4,12,0,0,0,0,0,1,0,0,0,0,0,0,0,0,0,1.2,4.2
00-0038978,Byron Young,DT,DL,2025,1,REG,PHI,DAL,0,0,0,0,0,0,0,0,0,0,0,0,0,0,0,0,0,0,0,0,0,0,0,0,0,0,0,0,0,0,0,0,0,0,0
00-0038979,Cedric Tillman,WR,WR,2025,1,REG,CLE,CIN,0,0,0,0,0,0,0,0,0,0,0,0,0,0,0,5,8,52,1,0,0,0,0,0,0,0,0,0,0,0,0,0,0,11.2,16.2
00-0038980,Zach Harrison,DE,DL,2025,1,REG,ATL,TB,0,0,0,0,0,0,0,0,0,0,0,0,0,0,0,0,0,0,0,0,0,0,0,0,0,0,0,0,0,0,0,0,0,0,0
00-0038982,Chamarri Conner,DB,DB,2025,1,REG,KC,LAC,0,0,0,0,0,0,0,0,0,0,0,0,0,0,0,0,0,0,0,0,0,0,0,0,0,0,0,0,0,0,0,0,0,0,0
00-0038986,Nic Jones,CB,DB,2025,1,REG,NYG,WAS,0,0,0,0,0,0,0,0,0,0,0,0,0,0,0,0,0,0,0,0,0,0,0,0,0,0,0,0,0,0,0,0,0,0,0
00-0038995,Bryan Bresee,DT,DL,2025,1,REG,NO,ARI,0,0,0,0,0,0,0,0,0,0,0,0,0,0,0,0,0,0,0,0,0,0,0,0,0,0,0,0,0,0,0,0,0,0,0
00-0038996,Tucker Kraft,TE,TE,2025,1,REG,GB,DET,0,0,0,0,0,0,0,0,0,1,3,0,0,0,0,2,4,16,1,0,0,0,0,0,0,0,0,0,0,0,0,0,0,7.9,9.9
00-0038997,Josh Downs,WR,WR,2025,1,REG,IND,MIA,0,0,0,0,0,0,0,0,0,0,0,0,0,0,0,2,3,12,0,0,0,0,0,0,0,0,0,0,0,0,0,0,0,1.2,3.2
00-0039002,Sydney Brown,SAF,DB,2025,1,REG,PHI,DAL,0,0,0,0,0,0,0,0,0,0,0,0,0,0,0,0,0,0,0,0,0,0,0,0,0,0,0,0,0,0,0,0,0,0,0
00-0039007,Garrett Williams,CB,DB,2025,1,REG,ARI,NO,0,0,0,0,0,0,0,0,0,0,0,0,0,0,0,0,0,0,0,0,0,0,0,0,0,0,0,0,0,0,0,0,0,0,0
00-0039009,Dylan Horton,DE,DL,2025,1,REG,HOU,LA,0,0,0,0,0,0,0,0,0,0,0,0,0,0,0,0,0,0,0,0,0,0,0,0,0,0,0,0,0,0,0,0,0,0,0
00-0039013,Nolan Smith,LB,LB,2025,1,REG,PHI,DAL,0,0,0,0,0,0,0,0,0,0,0,0,0,0,0,0,0,0,0,0,0,0,0,0,0,0,0,0,0,0,0,0,0,0,0
00-0039014,Dawand Jones,OT,OL,2025,1,REG,CLE,CIN,0,0,0,0,0,0,0,0,0,0,0,0,0,0,0,0,0,0,0,0,0,0,0,0,0,0,0,0,0,0,0,0,0,0,0
00-0039018,Jack Campbell,LB,LB,2025,1,REG,DET,GB,0,0,0,0,0,0,0,0,0,0,0,0,0,0,0,0,0,0,0,0,0,0,0,0,0,0,0,0,0,0,0,0,0,0,0
00-0039031,Adetomiwa Adebawore,DT,DL,2025,1,REG,IND,MIA,0,0,0,0,0,0,0,0,0,0,0,0,0,0,0,0,0,0,0,0,0,0,0,0,0,0,0,0,0,0,0,0,0,0,0
00-0039040,De'Von Achane,RB,RB,2025,1,REG,MIA,IND,0,0,0,0,0,0,0,0,0,7,55,0,0,0,0,3,4,20,1,0,0,0,0,0,0,0,0,0,0,0,0,0,0,13.5,16.5
00-0039041,Elijah Higgins,TE,TE,2025,1,REG,ARI,NO,0,0,0,0,0,0,0,0,0,0,0,0,0,0,0,1,2,3,0,0,0,0,0,0,0,0,0,0,0,0,0,0,0,0.3,1.3
00-0039047,Derick Hall,LB,LB,2025,1,REG,SEA,SF,0,0,0,0,0,0,0,0,0,0,0,0,0,0,0,0,0,0,0,0,0,0,0,0,0,0,0,0,0,0,0,0,0,0,0
00-0039049,SirVocea Dennis,LB,LB,2025,1,REG,TB,ATL,0,0,0,0,0,0,0,0,0,0,0,0,0,0,0,0,0,0,0,0,0,0,0,0,0,0,0,0,0,0,0,0,0,0,0
00-0039050,Payne Durham,TE,TE,2025,1,REG,TB,ATL,0,0,0,0,0,0,0,0,0,0,0,0,0,0,0,0,0,0,0,0,0,0,0,0,0,0,0,0,0,0,0,0,0,0,0
00-0039054,Marte Mapu,LB,LB,2025,1,REG,NE,LV,0,0,0,0,0,0,0,0,0,0,0,0,0,0,0,0,0,0,0,0,0,0,0,0,0,0,0,0,0,0,0,0,0,0,0
00-0039059,Ethan Evans,P,SPEC,2025,1,REG,LA,HOU,0,0,0,0,0,0,0,0,0,0,0,0,0,0,0,0,0,0,0,0,0,0,0,0,0,0,0,0,0,0,0,0,0,0,0
00-0039064,Zay Flowers,WR,WR,2025,1,REG,BAL,BUF,0,0,0,0,0,0,0,0,0,2,8,0,0,0,0,7,9,143,1,0,0,0,0,0,0,0,0,0,0,0,0,0,0,21.1,28.1
00-0039065,Sam LaPorta,TE,TE,2025,1,REG,DET,GB,0,0,0,0,0,0,0,0,0,0,0,0,0,0,0,6,9,79,0,0,0,0,0,0,0,0,0,0,0,0,0,0,0,7.9,13.9
00-0039066,Michael Mayer,TE,TE,2025,1,REG,LV,NE,0,0,0,0,0,0,0,0,0,0,0,0,0,0,0,4,4,38,0,0,0,0,0,0,0,0,0,0,0,0,0,0,0,3.8,7.8
00-0039068,Yaya Diaby,LB,LB,2025,1,REG,TB,ATL,0,0,0,0,0,0,0,0,0,0,0,0,0,0,0,0,0,0,0,0,0,0,0,0,0,0,0,0,0,0,0,0,0,0,0
00-0039070,Gervon Dexter Sr.,DT,DL,2025,1,REG,CHI,MIN,0,0,0,0,0,0,0,0,0,0,0,0,0,0,0,0,0,0,0,0,0,0,0,0,0,0,0,0,0,0,0,0,0,0,0
00-0039071,Tyrique Stevenson,CB,DB,2025,1,REG,CHI,MIN,0,0,0,0,0,0,0,0,0,0,0,0,0,0,0,0,0,0,0,0,0,0,0,0,0,0,0,0,0,0,0,0,0,0,0
00-0039072,Jakorian Bennett,DB,DB,2025,1,REG,PHI,DAL,0,0,0,0,0,0,0,0,0,0,0,0,0,0,0,0,0,0,0,0,0,0,0,0,0,0,0,0,0,0,0,0,0,0,0
00-0039074,Davis Allen,TE,TE,2025,1,REG,LA,HOU,0,0,0,0,0,0,0,0,0,0,0,0,0,0,0,1,2,13,1,0,0,0,0,0,0,0,0,0,0,0,0,0,0,7.3,8.3
00-0039075,Puka Nacua,WR,WR,2025,1,REG,LA,HOU,0,0,0,0,0,0,0,0,0,1,1,0,0,0,0,10,11,130,0,0,0,0,0,0,0,0,0,0,0,0,0,0,0,13.1,23.1
00-0039076,Nick Hampton,LB,LB,2025,1,REG,LA,HOU,0,0,0,0,0,0,0,0,0,0,0,0,0,0,0,0,0,0,0,0,0,0,0,0,0,0,0,0,0,0,0,0,0,0,0
00-0039108,Will Anderson Jr.,DE,DL,2025,1,REG,HOU,LA,0,0,0,0,0,0,0,0,0,0,0,0,0,0,0,0,0,0,0,0,0,0,0,0,0,0,0,0,0,0,0,0,0,0,0
00-0039110,Keeanu Benton,DT,DL,2025,1,REG,PIT,NYJ,0,0,0,0,0,0,0,0,0,0,0,0,0,0,0,0,0,0,0,0,0,0,0,0,0,0,0,0,0,0,0,0,0,0,0
00-0039111,Tuli Tuipulotu,LB,LB,2025,1,REG,LAC,KC,0,0,0,0,0,0,0,0,0,0,0,0,0,0,0,0,0,0,0,0,0,0,0,0,0,0,0,0,0,0,0,0,0,0,0
00-0039112,Lukas Van Ness,LB,LB,2025,1,REG,GB,DET,0,0,0,0,0,0,0,0,0,0,0,0,0,0,0,0,0,0,0,0,0,0,0,0,0,0,0,0,0,0,0,0,0,0,0
00-0039137,Byron Young,LB,LB,2025,1,REG,LA,HOU,0,0,0,0,0,0,0,0,0,0,0,0,0,0,0,0,0,0,0,0,0,0,0,0,0,0,0,0,0,0,0,0,0,0,0
00-0039138,Kobie Turner,DE,DL,2025,1,REG,LA,HOU,0,0,0,0,0,0,0,0,0,0,0,0,0,0,0,0,0,0,0,0,0,0,0,0,0,0,0,0,0,0,0,0,0,0,0
00-0039139,Jahmyr Gibbs,RB,RB,2025,1,REG,DET,GB,0,0,0,0,0,0,0,0,0,9,19,0,0,0,0,10,10,31,0,0,0,0,0,0,0,0,0,0,0,0,0,0,0,5,15
00-0039141,Brian Branch,CB,DB,2025,1,REG,DET,GB,0,0,0,0,0,0,0,0,0,0,0,0,0,0,0,0,0,0,0,0,0,0,0,0,0,0,0,0,0,0,0,0,0,0,0
00-0039142,Will McDonald IV,DE,DL,2025,1,REG,NYJ,PIT,0,0,0,0,0,0,0,0,0,0,0,0,0,0,0,0,0,0,0,0,0,0,0,0,0,0,0,0,0,0,0,0,0,0,0
00-0039144,Luke Musgrave,TE,TE,2025,1,REG,GB,DET,0,0,0,0,0,0,0,0,0,0,0,0,0,0,0,1,1,4,0,0,0,0,0,0,0,0,0,0,0,0,0,0,0,0.4,1.4
00-0039146,Jayden Reed,WR,WR,2025,1,REG,GB,DET,0,0,0,0,0,0,0,0,0,0,0,0,0,0,0,3,5,45,1,0,0,0,0,0,0,0,0,0,0,0,0,0,0,10.5,13.5
00-0039148,Keion White,DE,DL,2025,1,REG,NE,LV,0,0,0,0,0,0,0,0,0,0,0,0,0,0,0,0,0,0,0,0,0,0,0,0,0,0,0,0,0,0,0,0,0,0,0
00-0039149,Quan Martin,SAF,DB,2025,1,REG,WAS,NYG,0,0,0,0,0,0,0,0,0,0,0,0,0,0,0,0,0,0,0,0,0,0,0,0,0,0,0,0,0,0,0,0,0,0,0
00-0039150,Bryce Young,QB,QB,2025,1,REG,CAR,JAX,18,35,154,1,2,1,0,0,0,5,40,0,1,1,0,0,0,0,0,0,0,0,0,1,0,0,0,0,0,0,0,0,0,8.16,8.16
00-0039151,Emmanuel Forbes,CB,DB,2025,1,REG,LA,HOU,0,0,0,0,0,0,0,0,0,0,0,0,0,0,0,0,0,0,0,0,0,0,0,0,0,0,0,0,0,0,0,0,0,0,0
00-0039163,C.J. Stroud,QB,QB,2025,1,REG,HOU,LA,19,27,188,0,1,3,0,0,0,5,32,0,0,0,0,0,0,0,0,0,0,0,0,0,0,0,0,0,0,0,0,0,0,8.72,8.72
00-0039165,Zach Charbonnet,RB,RB,2025,1,REG,SEA,SF,0,0,0,0,0,0,0,0,0,12,47,1,0,0,0,0,0,0,0,0,0,0,0,0,0,0,0,0,0,0,0,0,0,10.7,10.7
00-0039167,Joey Porter Jr.,CB,DB,2025,1,REG,PIT,NYJ,0,0,0,0,0,0,0,0,0,0,0,0,0,0,0,0,0,0,0,0,0,0,0,0,0,0,0,0,0,0,0,0,0,0,0
00-0039169,Devon Witherspoon,CB,DB,2025,1,REG,SEA,SF,0,0,0,0,0,0,0,0,0,0,0,0,0,0,0,0,0,0,0,0,0,0,0,0,0,0,0,0,0,0,0,0,0,0,0
00-0039172,Jake Bates,K,SPEC,2025,1,REG,DET,GB,0,0,0,0,0,0,0,0,0,0,0,0,0,0,0,0,0,0,0,0,0,0,0,0,2,2,0,0,0,1,1,0,0,0,0
00-0039178,Austin Ajiake,LB,LB,2025,1,REG,IND,MIA,0,0,0,0,0,0,0,0,0,0,0,0,0,0,0,0,0,0,0,0,0,0,0,0,0,0,0,0,0,0,0,0,0,0,0
00-0039232,Nate Wiggins,CB,DB,2025,1,REG,BAL,BUF,0,0,0,0,0,0,0,0,0,0,0,0,0,0,0,0,0,0,0,0,0,0,0,0,0,0,0,0,0,0,0,0,0,0,0
00-0039233,Roger Rosengarten,OT,OL,2025,1,REG,BAL,BUF,0,0,0,0,0,0,0,0,0,0,0,0,0,0,0,0,0,0,0,0,0,0,0,0,0,0,0,0,0,0,0,0,0,0,0
00-0039234,T.J. Tampa,CB,DB,2025,1,REG,BAL,BUF,0,0,0,0,0,0,0,0,0,0,0,0,0,0,0,0,0,0,0,0,0,0,0,0,0,0,0,0,0,0,0,0,0,0,0
00-0039299,George Holani,RB,RB,2025,1,REG,SEA,SF,0,0,0,0,0,0,0,0,0,0,0,0,0,0,0,0,0,0,0,0,0,0,0,0,0,0,0,0,0,0,0,0,0,0,0
00-0039309,Byron Murphy II,DT,DL,2025,1,REG,SEA,SF,0,0,0,0,0,0,0,0,0,0,0,0,0,0,0,0,0,0,0,0,0,0,0,0,0,0,0,0,0,0,0,0,0,0,0
00-0039323,Ryan Rehkow,P,SPEC,2025,1,REG,CIN,CLE,0,0,0,0,0,0,0,0,0,0,0,0,0,0,0,0,0,0,0,0,0,0,0,0,0,0,0,0,0,0,0,0,0,0,0
00-0039333,Brandon Codrington,CB,DB,2025,1,REG,BUF,BAL,0,0,0,0,0,0,0,0,0,0,0,0,0,0,0,0,0,0,0,0,0,0,0,0,0,0,0,0,0,0,0,0,0,0,0
00-0039337,Malik Nabers,WR,WR,2025,1,REG,NYG,WAS,0,0,0,0,0,0,0,0,0,0,0,0,0,0,0,5,12,71,0,0,0,0,0,0,0,0,0,0,0,0,0,0,0,7.1,12.1
00-0039338,Brock Bowers,TE,TE,2025,1,REG,LV,NE,0,0,0,0,0,0,0,0,0,0,0,0,0,0,0,5,8,103,0,0,0,0,0,0,0,0,0,0,0,0,0,0,0,10.3,15.3
00-0039340,Laiatu Latu,DE,DL,2025,1,REG,IND,MIA,0,0,0,0,0,0,0,0,0,0,0,0,0,0,0,0,0,0,0,0,0,0,0,0,0,0,0,0,0,0,0,0,0,0,0
00-0039342,Xavier Legette,WR,WR,2025,1,REG,CAR,JAX,0,0,0,0,0,0,0,0,0,0,0,0,0,0,0,3,7,10,0,0,0,0,0,0,0,0,0,0,0,0,0,0,0,1,4
00-0039343,Kamari Lassiter,CB,DB,2025,1,REG,HOU,LA,0,0,0,0,0,0,0,0,0,0,0,0,0,0,0,0,0,0,0,0,0,0,0,0,0,0,0,0,0,0,0,0,0,0,0
00-0039345,Renardo Green,CB,DB,2025,1,REG,SF,SEA,0,0,0,0,0,0,0,0,0,0,0,0,0,0,0,0,0,0,0,0,0,0,0,0,0,0,0,0,0,0,0,0,0,0,0
00-0039347,Trevin Wallace,LB,LB,2025,1,REG,CAR,JAX,0,0,0,0,0,0,0,0,0,0,0,0,0,0,0,0,0,0,0,0,0,0,0,0,0,0,0,0,0,0,0,0,0,0,0
00-0039349,DJ Glaze,OT,OL,2025,1,REG,LV,NE,0,0,0,0,0,0,0,0,0,0,0,0,0,0,0,0,0,0,0,0,0,0,0,0,0,0,0,0,0,0,0,0,0,0,0
00-0039352,Marist Liufau,LB,LB,2025,1,REG,DAL,PHI,0,0,0,0,0,0,0,0,0,0,0,0,0,0,0,0,0,0,0,0,0,0,0,0,0,0,0,0,0,0,0,0,0,0,0
00-0039353,Jarrian Jones,CB,DB,2025,1,REG,JAX,CAR,0,0,0,0,0,0,0,0,0,0,0,0,0,0,0,0,0,0,0,0,0,0,0,0,0,0,0,0,0,0,0,0,0,0,0
00-0039355,Luke McCaffrey,WR,WR,2025,1,REG,WAS,NYG,0,0,0,0,0,0,0,0,0,0,0,0,0,0,0,0,0,0,0,0,0,0,0,0,0,0,0,0,0,0,0,0,0,0,0
00-0039356,Ja'Tavion Sanders,TE,TE,2025,1,REG,CAR,JAX,0,0,0,0,0,0,0,0,0,0,0,0,0,0,0,2,3,27,0,0,0,0,0,0,0,0,0,0,0,0,0,0,0,2.7,4.7
00-0039357,Decamerion Richardson,CB,DB,2025,1,REG,LV,NE,0,0,0,0,0,0,0,0,0,0,0,0,0,0,0,0,0,0,0,0,0,0,0,0,0,0,0,0,0,0,0,0,0,0,0
00-0039359,Cade Stover,TE,TE,2025,1,REG,HOU,LA,0,0,0,0,0,0,0,0,0,0,0,0,0,0,0,4,4,22,0,0,0,0,0,0,0,0,0,0,0,0,0,0,0,2.2,6.2
00-0039361,Bucky Irving,RB,RB,2025,1,REG,TB,ATL,0,0,0,0,0,0,0,0,0,14,37,0,0,0,0,4,4,8,1,0,0,0,0,0,0,0,0,0,0,0,0,0,0,10.5,14.5
00-0039363,Isaac Guerendo,RB,RB,2025,1,REG,SF,SEA,0,0,0,0,0,0,0,0,0,0,0,0,0,0,0,0,0,0,0,0,0,0,0,0,0,0,0,0,0,0,0,0,0,0,0
00-0039366,Tarheeb Still,CB,DB,2025,1,REG,LAC,KC,0,0,0,0,0,0,0,0,0,0,0,0,0,0,0,0,0,0,0,0,0,0,0,0,0,0,0,0,0,0,0,0,0,0,0
00-0039369,Cam Hart,CB,DB,2025,1,REG,LAC,KC,0,0,0,0,0,0,0,0,0,0,0,0,0,0,0,0,0,0,0,0,0,0,0,0,0,0,0,0,0,0,0,0,0,0,0
00-0039371,Kris Abrams-Draine,CB,DB,2025,1,REG,DEN,TEN,0,0,0,0,0,0,0,0,0,0,0,0,0,0,0,0,0,0,0,0,0,0,0,0,0,0,0,0,0,0,0,0,0,0,0
00-0039372,Jarvis Brownlee Jr.,DB,DB,2025,1,REG,TEN,DEN,0,0,0,0,0,0,0,0,0,0,0,0,0,0,0,0,0,0,0,0,0,0,0,0,0,0,0,0,0,0,0,0,0,0,0
00-0039374,Tommy Eichenberg,LB,LB,2025,1,REG,LV,NE,0,0,0,0,0,0,0,0,0,0,0,0,0,0,0,0,0,0,0,0,0,0,0,0,0,0,0,0,0,0,0,0,0,0,0
00-0039375,Josh Newton,CB,DB,2025,1,REG,CIN,CLE,0,0,0,0,0,0,0,0,0,0,0,0,0,0,0,0,0,0,0,0,0,0,0,0,0,0,0,0,0,0,0,0,0,0,0
00-0039376,Spencer Rattler,QB,QB,2025,1,REG,NO,ARI,27,46,214,0,0,1,0,0,0,4,29,0,0,0,0,0,0,0,0,0,0,0,0,0,0,0,0,0,0,0,0,0,0,11.46,11.46
00-0039379,Jamari Thrash,WR,WR,2025,1,REG,CLE,CIN,0,0,0,0,0,0,0,0,0,0,0,0,0,0,0,1,1,6,0,0,0,0,0,0,0,0,0,0,0,0,0,0,0,0.6,1.6
00-0039380,Chau Smith-Wade,CB,DB,2025,1,REG,CAR,JAX,0,0,0,0,0,0,0,0,0,0,0,0,0,0,0,0,0,0,0,0,0,0,0,0,0,0,0,0,0,0,0,0,0,0,0
00-0039384,Tyrone Tracy Jr.,RB,RB,2025,1,REG,NYG,WAS,0,0,0,0,0,0,0,0,0,10,24,0,0,0,0,2,5,11,0,0,0,0,0,0,0,0,0,0,0,0,0,0,0,3.5,5.5
00-0039388,Jaylan Ford,LB,LB,2025,1,REG,NO,ARI,0,0,0,0,0,0,0,0,0,0,0,0,0,0,0,0,0,0,0,0,0,0,0,0,0,0,0,0,0,0,0,0,0,0,0
00-0039394,Casey Washington,WR,WR,2025,1,REG,ATL,TB,0,0,0,0,0,0,0,0,0,0,0,0,0,0,0,3,6,33,0,0,0,0,0,0,0,0,0,0,0,0,0,0,0,3.3,6.3
00-0039404,Will Reichard,K,SPEC,2025,1,REG,MIN,CHI,0,0,0,0,0,0,0,0,0,0,0,0,0,0,0,0,0,0,0,0,0,0,0,0,2,2,0,0,0,1,1,0,0,0,0
00-0039407,Dylan Laube,RB,RB,2025,1,REG,LV,NE,0,0,0,0,0,0,0,0,0,0,0,0,0,0,0,0,0,0,0,0,0,0,0,0,0,0,0,0,0,0,0,0,0,0,0
00-0039409,Cam Little,K,SPEC,2025,1,REG,JAX,CAR,0,0,0,0,0,0,0,0,0,0,0,0,0,0,0,0,0,0,0,0,0,0,0,0,4,4,0,0,0,2,2,0,0,0,0
00-0039417,Myles Harden,CB,DB,2025,1,REG,CLE,CIN,0,0,0,0,0,0,0,0,0,0,0,0,0,0,0,0,0,0,0,0,0,0,0,0,0,0,0,0,0,0,0,0,0,0,0
00-0039421,Levi Drake Rodriguez,DL,DL,2025,1,REG,MIN,CHI,0,0,0,0,0,0,0,0,0,0,0,0,0,0,0,0,0,0,0,0,0,0,0,0,0,0,0,0,0,0,0,0,0,0,0
00-0039423,Jonah Laulu,DT,DL,2025,1,REG,LV,NE,0,0,0,0,0,0,0,0,0,0,0,0,0,0,0,0,0,0,0,0,0,0,0,0,0,0,0,0,0,0,0,0,0,0,0
00-0039424,Devaughn Vele,WR,WR,2025,1,REG,NO,ARI,0,0,0,0,0,0,0,0,0,0,0,0,0,0,0,1,2,13,0,0,0,0,0,0,0,0,0,0,0,0,0,0,0,1.3,2.3
00-0039430,James Williams,LB,LB,2025,1,REG,TEN,DEN,0,0,0,0,0,0,0,0,0,0,0,0,0,0,0,0,0,0,0,0,0,0,0,0,0,0,0,0,0,0,0,0,0,0,0
00-0039431,Jowon Briggs,DE,DL,2025,1,REG,NYJ,PIT,0,0,0,0,0,0,0,0,0,0,0,0,0,0,0,0,0,0,0,0,0,0,0,0,0,0,0,0,0,0,0,0,0,0,0
00-0039435,Tatum Bethune,LB,LB,2025,1,REG,SF,SEA,0,0,0,0,0,0,0,0,0,0,0,0,0,0,0,0,0,0,0,0,0,0,0,0,0,0,0,0,0,0,0,0,0,0,0
00-0039436,Jaylen Harrell,DE,DL,2025,1,REG,TEN,DEN,0,0,0,0,0,0,0,0,0,0,0,0,0,0,0,0,0,0,0,0,0,0,0,0,0,0,0,0,0,0,0,0,0,0,0
00-0039460,Carl Jones,LB,LB,2025,1,REG,CHI,MIN,0,0,0,0,0,0,0,0,0,0,0,0,0,0,0,0,0,0,0,0,0,0,0,0,0,0,0,0,0,0,0,0,0,0,0
00-0039481,Storm Duck,CB,DB,2025,1,REG,MIA,IND,0,0,0,0,0,0,0,0,0,0,0,0,0,0,0,0,0,0,0,0,0,0,0,0,0,0,0,0,0,0,0,0,0,0,0
00-0039530,Brevyn Spann-Ford,TE,TE,2025,1,REG,DAL,PHI,0,0,0,0,0,0,0,0,0,0,0,0,0,0,0,0,1,0,0,0,0,0,0,0,0,0,0,0,0,0,0,0,0,0,0
00-0039576,Spencer Shrader,K,SPEC,2025,1,REG,IND,MIA,0,0,0,0,0,0,0,0,0,0,0,0,0,0,0,0,0,0,0,0,0,0,0,0,4,4,0,0,0,3,3,0,0,0,0
00-0039589,Kameron Johnson,WR,WR,2025,1,REG,TB,ATL,0,0,0,0,0,0,0,0,0,0,0,0,0,0,0,0,0,0,0,0,0,0,0,0,0,0,0,0,0,0,0,0,0,0,0
00-0039596,Rashad Wisdom,SAF,DB,2025,1,REG,TB,ATL,0,0,0,0,0,0,0,0,0,0,0,0,0,0,0,0,0,0,0,0,0,0,0,0,0,0,0,0,0,0,0,0,0,0,0
00-0039601,Demani Richardson,SAF,DB,2025,1,REG,CAR,JAX,0,0,0,0,0,0,0,0,0,0,0,0,0,0,0,0,0,0,0,0,0,0,0,0,0,0,0,0,0,0,0,0,0,0,0
00-0039622,Isaiah Stalbird,LB,LB,2025,1,REG,NO,ARI,0,0,0,0,0,0,0,0,0,0,0,0,0,0,0,0,0,0,0,0,0,0,0,0,0,0,0,0,0,0,0,0,0,0,0
00-0039634,Austin McNamara,P,SPEC,2025,1,REG,NYJ,PIT,0,0,0,0,0,0,0,0,0,0,0,0,0,0,0,0,0,0,0,0,0,0,0,0,0,0,0,0,0,0,0,0,0,0,0
00-0039648,David Martin-Robinson,TE,TE,2025,1,REG,TEN,DEN,0,0,0,0,0,0,0,0,0,0,0,0,0,0,0,0,0,0,0,0,0,0,0,0,0,0,0,0,0,0,0,0,0,0,0
00-0039650,Bryce Oliver,WR,WR,2025,1,REG,TEN,DEN,0,0,0,0,0,0,0,0,0,0,0,0,0,0,0,1,1,8,0,0,0,0,0,0,0,0,0,0,0,0,0,0,0,0.8,1.8
00-0039686,Colson Yankoff,TE,TE,2025,1,REG,WAS,NYG,0,0,0,0,0,0,0,0,0,0,0,0,0,0,0,0,0,0,0,0,0,0,0,0,0,0,0,0,0,0,0,0,0,0,0
00-0039692,Dell Pettus,SAF,DB,2025,1,REG,NE,LV,0,0,0,0,0,0,0,0,0,0,0,0,0,0,0,0,0,0,0,0,0,0,0,0,0,0,0,0,0,0,0,0,0,0,0
00-0039731,JC Latham,OT,OL,2025,1,REG,TEN,DEN,0,0,0,0,0,0,0,0,0,0,0,0,0,0,0,0,0,0,0,0,0,0,0,0,0,0,0,0,0,0,0,0,0,0,0
00-0039732,Bo Nix,QB,QB,2025,1,REG,DEN,TEN,25,40,176,1,2,1,1,1,0,8,18,0,0,0,0,0,0,0,0,0,0,0,0,1,0,0,0,0,0,0,0,0,0,6.84,6.84
00-0039733,Ruke Orhorhoro,DT,DL,2025,1,REG,ATL,TB,0,0,0,0,0,0,0,0,0,0,0,0,0,0,0,0,0,0,0,0,0,0,0,0,0,0,0,0,0,0,0,0,0,0,0
00-0039734,Braden Fiske,DT,DL,2025,1,REG,LA,HOU,0,0,0,0,0,0,0,0,0,0,0,0,0,0,0,0,0,0,0,0,0,0,0,0,0,0,0,0,0,0,0,0,0,0,0
00-0039735,Jackson Powers-Johnson,C,OL,2025,1,REG,LV,NE,0,0,0,0,0,0,0,0,0,0,0,0,0,0,0,0,0,0,0,0,0,0,0,0,0,0,0,0,0,0,0,0,0,0,0
00-0039736,Matt Goncalves,G,OL,2025,1,REG,IND,MIA,0,0,0,0,0,0,0,0,0,0,0,0,0,0,0,0,0,0,0,0,0,0,0,0,0,0,0,0,0,0,0,0,0,0,0
00-0039737,Tip Reiman,TE,TE,2025,1,REG,ARI,NO,0,0,0,0,0,0,0,0,0,0,0,0,0,0,0,1,1,10,0,0,0,0,0,0,0,0,0,0,0,0,0,0,0,1,2
00-0039738,Blake Corum,RB,RB,2025,1,REG,LA,HOU,0,0,0,0,0,0,0,0,0,1,2,0,0,0,0,1,1,14,0,0,0,0,0,0,0,0,0,0,0,0,0,0,0,1.6,2.6
00-0039740,Jalyx Hunt,LB,LB,2025,1,REG,PHI,DAL,0,0,0,0,0,0,0,0,0,0,0,0,0,0,0,0,0,0,0,0,0,0,0,0,0,0,0,0,0,0,0,0,0,0,0
00-0039741,Payton Wilson,LB,LB,2025,1,REG,PIT,NYJ,0,0,0,0,0,0,0,0,0,0,0,0,0,0,0,0,0,0,0,0,0,0,0,0,0,0,0,0,0,0,0,0,0,0,0
00-0039745,Tory Taylor,P,SPEC,2025,1,REG,CHI,MIN,0,0,0,0,0,0,0,0,0,0,0,0,0,0,0,0,0,0,0,0,0,0,0,0,0,0,0,0,0,0,0,0,0,0,0
00-0039746,Will Shipley,RB,RB,2025,1,REG,PHI,DAL,0,0,0,0,0,0,0,0,0,3,26,0,0,0,0,0,0,0,0,0,0,0,0,0,0,0,0,0,0,0,0,0,0,2.6,2.6
00-0039749,Tyler Davis,DE,DL,2025,1,REG,LA,HOU,0,0,0,0,0,0,0,0,0,0,0,0,0,0,0,0,0,0,0,0,0,0,0,0,0,0,0,0,0,0,0,0,0,0,0
00-0039750,Joshua Karty,K,SPEC,2025,1,REG,LA,HOU,0,0,0,0,0,0,0,0,0,0,0,0,0,0,0,0,0,0,0,0,0,0,0,0,0,0,0,0,0,2,2,0,0,0,0
00-0039751,Jordan Whittington,WR,WR,2025,1,REG,LA,HOU,0,0,0,0,0,0,0,0,0,1,5,0,0,0,0,0,0,0,0,0,0,0,0,0,0,0,0,0,0,0,0,0,0,0.5,0.5
00-0039753,Beaux Limmer,G,OL,2025,1,REG,LA,HOU,0,0,0,0,0,0,0,0,0,0,0,0,0,0,0,0,0,0,0,0,0,0,0,0,0,0,0,0,0,0,0,0,0,0,0
00-0039763,Joe Andreessen,LB,LB,2025,1,REG,BUF,BAL,0,0,0,0,0,0,0,0,0,0,0,0,0,0,0,0,0,0,0,0,0,0,0,0,0,0,0,0,0,0,0,0,0,0,0
00-0039774,Omar Speights,LB,LB,2025,1,REG,LA,HOU,0,0,0,0,0,0,0,0,0,0,0,0,0,0,0,0,0,0,0,0,0,0,0,0,0,0,0,0,0,0,0,0,0,0,0
00-0039776,Jaylen McCollough,SAF,DB,2025,1,REG,LA,HOU,0,0,0,0,0,0,0,0,0,0,0,0,0,0,0,0,0,0,0,0,0,0,0,0,0,0,0,0,0,0,0,0,0,0,0
00-0039789,Qwan'tez Stiggers,DB,DB,2025,1,REG,NYJ,PIT,0,0,0,0,0,0,0,0,0,0,0,0,0,0,0,0,0,0,0,0,0,0,0,0,0,0,0,0,0,0,0,0,0,0,0
00-0039793,AJ Barner,TE,TE,2025,1,REG,SEA,SF,0,0,0,0,0,0,0,0,0,1,2,0,0,0,0,1,2,0,0,0,0,0,0,0,0,0,0,0,0,0,0,0,0,0.2,1.2
00-0039794,Braelon Allen,RB,RB,2025,1,REG,NYJ,PIT,0,0,0,0,0,0,0,0,0,6,9,1,0,0,0,0,0,0,0,0,0,0,0,0,0,0,0,0,0,0,0,0,0,6.9,6.9
00-0039795,Nehemiah Pritchett,CB,DB,2025,1,REG,SEA,SF,0,0,0,0,0,0,0,0,0,0,0,0,0,0,0,0,0,0,0,0,0,0,0,0,0,0,0,0,0,0,0,0,0,0,0
00-0039796,Rasheen Ali,RB,RB,2025,1,REG,BAL,BUF,0,0,0,0,0,0,0,0,0,1,5,0,0,0,0,0,0,0,0,0,0,0,0,0,0,0,0,0,0,0,0,0,0,0.5,0.5
00-0039798,Isaiah Davis,RB,RB,2025,1,REG,NYJ,PIT,0,0,0,0,0,0,0,0,0,2,18,0,0,0,0,0,0,0,0,0,0,0,0,0,0,0,0,0,0,0,0,0,0,1.8,1.8
00-0039800,DJ James,CB,DB,2025,1,REG,NE,LV,0,0,0,0,0,0,0,0,0,0,0,0,0,0,0,0,0,0,0,0,0,0,0,0,0,0,0,0,0,0,0,0,0,0,0
00-0039807,Max Melton,CB,DB,2025,1,REG,ARI,NO,0,0,0,0,0,0,0,0,0,0,0,0,0,0,0,0,0,0,0,0,0,0,0,0,0,0,0,0,0,0,0,0,0,0,0
00-0039808,Isaiah Adams,G,OL,2025,1,REG,ARI,NO,0,0,0,0,0,0,0,0,0,0,0,0,0,0,0,0,0,0,0,0,0,0,0,0,0,0,0,0,0,0,0,0,0,0,0
00-0039809,Jonah Elliss,LB,LB,2025,1,REG,DEN,TEN,0,0,0,0,0,0,0,0,0,0,0,0,0,0,0,0,0,0,0,0,0,0,0,0,0,0,0,0,0,0,0,0,0,0,0
00-0039812,Ty'Ron Hopper,LB,LB,2025,1,REG,GB,DET,0,0,0,0,0,0,0,0,0,0,0,0,0,0,0,0,0,0,0,0,0,0,0,0,0,0,0,0,0,0,0,0,0,0,0
00-0039813,Evan Williams,SAF,DB,2025,1,REG,GB,DET,0,0,0,0,0,0,0,0,0,0,0,0,0,0,0,0,0,0,0,0,0,0,0,0,0,0,0,0,0,0,0,0,0,0,0
00-0039815,Tyrice Knight,LB,LB,2025,1,REG,SEA,SF,0,0,0,0,0,0,0,0,0,0,0,0,0,0,0,0,0,0,0,0,0,0,0,0,0,0,0,0,0,0,0,0,0,0,0
00-0039816,Anthony Gould,WR,WR,2025,1,REG,IND,MIA,0,0,0,0,0,0,0,0,0,0,0,0,0,0,0,0,0,0,0,0,0,0,0,0,0,0,0,0,0,0,0,0,0,0,0
00-0039818,Kitan Oladapo,SAF,DB,2025,1,REG,GB,DET,0,0,0,0,0,0,0,0,0,0,0,0,0,0,0,0,0,0,0,0,0,0,0,0,0,0,0,0,0,0,0,0,0,0,0
00-0039821,Andru Phillips,DB,DB,2025,1,REG,NYG,WAS,0,0,0,0,0,0,0,0,0,0,0,0,0,0,0,0,0,0,0,0,0,0,0,0,0,0,0,0,0,0,0,0,0,0,0
00-0039825,Jaden Hicks,SAF,DB,2025,1,REG,KC,LAC,0,0,0,0,0,0,0,0,0,0,0,0,0,0,0,0,0,0,0,0,0,0,0,0,0,0,0,0,0,0,0,0,0,0,0
00-0039826,Jeremiah Trotter Jr.,LB,LB,2025,1,REG,PHI,DAL,0,0,0,0,0,0,0,0,0,0,0,0,0,0,0,0,0,0,0,0,0,0,0,0,0,0,0,0,0,0,0,0,0,0,0
00-0039829,Darius Muasau,LB,LB,2025,1,REG,NYG,WAS,0,0,0,0,0,0,0,0,0,0,0,0,0,0,0,0,0,0,0,0,0,0,0,0,0,0,0,0,0,0,0,0,0,0,0
00-0039834,Kamren Kinchens,SAF,DB,2025,1,REG,LA,HOU,0,0,0,0,0,0,0,0,0,0,0,0,0,0,0,0,0,0,0,0,0,0,0,0,0,0,0,0,0,0,0,0,0,0,0
00-0039838,Calen Bullock,SAF,DB,2025,1,REG,HOU,LA,0,0,0,0,0,0,0,0,0,0,0,0,0,0,0,0,0,0,0,0,0,0,0,0,0,0,0,0,0,0,0,0,0,0,0
00-0039841,Cooper DeJean,CB,DB,2025,1,REG,PHI,DAL,0,0,0,0,0,0,0,0,0,0,0,0,0,0,0,0,0,0,0,0,0,0,0,0,0,0,0,0,0,0,0,0,0,0,0
00-0039846,Tykee Smith,DB,DB,2025,1,REG,TB,ATL,0,0,0,0,0,0,0,0,0,0,0,0,0,0,0,0,0,0,0,0,0,0,0,0,0,0,0,0,0,0,0,0,0,0,0
00-0039847,Theo Johnson,TE,TE,2025,1,REG,NYG,WAS,0,0,0,0,0,0,0,0,0,0,0,0,0,0,0,1,3,5,0,0,0,0,0,0,0,0,0,0,0,0,0,0,0,0.5,1.5
00-0039849,Marvin Harrison Jr.,WR,WR,2025,1,REG,ARI,NO,0,0,0,0,0,0,0,0,0,0,0,0,0,0,0,5,6,71,1,0,0,0,0,0,0,0,0,0,0,0,0,0,0,13.1,18.1
00-0039850,Edgerrin Cooper,LB,LB,2025,1,REG,GB,DET,0,0,0,0,0,0,0,0,0,0,0,0,0,0,0,0,0,0,0,0,0,0,0,0,0,0,0,0,0,0,0,0,0,0,0
00-0039851,Drake Maye,QB,QB,2025,1,REG,NE,LV,30,46,287,1,1,4,1,0,0,4,11,0,0,0,0,1,1,2,0,0,0,0,0,0,0,0,0,0,0,0,0,0,0,14.78,15.78
00-0039852,Jared Verse,DE,DL,2025,1,REG,LA,HOU,0,0,0,0,0,0,0,0,0,0,0,0,0,0,0,0,0,0,0,0,0,0,0,0,0,0,0,0,0,0,0,0,0,0,0
00-0039854,Darius Robinson,DL,DL,2025,1,REG,ARI,NO,0,0,0,0,0,0,0,0,0,0,0,0,0,0,0,0,0,0,0,0,0,0,0,0,0,0,0,0,0,0,0,0,0,0,0
00-0039857,Blake Fisher,OT,OL,2025,1,REG,HOU,LA,0,0,0,0,0,0,0,0,0,0,0,0,0,0,0,0,0,0,0,0,0,0,0,0,0,0,0,0,0,0,0,0,0,0,0
00-0039858,Cedric Gray,LB,LB,2025,1,REG,TEN,DEN,0,0,0,0,0,0,0,0,0,0,0,0,0,0,0,0,0,0,0,0,0,0,0,0,0,0,0,0,0,0,0,0,0,0,0
00-0039860,Kool-Aid McKinstry,CB,DB,2025,1,REG,NO,ARI,0,0,0,0,0,0,0,0,0,0,0,0,0,0,0,0,0,0,0,0,0,0,0,0,0,0,0,0,0,0,0,0,0,0,0
00-0039861,Tyler Nubin,SAF,DB,2025,1,REG,NYG,WAS,0,0,0,0,0,0,0,0,0,0,0,0,0,0,0,0,0,0,0,0,0,0,0,0,0,0,0,0,0,0,0,0,0,0,0
00-0039864,Dadrion Taylor-Demerson,SAF,DB,2025,1,REG,ARI,NO,0,0,0,0,0,0,0,0,0,0,0,0,0,0,0,0,0,0,0,0,0,0,0,0,0,0,0,0,0,0,0,0,0,0,0
00-0039867,Javon Bullard,SAF,DB,2025,1,REG,GB,DET,0,0,0,0,0,0,0,0,0,0,0,0,0,0,0,0,0,0,0,0,0,0,0,0,0,0,0,0,0,0,0,0,0,0,0
00-0039868,Troy Franklin,WR,WR,2025,1,REG,DEN,TEN,0,0,0,0,0,0,0,0,0,0,0,0,0,0,0,4,6,44,0,0,0,0,0,0,0,0,0,0,0,0,0,0,0,4.4,8.4
00-0039872,Cole Bishop,SAF,DB,2025,1,REG,BUF,BAL,0,0,0,0,0,0,0,0,0,0,0,0,0,0,0,0,0,0,0,0,0,0,0,0,0,0,0,0,0,0,0,0,0,0,0
00-0039875,Ray Davis,RB,RB,2025,1,REG,BUF,BAL,0,0,0,0,0,0,0,0,0,1,2,0,0,0,0,1,1,-1,0,0,0,0,0,0,0,0,0,0,0,0,0,0,0,0.1,1.1
00-0039879,Javon Solomon,LB,LB,2025,1,REG,BUF,BAL,0,0,0,0,0,0,0,0,0,0,0,0,0,0,0,0,0,0,0,0,0,0,0,0,0,0,0,0,0,0,0,0,0,0,0
00-0039880,Malik Washington,WR,WR,2025,1,REG,MIA,IND,0,0,0,0,0,0,0,0,0,1,9,0,0,0,0,2,5,20,0,0,0,0,0,0,0,0,0,0,0,0,0,0,0,2.9,4.9
00-0039886,T'Vondre Sweat,DT,DL,2025,1,REG,TEN,DEN,0,0,0,0,0,0,0,0,0,0,0,0,0,0,0,0,0,0,0,0,0,0,0,0,0,0,0,0,0,0,0,0,0,0,0
00-0039888,Quinyon Mitchell,CB,DB,2025,1,REG,PHI,DAL,0,0,0,0,0,0,0,0,0,0,0,0,0,0,0,0,0,0,0,0,0,0,0,0,0,0,0,0,0,0,0,0,0,0,0
00-0039890,Adonai Mitchell,WR,WR,2025,1,REG,IND,MIA,0,0,0,0,0,0,0,0,0,0,0,0,0,0,0,2,2,21,0,0,0,0,0,0,0,0,0,0,0,0,0,0,0,2.1,4.1
00-0039893,Brian Thomas Jr.,WR,WR,2025,1,REG,JAX,CAR,0,0,0,0,0,0,0,0,0,1,9,1,0,0,0,1,7,11,0,0,0,0,0,0,0,0,0,0,0,0,0,0,0,8,9
00-0039894,Xavier Worthy,WR,WR,2025,1,REG,KC,LAC,0,0,0,0,0,0,0,0,0,1,0,0,0,0,0,0,1,0,0,0,0,0,0,0,0,0,0,0,0,0,0,0,0,0,0
00-0039898,Mike Sainristil,CB,DB,2025,1,REG,WAS,NYG,0,0,0,0,0,0,0,0,0,0,0,0,0,0,0,0,0,0,0,0,0,0,0,0,0,0,0,0,0,0,0,0,0,0,0
00-0039900,Marshawn Kneeland,DE,DL,2025,1,REG,DAL,PHI,0,0,0,0,0,0,0,0,0,0,0,0,0,0,0,0,0,0,0,0,0,0,0,0,0,0,0,0,0,0,0,0,0,0,0
00-0039901,Keon Coleman,WR,WR,2025,1,REG,BUF,BAL,0,0,0,0,0,0,0,0,0,0,0,0,0,0,0,8,11,112,1,0,0,0,0,0,0,0,0,0,0,0,0,0,0,17.2,25.2
00-0039903,Terrion Arnold,CB,DB,2025,1,REG,DET,GB,0,0,0,0,0,0,0,0,0,0,0,0,0,0,0,0,0,0,0,0,0,0,0,0,0,0,0,0,0,0,0,0,0,0,0
00-0039905,Graham Barton,C,OL,2025,1,REG,TB,ATL,0,0,0,0,0,0,0,0,0,0,0,0,0,0,0,0,0,0,0,0,0,0,0,0,0,0,0,0,0,0,0,0,0,0,0
00-0039906,Jer'Zhan Newton,DT,DL,2025,1,REG,WAS,NYG,0,0,0,0,0,0,0,0,0,0,0,0,0,0,0,0,0,0,0,0,0,0,0,0,0,0,0,0,0,0,0,0,0,0,0
00-0039908,Kris Jenkins,DT,DL,2025,1,REG,CIN,CLE,0,0,0,0,0,0,0,0,0,0,0,0,0,0,0,0,0,0,0,0,0,0,0,0,0,0,0,0,0,0,0,0,0,0,0
00-0039910,Jayden Daniels,QB,QB,2025,1,REG,WAS,NYG,19,30,233,1,0,3,0,0,0,11,68,0,0,0,0,0,0,0,0,0,0,0,0,0,0,0,0,0,0,0,0,0,0,20.12,20.12
00-0039911,Chop Robinson,LB,LB,2025,1,REG,MIA,IND,0,0,0,0,0,0,0,0,0,0,0,0,0,0,0,0,0,0,0,0,0,0,0,0,0,0,0,0,0,0,0,0,0,0,0
00-0039915,Ladd McConkey,WR,WR,2025,1,REG,LAC,KC,0,0,0,0,0,0,0,0,0,0,0,0,0,0,0,6,9,74,0,0,0,0,0,0,0,0,0,0,0,0,0,0,0,7.4,13.4
00-0039916,Ricky Pearsall,WR,WR,2025,1,REG,SF,SEA,0,0,0,0,0,0,0,0,0,0,0,0,0,0,0,4,7,108,0,0,0,0,0,0,0,0,0,0,0,0,0,0,0,10.8,14.8
00-0039917,Michael Penix Jr.,QB,QB,2025,1,REG,ATL,TB,27,42,298,1,0,1,0,0,0,6,21,1,1,0,0,0,0,0,0,0,0,0,0,0,0,0,0,0,0,0,0,0,0,24.02,24.02
00-0039918,Caleb Williams,QB,QB,2025,1,REG,CHI,MIN,21,35,210,1,0,2,0,0,0,6,58,1,0,0,0,0,0,0,0,0,0,0,0,0,0,0,0,0,0,0,0,0,0,24.2,24.2
00-0039919,Rome Odunze,WR,WR,2025,1,REG,CHI,MIN,0,0,0,0,0,0,0,0,0,0,0,0,0,0,0,6,9,37,1,0,0,0,0,0,0,0,0,0,0,0,0,0,0,9.7,15.7
00-0039921,Trey Benson,RB,RB,2025,1,REG,ARI,NO,0,0,0,0,0,0,0,0,0,8,69,0,0,0,0,1,1,6,0,0,0,0,0,0,0,0,0,0,0,0,0,0,0,7.5,8.5
00-0039923,J.J. McCarthy,QB,QB,2025,1,REG,MIN,CHI,13,20,143,2,1,3,0,0,1,2,25,1,0,0,0,0,0,0,0,0,0,0,0,0,0,0,0,0,0,0,0,0,0,22.22,22.22
00-0039924,Dallas Turner,LB,LB,2025,1,REG,MIN,CHI,0,0,0,0,0,0,0,0,0,0,0,0,0,0,0,0,0,0,0,0,0,0,0,0,0,0,0,0,0,0,0,0,0,0,0
00-0039925,Amarius Mims,OT,OL,2025,1,REG,CIN,CLE,0,0,0,0,0,0,0,0,0,0,0,0,0,0,0,0,0,0,0,0,0,0,0,0,0,0,0,0,0,0,0,0,0,0,0
00-0040009,Savion Williams,WR,WR,2025,1,REG,GB,DET,0,0,0,0,0,0,0,0,0,0,0,0,0,0,0,1,1,1,0,0,0,0,0,0,0,0,0,0,0,0,0,0,0,0.1,1.1
00-0040019,Jay Toia,DT,DL,2025,1,REG,DAL,PHI,0,0,0,0,0,0,0,0,0,0,0,0,0,0,0,0,0,0,0,0,0,0,0,0,0,0,0,0,0,0,0,0,0,0,0
00-0040041,Nazir Stackhouse,DT,DL,2025,1,REG,GB,DET,0,0,0,0,0,0,0,0,0,0,0,0,0,0,0,0,0,0,0,0,0,0,0,0,0,0,0,0,0,0,0,0,0,0,0
00-0040069,Teddye Buchanan,LB,LB,2025,1,REG,BAL,BUF,0,0,0,0,0,0,0,0,0,0,0,0,0,0,0,0,0,0,0,0,0,0,0,0,0,0,0,0,0,0,0,0,0,0,0
00-0040074,Tyler Loop,K,SPEC,2025,1,REG,BAL,BUF,0,0,0,0,0,0,0,0,0,0,0,0,0,0,0,0,0,0,0,0,0,0,0,0,2,2,0,0,0,4,5,1,0,0,0
00-0040075,LaJohntay Wester,WR,WR,2025,1,REG,BAL,BUF,0,0,0,0,0,0,0,0,0,0,0,0,0,0,0,0,0,0,0,0,0,0,0,0,0,0,0,0,0,0,0,0,0,0,0
00-0040076,Aeneas Peebles,DT,DL,2025,1,REG,BAL,BUF,0,0,0,0,0,0,0,0,0,0,0,0,0,0,0,0,0,0,0,0,0,0,0,0,0,0,0,0,0,0,0,0,0,0,0
00-0040078,Brashard Smith,RB,RB,2025,1,REG,KC,LAC,0,0,0,0,0,0,0,0,0,0,0,0,0,0,0,0,0,0,0,0,0,0,0,0,0,0,0,0,0,0,0,0,0,0,0
00-0040116,Josh Simmons,OT,OL,2025,1,REG,KC,LAC,0,0,0,0,0,0,0,0,0,0,0,0,0,0,0,0,0,0,0,0,0,0,0,0,0,0,0,0,0,0,0,0,0,0,0
00-0040118,Cooper McDonald,LB,LB,2025,1,REG,KC,LAC,0,0,0,0,0,0,0,0,0,0,0,0,0,0,0,0,0,0,0,0,0,0,0,0,0,0,0,0,0,0,0,0,0,0,0
00-0040122,Ashton Jeanty,RB,RB,2025,1,REG,LV,NE,0,0,0,0,0,0,0,0,0,19,38,1,0,0,0,2,2,2,0,0,0,0,0,0,0,0,0,0,0,0,0,0,0,10,12
00-0040124,Tetairoa McMillan,WR,WR,2025,1,REG,CAR,JAX,0,0,0,0,0,0,0,0,0,0,0,0,0,0,0,5,9,68,0,0,0,0,0,0,0,0,0,0,0,0,0,0,0,6.8,11.8
00-0040126,Colston Loveland,TE,TE,2025,1,REG,CHI,MIN,0,0,0,0,0,0,0,0,0,0,0,0,0,0,0,2,2,12,0,0,0,0,0,0,0,0,0,0,0,0,0,0,0,1.2,3.2
00-0040127,Kenneth Grant,DT,DL,2025,1,REG,MIA,IND,0,0,0,0,0,0,0,0,0,0,0,0,0,0,0,0,0,0,0,0,0,0,0,0,0,0,0,0,0,0,0,0,0,0,0
00-0040128,Tyler Warren,TE,TE,2025,1,REG,IND,MIA,0,0,0,0,0,0,0,0,0,1,3,0,0,0,0,7,9,76,0,0,0,0,0,0,0,0,0,0,0,0,0,0,0,7.9,14.9
00-0040129,Emeka Egbuka,WR,WR,2025,1,REG,TB,ATL,0,0,0,0,0,0,0,0,0,1,9,0,0,0,0,4,6,67,2,0,0,0,0,0,0,0,0,0,0,0,0,0,0,19.6,23.6
00-0040130,Jayden Higgins,WR,WR,2025,1,REG,HOU,LA,0,0,0,0,0,0,0,0,0,0,0,0,0,0,0,2,3,32,0,0,0,0,0,0,0,0,0,0,0,0,0,0,0,3.2,5.2
00-0040131,Kyle Williams,WR,WR,2025,1,REG,NE,LV,0,0,0,0,0,0,0,0,0,0,0,0,0,0,0,1,1,12,0,0,0,0,0,0,0,0,0,0,0,0,0,0,0,1.2,2.2
00-0040136,Princely Umanmielen,LB,LB,2025,1,REG,CAR,JAX,0,0,0,0,0,0,0,0,0,0,0,0,0,0,0,0,0,0,0,0,0,0,0,0,0,0,0,0,0,0,0,0,0,0,0
00-0040137,Jordan Burch,LB,LB,2025,1,REG,ARI,NO,0,0,0,0,0,0,0,0,0,0,0,0,0,0,0,0,0,0,0,0,0,0,0,0,0,0,0,0,0,0,0,0,0,0,0
00-0040138,Jaylin Noel,WR,WR,2025,1,REG,HOU,LA,0,0,0,0,0,0,0,0,0,0,0,0,0,0,0,1,2,7,0,0,0,0,0,0,0,0,0,0,0,0,0,0,0,0.7,1.7
00-0040142,Kaleb Johnson,RB,RB,2025,1,REG,PIT,NYJ,0,0,0,0,0,0,0,0,0,1,-2,0,0,0,0,0,0,0,0,0,0,0,0,0,0,0,0,0,0,0,0,0,0,-0.2,-0.2
00-0040143,Jacob Parrish,CB,DB,2025,1,REG,TB,ATL,0,0,0,0,0,0,0,0,0,0,0,0,0,0,0,0,0,0,0,0,0,0,0,0,0,0,0,0,0,0,0,0,0,0,0
00-0040147,Jared Wilson,C,OL,2025,1,REG,NE,LV,0,0,0,0,0,0,0,0,0,0,0,0,0,0,0,0,0,0,0,0,0,0,0,0,0,0,0,0,0,0,0,0,0,0,0
00-0040148,Xavier Watts,SAF,DB,2025,1,REG,ATL,TB,0,0,0,0,0,0,0,0,0,0,0,0,0,0,0,0,0,0,0,0,0,0,0,0,0,0,0,0,0,0,0,0,0,0,0
00-0040149,Jaylin Smith,CB,DB,2025,1,REG,HOU,LA,0,0,0,0,0,0,0,0,0,0,0,0,0,0,0,0,0,0,0,0,0,0,0,0,0,0,0,0,0,0,0,0,0,0,0
00-0040152,Upton Stout,CB,DB,2025,1,REG,SF,SEA,0,0,0,0,0,0,0,0,0,0,0,0,0,0,0,0,0,0,0,0,0,0,0,0,0,0,0,0,0,0,0,0,0,0,0
00-0040154,Tai Felton,WR,WR,2025,1,REG,MIN,CHI,0,0,0,0,0,0,0,0,0,0,0,0,0,0,0,0,0,0,0,0,0,0,0,0,0,0,0,0,0,0,0,0,0,0,0
00-0040155,Danny Stutsman,LB,LB,2025,1,REG,NO,ARI,0,0,0,0,0,0,0,0,0,0,0,0,0,0,0,0,0,0,0,0,0,0,0,0,0,0,0,0,0,0,0,0,0,0,0
00-0040156,Billy Bowman Jr.,CB,DB,2025,1,REG,ATL,TB,0,0,0,0,0,0,0,0,0,0,0,0,0,0,0,0,0,0,0,0,0,0,0,0,0,0,0,0,0,0,0,0,0,0,0
00-0040157,Barrett Carter,LB,LB,2025,1,REG,CIN,CLE,0,0,0,0,0,0,0,0,0,0,0,0,0,0,0,0,0,0,0,0,0,0,0,0,0,0,0,0,0,0,0,0,0,0,0
00-0040159,Lathan Ransom,SAF,DB,2025,1,REG,CAR,JAX,0,0,0,0,0,0,0,0,0,0,0,0,0,0,0,0,0,0,0,0,0,0,0,0,0,0,0,0,0,0,0,0,0,0,0
00-0040160,Jack Sawyer,LB,LB,2025,1,REG,PIT,NYJ,0,0,0,0,0,0,0,0,0,0,0,0,0,0,0,0,0,0,0,0,0,0,0,0,0,0,0,0,0,0,0,0,0,0,0
00-0040162,Dylan Sampson,RB,RB,2025,1,REG,CLE,CIN,0,0,0,0,0,0,0,0,0,12,29,0,0,0,0,8,8,64,0,0,0,0,0,0,0,0,0,0,0,0,0,0,0,9.3,17.3
00-0040164,Jaylin Lane,WR,WR,2025,1,REG,WAS,NYG,0,0,0,0,0,0,0,0,0,0,0,0,0,0,0,1,2,11,0,0,0,0,0,0,0,0,0,0,0,0,0,0,0,1.1,2.1
00-0040165,Malachi Moore,SAF,DB,2025,1,REG,NYJ,PIT,0,0,0,0,0,0,0,0,0,0,0,0,0,0,0,0,0,0,0,0,0,0,0,0,0,0,0,0,0,0,0,0,0,0,0
00-0040167,Ruben Hyppolite II,LB,LB,2025,1,REG,CHI,MIN,0,0,0,0,0,0,0,0,0,0,0,0,0,0,0,0,0,0,0,0,0,0,0,0,0,0,0,0,0,0,0,0,0,0,0
00-0040170,Elic Ayomanor,WR,WR,2025,1,REG,TEN,DEN,0,0,0,0,0,0,0,0,0,0,0,0,0,0,0,2,7,13,0,0,0,0,0,0,0,0,0,0,0,0,0,0,0,1.3,3.3
00-0040171,Joshua Farmer,DT,DL,2025,1,REG,NE,LV,0,0,0,0,0,0,0,0,0,0,0,0,0,0,0,0,0,0,0,0,0,0,0,0,0,0,0,0,0,0,0,0,0,0,0
00-0040173,Tyrion Ingram-Dawkins,DT,DL,2025,1,REG,MIN,CHI,0,0,0,0,0,0,0,0,0,0,0,0,0,0,0,0,0,0,0,0,0,0,0,0,0,0,0,0,0,0,0,0,0,0,0
00-0040175,Jordan Phillips,DT,DL,2025,1,REG,MIA,IND,0,0,0,0,0,0,0,0,0,0,0,0,0,0,0,0,0,0,0,0,0,0,0,0,0,0,0,0,0,0,0,0,0,0,0
00-0040178,Jason Marshall Jr.,CB,DB,2025,1,REG,MIA,IND,0,0,0,0,0,0,0,0,0,0,0,0,0,0,0,0,0,0,0,0,0,0,0,0,0,0,0,0,0,0,0,0,0,0,0
00-0040179,DJ Giddens,RB,RB,2025,1,REG,IND,MIA,0,0,0,0,0,0,0,0,0,12,41,0,0,0,0,0,0,0,0,0,0,0,0,0,0,0,0,0,0,0,0,0,0,4.1,4.1
00-0040182,Dante Trader Jr.,SAF,DB,2025,1,REG,MIA,IND,0,0,0,0,0,0,0,0,0,0,0,0,0,0,0,0,0,0,0,0,0,0,0,0,0,0,0,0,0,0,0,0,0,0,0
00-0040184,KeAndre Lambert-Smith,WR,WR,2025,1,REG,LAC,KC,0,0,0,0,0,0,0,0,0,0,0,0,0,0,0,0,1,0,0,0,0,0,0,0,0,0,0,0,0,0,0,0,0,0,0
00-0040185,Marques Sigle,SAF,DB,2025,1,REG,SF,SEA,0,0,0,0,0,0,0,0,0,0,0,0,0,0,0,0,0,0,0,0,0,0,0,0,0,0,0,0,0,0,0,0,0,0,0
00-0040186,Francisco Mauigoa,LB,LB,2025,1,REG,NYJ,PIT,0,0,0,0,0,0,0,0,0,0,0,0,0,0,0,0,0,0,0,0,0,0,0,0,0,0,0,0,0,0,0,0,0,0,0
00-0040188,Yahya Black,DE,DL,2025,1,REG,PIT,NYJ,0,0,0,0,0,0,0,0,0,0,0,0,0,0,0,0,0,0,0,0,0,0,0,0,0,0,0,0,0,0,0,0,0,0,0
00-0040194,Jackson Hawes,TE,TE,2025,1,REG,BUF,BAL,0,0,0,0,0,0,0,0,0,0,0,0,0,0,0,1,1,29,0,0,0,0,0,0,0,0,0,0,0,0,0,0,0,2.9,3.9
00-0040197,Dorian Strong,CB,DB,2025,1,REG,BUF,BAL,0,0,0,0,0,0,0,0,0,0,0,0,0,0,0,0,0,0,0,0,0,0,0,0,0,0,0,0,0,0,0,0,0,0,0
00-0040198,Ollie Gordon II,RB,RB,2025,1,REG,MIA,IND,0,0,0,0,0,0,0,0,0,2,4,0,0,0,0,1,1,-1,0,0,0,0,0,0,0,0,0,0,0,0,0,0,0,0.3,1.3
00-0040200,Andy Borregales,K,SPEC,2025,1,REG,NE,LV,0,0,0,0,0,0,0,0,0,0,0,0,0,0,0,0,0,0,0,0,0,0,0,0,2,3,1,0,0,1,1,0,0,0,0
00-0040202,Devin Neal,RB,RB,2025,1,REG,NO,ARI,0,0,0,0,0,0,0,0,0,2,9,0,0,0,0,0,0,0,0,0,0,0,0,0,0,0,0,0,0,0,0,0,0,0.9,0.9
00-0040208,Tahj Brooks,RB,RB,2025,1,REG,CIN,CLE,0,0,0,0,0,0,0,0,0,0,0,0,0,0,0,0,0,0,0,0,0,0,0,0,0,0,0,0,0,0,0,0,0,0,0
00-0040213,Rayuan Lane III,SAF,DB,2025,1,REG,JAX,CAR,0,0,0,0,0,0,0,0,0,0,0,0,0,0,0,0,0,0,0,0,0,0,0,0,0,0,0,0,0,0,0,0,0,0,0
00-0040223,Jeremy Crawshaw,P,SPEC,2025,1,REG,DEN,TEN,0,0,0,0,0,0,0,0,0,0,0,0,0,0,0,0,0,0,0,0,0,0,0,0,0,0,0,0,0,0,0,0,0,0,0
00-0040231,Carson Bruener,LB,LB,2025,1,REG,PIT,NYJ,0,0,0,0,0,0,0,0,0,0,0,0,0,0,0,0,0,0,0,0,0,0,0,0,0,0,0,0,0,0,0,0,0,0,0
00-0040236,Kyle Monangai,RB,RB,2025,1,REG,CHI,MIN,0,0,0,0,0,0,0,0,0,0,0,0,0,0,0,1,1,11,0,0,0,0,0,0,0,0,0,0,0,0,0,0,0,1.1,2.1
00-0040237,Tez Johnson,WR,WR,2025,1,REG,TB,ATL,0,0,0,0,0,0,0,0,0,0,0,0,0,0,0,0,1,0,0,0,0,0,0,0,0,0,0,0,0,0,0,0,0,0,0
00-0040238,LeQuint Allen Jr.,RB,RB,2025,1,REG,JAX,CAR,0,0,0,0,0,0,0,0,0,1,7,0,0,0,0,1,1,4,0,0,0,0,0,0,0,0,0,0,0,0,0,0,0,1.1,2.1
00-0040242,Jacory Croskey-Merritt,RB,RB,2025,1,REG,WAS,NYG,0,0,0,0,0,0,0,0,0,10,82,1,0,0,0,0,1,0,0,0,0,0,0,0,0,0,0,0,0,0,0,0,0,14.2,14.2
00-0040255,Adin Huntington,DE,DL,2025,1,REG,CLE,CIN,0,0,0,0,0,0,0,0,0,0,0,0,0,0,0,0,0,0,0,0,0,0,0,0,0,0,0,0,0,0,0,0,0,0,0
00-0040263,Donovan McMillon,SAF,DB,2025,1,REG,CLE,CIN,0,0,0,0,0,0,0,0,0,0,0,0,0,0,0,0,0,0,0,0,0,0,0,0,0,0,0,0,0,0,0,0,0,0,0
00-0040279,Ryan Fitzgerald,K,SPEC,2025,1,REG,CAR,JAX,0,0,0,0,0,0,0,0,0,0,0,0,0,0,0,0,0,0,0,0,0,0,0,0,1,1,0,0,0,1,1,0,0,0,0
00-0040296,Corey Thornton,CB,DB,2025,1,REG,CAR,JAX,0,0,0,0,0,0,0,0,0,0,0,0,0,0,0,0,0,0,0,0,0,0,0,0,0,0,0,0,0,0,0,0,0,0,0
00-0040379,William Wagner,LS,SPEC,2025,1,REG,CIN,CLE,0,0,0,0,0,0,0,0,0,0,0,0,0,0,0,0,0,0,0,0,0,0,0,0,0,0,0,0,0,0,0,0,0,0,0
00-0040416,John Bullock,LB,LB,2025,1,REG,TB,ATL,0,0,0,0,0,0,0,0,0,0,0,0,0,0,0,0,0,0,0,0,0,0,0,0,0,0,0,0,0,0,0,0,0,0,0
00-0040466,Raheim Sanders,RB,RB,2025,1,REG,CLE,CIN,0,0,0,0,0,0,0,0,0,3,3,1,0,0,0,0,0,0,0,0,0,0,0,0,0,0,0,0,0,0,0,0,0,6.3,6.3
00-0040476,Ulysses Bentley IV,RB,RB,2025,1,REG,IND,MIA,0,0,0,0,0,0,0,0,0,1,0,0,0,0,0,0,0,0,0,0,0,0,0,0,0,0,0,0,0,0,0,0,0,0,0
00-0040496,Chaz Chambliss,LB,LB,2025,1,REG,MIN,CHI,0,0,0,0,0,0,0,0,0,0,0,0,0,0,0,0,0,0,0,0,0,0,0,0,0,0,0,0,0,0,0,0,0,0,0
00-0040503,Dorian Mausi,LB,LB,2025,1,REG,TEN,DEN,0,0,0,0,0,0,0,0,0,0,0,0,0,0,0,0,0,0,0,0,0,0,0,0,0,0,0,0,0,0,0,0,0,0,0
00-0040506,Myles Price,WR,WR,2025,1,REG,MIN,CHI,0,0,0,0,0,0,0,0,0,0,0,0,0,0,0,0,0,0,0,0,0,0,0,0,0,0,0,0,0,0,0,0,0,0,0
00-0040574,Elijah Ponder,LB,LB,2025,1,REG,NE,LV,0,0,0,0,0,0,0,0,0,0,0,0,0,0,0,0,0,0,0,0,0,0,0,0,0,0,0,0,0,0,0,0,0,0,0
00-0040577,Jalon Walker,LB,LB,2025,1,REG,ATL,TB,0,0,0,0,0,0,0,0,0,0,0,0,0,0,0,0,0,0,0,0,0,0,0,0,0,0,0,0,0,0,0,0,0,0,0
00-0040578,James Pearce Jr.,DE,DL,2025,1,REG,ATL,TB,0,0,0,0,0,0,0,0,0,0,0,0,0,0,0,0,0,0,0,0,0,0,0,0,0,0,0,0,0,0,0,0,0,0,0
00-0040579,Carson Schwesinger,LB,LB,2025,1,REG,CLE,CIN,0,0,0,0,0,0,0,0,0,0,0,0,0,0,0,0,0,0,0,0,0,0,0,0,0,0,0,0,0,0,0,0,0,0,0
00-0040580,Josaiah Stewart,LB,LB,2025,1,REG,LA,HOU,0,0,0,0,0,0,0,0,0,0,0,0,0,0,0,0,0,0,0,0,0,0,0,0,0,0,0,0,0,0,0,0,0,0,0
00-0040581,Dont'e Thornton Jr.,WR,WR,2025,1,REG,LV,NE,0,0,0,0,0,0,0,0,0,0,0,0,0,0,0,2,4,45,0,0,0,0,0,0,0,0,0,0,0,0,0,0,0,4.5,6.5
00-0040582,Arian Smith,WR,WR,2025,1,REG,NYJ,PIT,0,0,0,0,0,0,0,0,0,0,0,0,0,0,0,0,0,0,0,0,0,0,0,0,0,0,0,0,0,0,0,0,0,0,0
00-0040583,Woody Marks,RB,RB,2025,1,REG,HOU,LA,0,0,0,0,0,0,0,0,0,3,3,0,0,0,0,0,0,0,0,0,0,0,0,0,0,0,0,0,0,0,0,0,0,0.3,0.3
00-0040584,Gunnar Helm,TE,TE,2025,1,REG,TEN,DEN,0,0,0,0,0,0,0,0,0,0,0,0,0,0,0,1,2,16,0,0,0,0,0,0,0,0,0,0,0,0,0,0,0,1.6,2.6
00-0040613,Shaun Dolac,LB,LB,2025,1,REG,LA,HOU,0,0,0,0,0,0,0,0,0,0,0,0,0,0,0,0,0,0,0,0,0,0,0,0,0,0,0,0,0,0,0,0,0,0,0
00-0040636,Keyon Martin,CB,DB,2025,1,REG,BAL,BUF,0,0,0,0,0,0,0,0,0,0,0,0,0,0,0,0,0,0,0,0,0,0,0,0,0,0,0,0,0,0,0,0,0,0,0
00-0040640,Ashton Gillotte,DE,DL,2025,1,REG,KC,LAC,0,0,0,0,0,0,0,0,0,0,0,0,0,0,0,0,0,0,0,0,0,0,0,0,0,0,0,0,0,0,0,0,0,0,0
00-0040644,Trevor Etienne,RB,RB,2025,1,REG,CAR,JAX,0,0,0,0,0,0,0,0,0,1,4,0,0,0,0,0,0,0,0,0,0,0,0,0,0,0,0,0,0,0,0,0,0,0.4,0.4
00-0040645,Cody Simon,LB,LB,2025,1,REG,ARI,NO,0,0,0,0,0,0,0,0,0,0,0,0,0,0,0,0,0,0,0,0,0,0,0,0,0,0,0,0,0,0,0,0,0,0,0
00-0040648,Tory Horton,WR,WR,2025,1,REG,SEA,SF,0,0,0,0,0,0,0,0,0,0,0,0,0,0,0,0,0,0,0,0,0,0,0,0,0,0,0,0,0,0,0,0,0,0,0
00-0040654,Kai Kroeger,P,SPEC,2025,1,REG,NO,ARI,0,0,0,0,0,0,0,0,0,0,0,0,0,0,0,0,0,0,0,0,0,0,0,0,0,0,0,0,0,0,0,0,0,0,0
00-0040660,Mykel Williams,DE,DL,2025,1,REG,SF,SEA,0,0,0,0,0,0,0,0,0,0,0,0,0,0,0,0,0,0,0,0,0,0,0,0,0,0,0,0,0,0,0,0,0,0,0
00-0040663,Harold Fannin Jr.,TE,TE,2025,1,REG,CLE,CIN,0,0,0,0,0,0,0,0,0,1,3,0,0,0,0,7,9,63,0,0,0,0,0,0,0,0,0,0,0,0,0,0,0,6.6,13.6
00-0040666,Omarion Hampton,RB,RB,2025,1,REG,LAC,KC,0,0,0,0,0,0,0,0,0,15,48,0,0,0,0,2,2,13,0,0,0,0,0,0,0,0,0,0,0,0,0,0,0,6.1,8.1
00-0040667,Matthew Golden,WR,WR,2025,1,REG,GB,DET,0,0,0,0,0,0,0,0,0,0,0,0,0,0,0,2,2,16,0,0,0,0,0,0,0,0,0,0,0,0,0,0,0,1.6,3.6
00-0040669,Isaac TeSlaa,WR,WR,2025,1,REG,DET,GB,0,0,0,0,0,0,0,0,0,0,0,0,0,0,0,1,1,13,1,0,0,0,0,0,0,0,0,0,0,0,0,0,0,7.3,8.3
00-0040670,Nohl Williams,CB,DB,2025,1,REG,KC,LAC,0,0,0,0,0,0,0,0,0,0,0,0,0,0,0,0,0,0,0,0,0,0,0,0,0,0,0,0,0,0,0,0,0,0,0
00-0040672,Tyleik Williams,DT,DL,2025,1,REG,DET,GB,0,0,0,0,0,0,0,0,0,0,0,0,0,0,0,0,0,0,0,0,0,0,0,0,0,0,0,0,0,0,0,0,0,0,0
00-0040673,Jalen Milroe,QB,QB,2025,1,REG,SEA,SF,0,0,0,0,0,0,0,0,0,1,1,0,0,0,0,0,0,0,0,0,0,0,0,0,0,0,0,0,0,0,0,0,0,0.1,0.1
00-0040676,Cam Ward,QB,QB,2025,1,REG,TEN,DEN,12,28,112,0,0,6,1,1,0,0,0,0,0,0,0,0,0,0,0,0,0,0,0,1,0,0,0,0,0,0,0,0,0,2.48,2.48
00-0040677,Abdul Carter,LB,LB,2025,1,REG,NYG,WAS,0,0,0,0,0,0,0,0,0,0,0,0,0,0,0,0,0,0,0,0,0,0,0,0,0,0,0,0,0,0,0,0,0,0,0
00-0040685,Mason Graham,DT,DL,2025,1,REG,CLE,CIN,0,0,0,0,0,0,0,0,0,0,0,0,0,0,0,0,0,0,0,0,0,0,0,0,0,0,0,0,0,0,0,0,0,0,0
00-0040686,Josh Conerly Jr.,OT,OL,2025,1,REG,WAS,NYG,0,0,0,0,0,0,0,0,0,0,0,0,0,0,0,0,0,0,0,0,0,0,0,0,0,0,0,0,0,0,0,0,0,0,0
00-0040688,Malaki Starks,SAF,DB,2025,1,REG,BAL,BUF,0,0,0,0,0,0,0,0,0,0,0,0,0,0,0,0,0,0,0,0,0,0,0,0,0,0,0,0,0,0,0,0,0,0,0
00-0040699,Will Campbell,OT,OL,2025,1,REG,NE,LV,0,0,0,0,0,0,0,0,0,0,0,0,0,0,0,0,0,0,0,0,0,0,0,0,0,0,0,0,0,0,0,0,0,0,0
00-0040705,Chimere Dike,WR,WR,2025,1,REG,TEN,DEN,0,0,0,0,0,0,0,0,0,1,9,0,0,0,0,0,1,0,0,0,0,0,0,0,0,0,0,0,0,0,0,0,0,0.9,0.9
00-0040708,Jihaad Campbell,LB,LB,2025,1,REG,PHI,DAL,0,0,0,0,0,0,0,0,0,0,0,0,0,0,0,0,0,0,0,0,0,0,0,0,0,0,0,0,0,0,0,0,0,0,0
00-0040715,Cam Skattebo,RB,RB,2025,1,REG,NYG,WAS,0,0,0,0,0,0,0,0,0,2,-3,0,0,0,0,2,2,12,0,0,0,0,0,0,0,0,0,0,0,0,0,0,0,0.9,2.9
00-0040716,Craig Woodson,SAF,DB,2025,1,REG,NE,LV,0,0,0,0,0,0,0,0,0,0,0,0,0,0,0,0,0,0,0,0,0,0,0,0,0,0,0,0,0,0,0,0,0,0,0
00-0040718,Travis Hunter,CB,DB,2025,1,REG,JAX,CAR,0,0,0,0,0,0,0,0,0,0,0,0,0,0,0,6,8,33,0,0,0,0,0,0,0,0,0,0,0,0,0,0,0,3.3,9.3
00-0040719,Bhayshul Tuten,RB,RB,2025,1,REG,JAX,CAR,0,0,0,0,0,0,0,0,0,3,11,0,0,0,0,0,0,0,0,0,0,0,0,0,0,0,0,0,0,0,0,0,0,1.1,1.1
00-0040720,Jahdae Barron,CB,DB,2025,1,REG,DEN,TEN,0,0,0,0,0,0,0,0,0,0,0,0,0,0,0,0,0,0,0,0,0,0,0,0,0,0,0,0,0,0,0,0,0,0,0
00-0040721,Alfred Collins,DT,DL,2025,1,REG,SF,SEA,0,0,0,0,0,0,0,0,0,0,0,0,0,0,0,0,0,0,0,0,0,0,0,0,0,0,0,0,0,0,0,0,0,0,0
00-0040722,Mike Green,LB,LB,2025,1,REG,BAL,BUF,0,0,0,0,0,0,0,0,0,0,0,0,0,0,0,0,0,0,0,0,0,0,0,0,0,0,0,0,0,0,0,0,0,0,0
00-0040725,Donovan Ezeiruaku,LB,LB,2025,1,REG,DAL,PHI,0,0,0,0,0,0,0,0,0,0,0,0,0,0,0,0,0,0,0,0,0,0,0,0,0,0,0,0,0,0,0,0,0,0,0
00-0040727,Tre Harris,WR,WR,2025,1,REG,LAC,KC,0,0,0,0,0,0,0,0,0,0,0,0,0,0,0,1,1,11,0,0,0,0,0,0,0,0,0,0,0,0,0,0,0,1.1,2.1
00-0040729,Jack Bech,WR,WR,2025,1,REG,LV,NE,0,0,0,0,0,0,0,0,0,0,0,0,0,0,0,1,1,23,0,0,0,0,0,0,0,0,0,0,0,0,0,0,0,2.3,3.3
00-0040730,RJ Harvey,RB,RB,2025,1,REG,DEN,TEN,0,0,0,0,0,0,0,0,0,6,70,0,0,0,0,1,1,-1,0,0,0,0,0,0,0,0,0,0,0,0,0,0,0,6.9,7.9
00-0040731,Trey Amos,CB,DB,2025,1,REG,WAS,NYG,0,0,0,0,0,0,0,0,0,0,0,0,0,0,0,0,0,0,0,0,0,0,0,0,0,0,0,0,0,0,0,0,0,0,0
00-0040733,Nick Emmanwori,SAF,DB,2025,1,REG,SEA,SF,0,0,0,0,0,0,0,0,0,0,0,0,0,0,0,0,0,0,0,0,0,0,0,0,0,0,0,0,0,0,0,0,0,0,0
00-0040734,TreVeyon Henderson,RB,RB,2025,1,REG,NE,LV,0,0,0,0,0,0,0,0,0,5,27,0,0,0,0,6,6,24,0,0,0,0,0,0,0,0,0,0,0,0,0,0,0,5.1,11.1
00-0040735,Luther Burden III,WR,WR,2025,1,REG,CHI,MIN,0,0,0,0,0,0,0,0,0,0,0,0,0,0,0,1,1,-3,0,0,0,0,0,0,0,0,0,0,0,0,0,0,0,-0.3,0.7
00-0040736,Mason Taylor,TE,TE,2025,1,REG,NYJ,PIT,0,0,0,0,0,0,0,0,0,0,0,0,0,0,0,1,1,20,0,0,0,0,0,0,0,0,0,0,0,0,0,0,0,2,3
00-0040738,Demetrius Knight Jr.,LB,LB,2025,1,REG,CIN,CLE,0,0,0,0,0,0,0,0,0,0,0,0,0,0,0,0,0,0,0,0,0,0,0,0,0,0,0,0,0,0,0,0,0,0,0
00-0040739,Elijah Arroyo,TE,TE,2025,1,REG,SEA,SF,0,0,0,0,0,0,0,0,0,0,0,0,0,0,0,1,1,7,0,0,0,0,0,0,0,0,0,0,0,0,0,0,0,0.7,1.7
00-0040742,Jonah Savaiinaea,G,OL,2025,1,REG,MIA,IND,0,0,0,0,0,0,0,0,0,0,0,0,0,0,0,0,0,0,0,0,0,0,0,0,0,0,0,0,0,0,0,0,0,0,0
00-0040749,Andrew Mukuba,SAF,DB,2025,1,REG,PHI,DAL,0,0,0,0,0,0,0,0,0,0,0,0,0,0,0,0,0,0,0,0,0,0,0,0,0,0,0,0,0,0,0,0,0,0,0
00-0040751,Will Johnson,CB,DB,2025,1,REG,ARI,NO,0,0,0,0,0,0,0,0,0,0,0,0,0,0,0,0,0,0,0,0,0,0,0,0,0,0,0,0,0,0,0,0,0,0,0
00-0040752,Oluwafemi Oladejo,DE,DL,2025,1,REG,TEN,DEN,0,0,0,0,0,0,0,0,0,0,0,0,0,0,0,0,0,0,0,0,0,0,0,0,0,0,0,0,0,0,0,0,0,0,0
00-0040782,Isaiah Bond,WR,WR,2025,1,REG,CLE,CIN,0,0,0,0,0,0,0,0,0,0,0,0,0,0,0,1,1,5,0,0,0,0,0,0,0,0,0,0,0,0,0,0,0,0.5,1.5
,,,,2025,1,REG,DAL,PHI,0,0,0,0,0,0,0,0,0,0,0,0,0,0,0,0,0,0,0,0,0,0,0,0,0,0,0,0,0,0,0,0,0,0,0
00-0023459,Aaron Rodgers,QB,QB,2025,2,REG,PIT,SEA,18,33,203,1,2,3,0,0,1,1,3,0,0,0,0,0,0,0,0,0,0,0,0,0,0,0,0,0,0,0,0,0,0,10.42,10.42
00-0023853,Matt Prater,K,SPEC,2025,2,REG,BUF,NYJ,0,0,0,0,0,0,0,0,0,0,0,0,0,0,0,0,0,0,0,0,0,0,0,0,3,3,0,0,0,3,3,0,0,0,0
00-0025565,Nick Folk,K,SPEC,2025,2,REG,NYJ,BUF,0,0,0,0,0,0,0,0,0,0,0,0,0,0,0,0,0,0,0,0,0,0,0,0,1,1,0,0,0,1,1,0,0,0,0
00-0026158,Joe Flacco,QB,QB,2025,2,REG,CLE,BAL,25,45,199,1,1,2,1,1,0,1,8,0,0,0,0,0,0,0,0,0,0,0,0,1,0,0,0,0,0,0,0,0,0,8.76,8.76
00-0026190,Calais Campbell,DE,DL,2025,2,REG,ARI,CAR,0,0,0,0,0,0,0,0,0,0,0,0,0,0,0,0,0,0,0,0,0,0,0,0,0,0,0,0,0,0,0,0,0,0,0
00-0026498,Matthew Stafford,QB,QB,2025,2,REG,LA,TEN,23,33,298,2,1,1,0,0,0,2,-6,0,0,0,0,0,0,0,0,0,0,0,0,0,0,0,0,0,0,0,0,0,0,17.32,17.32
00-0026858,Graham Gano,K,SPEC,2025,2,REG,NYG,DAL,0,0,0,0,0,0,0,0,0,0,0,0,0,0,0,0,0,0,0,0,0,0,0,0,3,3,0,0,0,4,4,0,0,0,0
00-0027114,Thomas Morstead,P,SPEC,2025,2,REG,SF,NO,0,0,0,0,0,0,0,0,0,0,0,0,0,0,0,0,0,0,0,0,0,0,0,0,0,0,0,0,0,0,0,0,0,0,0
00-0027940,Von Miller,OLB,LB,2025,2,REG,WAS,GB,0,0,0,0,0,0,0,0,0,0,0,0,0,0,0,0,0,0,0,0,0,0,0,0,0,0,0,0,0,0,0,0,0,0,0
00-0027962,Cameron Jordan,LB,LB,2025,2,REG,NO,SF,0,0,0,0,0,0,0,0,0,0,0,0,0,0,0,0,0,0,0,0,0,0,0,0,0,0,0,0,0,0,0,0,0,0,0
00-0027969,Cameron Heyward,DE,DL,2025,2,REG,PIT,SEA,0,0,0,0,0,0,0,0,0,0,0,0,0,0,0,0,0,0,0,0,0,0,0,0,0,0,0,0,0,0,0,0,0,0,0
00-0028118,Tyrod Taylor,QB,QB,2025,2,REG,NYJ,BUF,7,11,56,1,0,2,0,0,0,3,21,0,0,0,0,0,0,0,0,0,0,0,0,0,0,0,0,0,0,0,0,0,0,8.34,8.34
00-0028872,Johnny Hekker,P,SPEC,2025,2,REG,TEN,LA,0,0,0,0,0,0,0,0,0,0,0,0,0,0,0,0,0,0,0,0,0,0,0,0,0,0,0,0,0,0,0,0,0,0,0
00-0029008,Charley Hughlett,LS,SPEC,2025,2,REG,PHI,KC,0,0,0,0,0,0,0,0,0,0,0,0,0,0,0,0,0,0,0,0,0,0,0,0,0,0,0,0,0,0,0,0,0,0,0
00-0029255,Bobby Wagner,MLB,LB,2025,2,REG,WAS,GB,0,0,0,0,0,0,0,0,0,0,0,0,0,0,0,0,0,0,0,0,0,0,0,0,0,0,0,0,0,0,0,0,0,0,0
00-0029263,Russell Wilson,QB,QB,2025,2,REG,NYG,DAL,30,41,450,3,1,3,1,0,0,3,23,0,0,0,0,0,0,0,0,0,0,0,0,0,0,0,0,0,0,0,0,0,0,30.3,30.3
00-0029562,Lavonte David,OLB,LB,2025,2,REG,TB,HOU,0,0,0,0,0,0,0,0,0,0,0,0,0,0,0,0,0,0,0,0,0,0,0,0,0,0,0,0,0,0,0,0,0,0,0
00-0029592,Kevin Zeitler,G,OL,2025,2,REG,TEN,LA,0,0,0,0,0,0,0,0,0,0,0,0,0,0,0,0,0,0,0,0,0,0,0,0,0,0,0,0,0,0,0,0,0,0,0
00-0029607,Demario Davis,OLB,LB,2025,2,REG,NO,SF,0,0,0,0,0,0,0,0,0,0,0,0,0,0,0,0,0,0,0,0,0,0,0,0,0,0,0,0,0,0,0,0,0,0,0
00-0029692,Bryan Anger,P,SPEC,2025,2,REG,DAL,NYG,0,0,0,0,0,0,0,0,0,0,0,0,0,0,0,0,0,0,0,0,0,0,0,0,0,0,0,0,0,0,0,0,0,0,0
00-0029822,Brandon McManus,K,SPEC,2025,2,REG,GB,WAS,0,0,0,0,0,0,0,0,0,0,0,0,0,0,0,0,0,0,0,0,0,0,0,0,2,3,1,0,0,3,3,0,0,0,0
00-0029892,Kyle Juszczyk,FB,RB,2025,2,REG,SF,NO,0,0,0,0,0,0,0,0,0,0,0,0,0,0,0,1,1,5,0,0,0,0,0,0,0,0,0,0,0,0,0,0,0,0.5,1.5
00-0030035,Adam Thielen,WR,WR,2025,2,REG,MIN,ATL,0,0,0,0,0,0,0,0,0,0,0,0,0,0,0,2,3,26,0,0,0,0,0,0,0,0,0,0,0,0,0,0,0,2.6,4.6
00-0030061,Zach Ertz,TE,TE,2025,2,REG,WAS,GB,0,0,0,0,0,0,0,0,0,0,0,0,0,0,0,6,8,64,1,0,0,0,0,0,0,0,0,0,0,0,0,0,0,12.4,18.4
00-0030062,Darius Slay,CB,DB,2025,2,REG,PIT,SEA,0,0,0,0,0,0,0,0,0,0,0,0,0,0,0,0,0,0,0,0,0,0,0,0,0,0,0,0,0,0,0,0,0,0,0
00-0030070,John Jenkins,DT,DL,2025,2,REG,BAL,CLE,0,0,0,0,0,0,0,0,0,0,0,0,0,0,0,0,0,0,0,0,0,0,0,0,0,0,0,0,0,0,0,0,0,0,0
00-0030092,Sam Martin,P,SPEC,2025,2,REG,CAR,ARI,0,0,0,0,0,0,0,0,0,0,0,0,0,0,0,0,0,0,0,0,0,0,0,0,0,0,0,0,0,0,0,0,0,0,0
00-0030140,Tress Way,P,SPEC,2025,2,REG,WAS,GB,0,0,0,0,0,0,0,0,0,0,0,0,0,0,0,0,0,0,0,0,0,0,0,0,0,0,0,0,0,0,0,0,0,0,0
00-0030279,Keenan Allen,WR,WR,2025,2,REG,LAC,LV,0,0,0,0,0,0,0,0,0,0,0,0,0,0,0,5,7,61,1,0,0,0,0,0,0,0,0,0,0,0,0,0,0,12.1,17.1
00-0030294,Tony Jefferson,S,DB,2025,2,REG,LAC,LV,0,0,0,0,0,0,0,0,0,0,0,0,0,0,0,0,0,0,0,0,0,0,0,0,0,0,0,0,0,0,0,0,0,0,0
00-0030506,Travis Kelce,TE,TE,2025,2,REG,KC,PHI,0,0,0,0,0,0,0,0,0,0,0,0,0,0,0,4,6,61,0,0,0,0,0,0,0,0,0,0,0,0,0,0,0,6.1,10.1
00-0030561,Lane Johnson,OT,OL,2025,2,REG,PHI,KC,0,0,0,0,0,0,0,0,0,0,0,0,0,0,0,0,0,0,0,0,0,0,0,0,0,0,0,0,0,0,0,0,0,0,0
00-0030564,DeAndre Hopkins,WR,WR,2025,2,REG,BAL,CLE,0,0,0,0,0,0,0,0,0,0,0,0,0,0,0,2,2,64,1,0,0,0,0,0,0,0,0,0,0,0,0,0,0,12.4,14.4
00-0030565,Geno Smith,QB,QB,2025,2,REG,LV,LAC,24,43,180,0,3,3,0,0,0,5,20,0,0,0,0,0,0,0,0,0,0,0,0,0,0,0,0,0,0,0,0,0,0,3.2,3.2
00-0030615,James Winchester,LS,SPEC,2025,2,REG,KC,PHI,0,0,0,0,0,0,0,0,0,0,0,0,0,0,0,0,0,0,0,0,0,0,0,0,0,0,0,0,0,0,0,0,0,0,0
00-0030757,Mike Pennel,DT,DL,2025,2,REG,CIN,JAX,0,0,0,0,0,0,0,0,0,0,0,0,0,0,0,0,0,0,0,0,0,0,0,0,0,0,0,0,0,0,0,0,0,0,0
00-0031040,Khalil Mack,OLB,LB,2025,2,REG,LAC,LV,0,0,0,0,0,0,0,0,0,0,0,0,0,0,0,0,0,0,0,0,0,0,0,0,0,0,0,0,0,0,0,0,0,0,0
00-0031054,DaQuan Jones,DT,DL,2025,2,REG,BUF,NYJ,0,0,0,0,0,0,0,0,0,0,0,0,0,0,0,0,0,0,0,0,0,0,0,0,0,0,0,0,0,0,0,0,0,0,0
00-0031136,Chris Boswell,K,SPEC,2025,2,REG,PIT,SEA,0,0,0,0,0,0,0,0,0,0,0,0,0,0,0,0,0,0,0,0,0,0,0,0,3,3,0,0,0,0,0,0,0,0,0
00-0031203,Cairo Santos,K,SPEC,2025,2,REG,CHI,DET,0,0,0,0,0,0,0,0,0,0,0,0,0,0,0,0,0,0,0,0,0,0,0,0,0,0,0,0,0,3,3,0,0,0,0
00-0031236,Brandin Cooks,WR,WR,2025,2,REG,NO,SF,0,0,0,0,0,0,0,0,0,0,0,0,0,0,0,2,2,26,0,0,0,0,0,0,0,0,0,0,0,0,0,0,0,2.6,4.6
00-0031270,Shelby Harris,DE,DL,2025,2,REG,CLE,BAL,0,0,0,0,0,0,0,0,0,0,0,0,0,0,0,0,0,0,0,0,0,0,0,0,0,0,0,0,0,0,0,0,0,0,0
00-0031279,Jake Matthews,OT,OL,2025,2,REG,ATL,MIN,0,0,0,0,0,0,0,0,0,0,0,0,0,0,0,0,0,0,0,0,0,0,0,0,0,0,0,0,0,0,0,0,0,0,0
00-0031330,Morgan Moses,OT,OL,2025,2,REG,NE,MIA,0,0,0,0,0,0,0,0,0,0,0,0,0,0,0,0,0,0,0,0,0,0,0,0,0,0,0,0,0,0,0,0,0,0,0
00-0031357,C.J. Goodwin,CB,DB,2025,2,REG,DAL,NYG,0,0,0,0,0,0,0,0,0,0,0,0,0,0,0,0,0,0,0,0,0,0,0,0,0,0,0,0,0,0,0,0,0,0,0
00-0031360,Kyle Van Noy,MLB,LB,2025,2,REG,BAL,CLE,0,0,0,0,0,0,0,0,0,0,0,0,0,0,0,0,0,0,0,0,0,0,0,0,0,0,0,0,0,0,0,0,0,0,0
00-0031381,Davante Adams,WR,WR,2025,2,REG,LA,TEN,0,0,0,0,0,0,0,0,0,0,0,0,0,0,0,6,13,106,1,0,0,0,0,0,0,0,0,0,0,0,0,0,0,16.6,22.6
00-0031408,Mike Evans,WR,WR,2025,2,REG,TB,HOU,0,0,0,0,0,0,0,0,0,0,0,0,0,0,0,5,11,56,0,0,0,0,0,0,0,0,0,0,0,0,0,0,0,5.6,10.6
00-0031411,DeMarcus Lawrence,LB,LB,2025,2,REG,SEA,PIT,0,0,0,0,0,0,0,0,0,0,0,0,0,0,0,0,0,0,0,0,0,0,0,0,0,0,0,0,0,0,0,0,0,0,0
00-0031426,Joel Bitonio,G,OL,2025,2,REG,CLE,BAL,0,0,0,0,0,0,0,0,0,0,0,0,0,0,0,0,0,0,0,0,0,0,0,0,0,0,0,0,0,0,0,0,0,0,0
00-0031492,Jason Myers,K,SPEC,2025,2,REG,SEA,PIT,0,0,0,0,0,0,0,0,0,0,0,0,0,0,0,0,0,0,0,0,0,0,0,0,1,2,1,0,0,4,4,0,0,0,0
00-0031551,Eddie Goldman,NT,DL,2025,2,REG,WAS,GB,0,0,0,0,0,0,0,0,0,0,0,0,0,0,0,0,0,0,0,0,0,0,0,0,0,0,0,0,0,0,0,0,0,0,0
00-0031565,Danielle Hunter,DE,DL,2025,2,REG,HOU,TB,0,0,0,0,0,0,0,0,0,0,0,0,0,0,0,0,0,0,0,0,0,0,0,0,0,0,0,0,0,0,0,0,0,0,0
00-0031576,Za'Darius Smith,DE,DL,2025,2,REG,PHI,KC,0,0,0,0,0,0,0,0,0,0,0,0,0,0,0,0,0,0,0,0,0,0,0,0,0,0,0,0,0,0,0,0,0,0,0
00-0031583,Grady Jarrett,DT,DL,2025,2,REG,CHI,DET,0,0,0,0,0,0,0,0,0,0,0,0,0,0,0,0,0,0,0,0,0,0,0,0,0,0,0,0,0,0,0,0,0,0,0
00-0031588,Stefon Diggs,WR,WR,2025,2,REG,NE,MIA,0,0,0,0,0,0,0,0,0,0,0,0,0,0,0,4,5,32,0,0,0,0,0,0,0,0,0,0,0,0,0,0,0,3.2,7.2
00-0031608,Quandre Diggs,S,DB,2025,2,REG,TEN,LA,0,0,0,0,0,0,0,0,0,0,0,0,0,0,0,0,0,0,0,0,0,0,0,0,0,0,0,0,0,0,0,0,0,0,0
00-0031763,DeAndre Carter,WR,WR,2025,2,REG,CLE,BAL,0,0,0,0,0,0,0,0,0,0,0,0,0,0,0,0,0,0,0,0,0,0,0,0,0,0,0,0,0,0,0,0,0,0,0
00-0031898,Alex Singleton,LB,LB,2025,2,REG,DEN,IND,0,0,0,0,0,0,0,0,0,0,0,0,0,0,0,0,0,0,0,0,0,0,0,0,0,0,0,0,0,0,0,0,0,0,0
00-0031933,Leonard Williams,DE,DL,2025,2,REG,SEA,PIT,0,0,0,0,0,0,0,0,0,0,0,0,0,0,0,0,0,0,0,0,0,0,0,0,0,0,0,0,0,0,0,0,0,0,0
00-0032052,Dante Fowler Jr.,DE,DL,2025,2,REG,DAL,NYG,0,0,0,0,0,0,0,0,0,0,0,0,0,0,0,0,0,0,0,0,0,0,0,0,0,0,0,0,0,0,0,0,0,0,0
00-0032065,Bradley Pinion,P,SPEC,2025,2,REG,ATL,MIN,0,0,0,0,0,0,0,0,0,0,0,0,0,0,0,0,0,0,0,0,0,0,0,0,0,0,0,0,0,0,0,0,0,0,0
00-0032146,Bud Dupree,OLB,LB,2025,2,REG,LAC,LV,0,0,0,0,0,0,0,0,0,0,0,0,0,0,0,0,0,0,0,0,0,0,0,0,0,0,0,0,0,0,0,0,0,0,0
00-0032164,Arik Armstead,DE,DL,2025,2,REG,JAX,CIN,0,0,0,0,0,0,0,0,0,0,0,0,0,0,0,0,0,0,0,0,0,0,0,0,0,0,0,0,0,0,0,0,0,0,0
00-0032211,Tyler Lockett,WR,WR,2025,2,REG,TEN,LA,0,0,0,0,0,0,0,0,0,0,0,0,0,0,0,2,3,9,0,0,0,0,0,0,0,0,0,0,0,0,0,0,0,0.9,2.9
00-0032378,DeForest Buckner,DT,DL,2025,2,REG,IND,DEN,0,0,0,0,0,0,0,0,0,0,0,0,0,0,0,0,0,0,0,0,0,0,0,0,0,0,0,0,0,0,0,0,0,0,0
00-0032380,Laremy Tunsil,OT,OL,2025,2,REG,WAS,GB,0,0,0,0,0,0,0,0,0,0,0,0,0,0,0,0,0,0,0,0,0,0,0,0,0,0,0,0,0,0,0,0,0,0,0
00-0032385,Sterling Shepard,WR,WR,2025,2,REG,TB,HOU,0,0,0,0,0,0,0,0,0,0,0,0,0,0,0,4,4,34,0,0,0,0,0,0,0,0,0,0,0,0,0,0,0,3.4,7.4
00-0032387,Jarran Reed,DT,DL,2025,2,REG,SEA,PIT,0,0,0,0,0,0,0,0,0,0,0,0,0,0,0,0,0,0,0,0,0,0,0,0,0,0,0,0,0,0,0,0,0,0,0
00-0032388,Deion Jones,LB,LB,2025,2,REG,TB,HOU,0,0,0,0,0,0,0,0,0,0,0,0,0,0,0,0,0,0,0,0,0,0,0,0,0,0,0,0,0,0,0,0,0,0,0
00-0032392,Austin Hooper,TE,TE,2025,2,REG,NE,MIA,0,0,0,0,0,0,0,0,0,0,0,0,0,0,0,3,3,38,0,0,0,0,0,0,0,0,0,0,0,0,0,0,0,3.8,6.8
00-0032399,Miles Killebrew,SAF,DB,2025,2,REG,PIT,SEA,0,0,0,0,0,0,0,0,0,0,0,0,0,0,0,0,0,0,0,0,0,0,0,0,0,0,0,0,0,0,0,0,0,0,0
00-0032415,Matthew Judon,OLB,LB,2025,2,REG,MIA,NE,0,0,0,0,0,0,0,0,0,0,0,0,0,0,0,0,0,0,0,0,0,0,0,0,0,0,0,0,0,0,0,0,0,0,0
00-0032442,Elandon Roberts,OLB,LB,2025,2,REG,LV,LAC,0,0,0,0,0,0,0,0,0,0,0,0,0,0,0,0,0,0,0,0,0,0,0,0,0,0,0,0,0,0,0,0,0,0,0
00-0032464,Kalif Raymond,WR,WR,2025,2,REG,DET,CHI,0,0,0,0,0,0,0,0,0,1,9,0,0,0,0,1,1,14,0,0,0,0,0,0,0,0,0,0,0,0,0,0,0,2.3,3.3
00-0032569,Wil Lutz,K,SPEC,2025,2,REG,DEN,IND,0,0,0,0,0,0,0,0,0,0,0,0,0,0,0,0,0,0,0,0,0,0,0,0,0,1,1,0,0,4,4,0,0,0,0
00-0032580,Jonathan Jones,DB,DB,2025,2,REG,WAS,GB,0,0,0,0,0,0,0,0,0,0,0,0,0,0,0,0,0,0,0,0,0,0,0,0,0,0,0,0,0,0,0,0,0,0,0
00-0032667,Roy Robertson-Harris,DE,DL,2025,2,REG,NYG,DAL,0,0,0,0,0,0,0,0,0,0,0,0,0,0,0,0,0,0,0,0,0,0,0,0,0,0,0,0,0,0,0,0,0,0,0
00-0032726,Ka'imi Fairbairn,K,SPEC,2025,2,REG,HOU,TB,0,0,0,0,0,0,0,0,0,0,0,0,0,0,0,0,0,0,0,0,0,0,0,0,2,2,0,0,0,1,1,0,0,0,0
00-0032759,Sheldon Rankins,DT,DL,2025,2,REG,HOU,TB,0,0,0,0,0,0,0,0,0,0,0,0,0,0,0,0,0,0,0,0,0,0,0,0,0,0,0,0,0,0,0,0,0,0,0
00-0032762,Chris Jones,DE,DL,2025,2,REG,KC,PHI,0,0,0,0,0,0,0,0,0,0,0,0,0,0,0,0,0,0,0,0,0,0,0,0,0,0,0,0,0,0,0,0,0,0,0
00-0032763,Austin Johnson,NT,DL,2025,2,REG,JAX,CIN,0,0,0,0,0,0,0,0,0,0,0,0,0,0,0,0,0,0,0,0,0,0,0,0,0,0,0,0,0,0,0,0,0,0,0
00-0032764,Derrick Henry,RB,RB,2025,2,REG,BAL,CLE,0,0,0,0,0,0,0,0,0,11,23,0,1,0,0,0,0,0,0,0,0,0,0,0,0,0,0,0,0,0,0,0,0,2.3,2.3
00-0032889,A'Shawn Robinson,DT,DL,2025,2,REG,CAR,ARI,0,0,0,0,0,0,0,0,0,0,0,0,0,0,0,0,0,0,0,0,0,0,0,0,0,0,0,0,0,0,0,0,0,0,0
00-0032943,Riley Dixon,P,SPEC,2025,2,REG,TB,HOU,0,0,0,0,0,0,0,0,0,0,0,0,0,0,0,0,0,0,0,0,0,0,0,0,0,0,0,0,0,0,0,0,0,0,0
00-0033038,Eric Murray,S,DB,2025,2,REG,JAX,CIN,0,0,0,0,0,0,0,0,0,0,0,0,0,0,0,0,0,0,0,0,0,0,0,0,0,0,0,0,0,0,0,0,0,0,0
00-0033040,Tyreek Hill,WR,WR,2025,2,REG,MIA,NE,0,0,0,0,0,0,0,0,0,0,0,0,0,0,0,6,7,109,0,0,0,0,0,0,0,0,0,0,0,0,0,0,0,10.9,16.9
00-0033046,Jihad Ward,LB,LB,2025,2,REG,TEN,LA,0,0,0,0,0,0,0,0,0,0,0,0,0,0,0,0,0,0,0,0,0,0,0,0,0,0,0,0,0,0,0,0,0,0,0
00-0033050,Xavien Howard,CB,DB,2025,2,REG,IND,DEN,0,0,0,0,0,0,0,0,0,0,0,0,0,0,0,0,0,0,0,0,0,0,0,0,0,0,0,0,0,0,0,0,0,0,0
00-0033051,David Onyemata,DT,DL,2025,2,REG,ATL,MIN,0,0,0,0,0,0,0,0,0,0,0,0,0,0,0,0,0,0,0,0,0,0,0,0,0,0,0,0,0,0,0,0,0,0,0
00-0033055,Jalen Ramsey,CB,DB,2025,2,REG,PIT,SEA,0,0,0,0,0,0,0,0,0,0,0,0,0,0,0,0,0,0,0,0,0,0,0,0,0,0,0,0,0,0,0,0,0,0,0
00-0033066,Andrew Billings,DT,DL,2025,2,REG,CHI,DET,0,0,0,0,0,0,0,0,0,0,0,0,0,0,0,0,0,0,0,0,0,0,0,0,0,0,0,0,0,0,0,0,0,0,0
00-0033072,Leonard Floyd,DE,DL,2025,2,REG,ATL,MIN,0,0,0,0,0,0,0,0,0,0,0,0,0,0,0,0,0,0,0,0,0,0,0,0,0,0,0,0,0,0,0,0,0,0,0
00-0033077,Dak Prescott,QB,QB,2025,2,REG,DAL,NYG,38,52,361,2,1,3,0,0,0,3,17,0,1,0,0,0,0,0,0,0,0,0,0,0,0,0,0,0,0,0,0,0,0,22.14,22.14
00-0033090,Hunter Henry,TE,TE,2025,2,REG,NE,MIA,0,0,0,0,0,0,0,0,0,0,0,0,0,0,0,1,3,9,0,0,0,0,0,0,0,0,0,0,0,0,0,0,0,0.9,1.9
00-0033106,Jared Goff,QB,QB,2025,2,REG,DET,CHI,23,28,334,5,0,0,0,0,0,1,6,0,0,0,0,0,0,0,0,0,0,0,0,0,0,0,0,0,0,0,0,0,0,33.96,33.96
00-0033109,Javon Hargrave,NT,DL,2025,2,REG,MIN,ATL,0,0,0,0,0,0,0,0,0,0,0,0,0,0,0,0,0,0,0,0,0,0,0,0,0,0,0,0,0,0,0,0,0,0,0
00-0033110,Tyler Higbee,TE,TE,2025,2,REG,LA,TEN,0,0,0,0,0,0,0,0,0,0,0,0,0,0,0,4,4,37,0,0,0,0,0,0,0,0,0,0,0,0,0,0,0,3.7,7.7
00-0033119,Jacoby Brissett,QB,QB,2025,2,REG,ARI,CAR,0,0,0,0,0,0,0,0,0,1,2,0,0,0,0,0,0,0,0,0,0,0,0,0,0,0,0,0,0,0,0,0,0,0.2,0.2
00-0033120,Kenny Clark,NT,DL,2025,2,REG,DAL,NYG,0,0,0,0,0,0,0,0,0,0,0,0,0,0,0,0,0,0,0,0,0,0,0,0,0,0,0,0,0,0,0,0,0,0,0
00-0033131,Maliek Collins,DT,DL,2025,2,REG,CLE,BAL,0,0,0,0,0,0,0,0,0,0,0,0,0,0,0,0,0,0,0,0,0,0,0,0,0,0,0,0,0,0,0,0,0,0,0
00-0033132,Kevin Byard,FS,DB,2025,2,REG,CHI,DET,0,0,0,0,0,0,0,0,0,0,0,0,0,0,0,0,0,0,0,0,0,0,0,0,0,0,0,0,0,0,0,0,0,0,0
00-0033156,Joey Bosa,DE,DL,2025,2,REG,BUF,NYJ,0,0,0,0,0,0,0,0,0,0,0,0,0,0,0,0,0,0,0,0,0,0,0,0,0,0,0,0,0,0,0,0,0,0,0
00-0033217,Mo Alie-Cox,TE,TE,2025,2,REG,IND,DEN,0,0,0,0,0,0,0,0,0,0,0,0,0,0,0,1,1,8,0,0,0,0,0,0,0,0,0,0,0,0,0,0,0,0.8,1.8
00-0033280,Christian McCaffrey,RB,RB,2025,2,REG,SF,NO,0,0,0,0,0,0,0,0,0,13,55,0,0,0,0,6,7,52,1,0,0,0,0,0,0,0,0,0,0,0,0,0,0,16.7,22.7
00-0033281,Marlon Humphrey,CB,DB,2025,2,REG,BAL,CLE,0,0,0,0,0,0,0,0,0,0,0,0,0,0,0,0,0,0,0,0,0,0,0,0,0,0,0,0,0,0,0,0,0,0,0
00-0033284,Taylor Moton,OT,OL,2025,2,REG,CAR,ARI,0,0,0,0,0,0,0,0,0,0,0,0,0,0,0,0,0,0,0,0,0,0,0,0,0,0,0,0,0,0,0,0,0,0,0
00-0033293,Aaron Jones,RB,RB,2025,2,REG,MIN,ATL,0,0,0,0,0,0,0,0,0,5,23,0,0,0,0,0,1,0,0,0,0,0,0,0,0,0,0,0,0,0,0,0,0,2.3,2.3
00-0033294,Chuck Clark,SAF,DB,2025,2,REG,PIT,SEA,0,0,0,0,0,0,0,0,0,0,0,0,0,0,0,0,0,0,0,0,0,0,0,0,0,0,0,0,0,0,0,0,0,0,0
00-0033297,D.J. Jones,DT,DL,2025,2,REG,DEN,IND,0,0,0,0,0,0,0,0,0,0,0,0,0,0,0,0,0,0,0,0,0,0,0,0,0,0,0,0,0,0,0,0,0,0,0
00-0033303,Harrison Butker,K,SPEC,2025,2,REG,KC,PHI,0,0,0,0,0,0,0,0,0,0,0,0,0,0,0,0,0,0,0,0,0,0,0,0,1,2,1,0,0,2,2,0,0,0,0
00-0033307,Kendrick Bourne,WR,WR,2025,2,REG,SF,NO,0,0,0,0,0,0,0,0,0,0,0,0,0,0,0,3,3,32,0,0,0,0,0,0,0,0,0,0,0,0,0,0,0,3.2,6.2
00-0033336,Eric Wilson,LB,LB,2025,2,REG,MIN,ATL,0,0,0,0,0,0,0,0,0,0,0,0,0,0,0,0,0,0,0,0,0,0,0,0,0,0,0,0,0,0,0,0,0,0,0
00-0033375,Tim Patrick,WR,WR,2025,2,REG,JAX,CIN,0,0,0,0,0,0,0,0,0,0,0,0,0,0,0,0,1,0,0,0,0,0,0,0,0,0,0,0,0,0,0,0,0,0,0
00-0033381,Adam Butler,DT,DL,2025,2,REG,LV,LAC,0,0,0,0,0,0,0,0,0,0,0,0,0,0,0,0,0,0,0,0,0,0,0,0,0,0,0,0,0,0,0,0,0,0,0
00-0033393,Kenny Moore II,CB,DB,2025,2,REG,IND,DEN,0,0,0,0,0,0,0,0,0,0,0,0,0,0,0,0,0,0,0,0,0,0,0,0,0,0,0,0,0,0,0,0,0,0,0
00-0033523,Jonathan Allen,DE,DL,2025,2,REG,MIN,ATL,0,0,0,0,0,0,0,0,0,0,0,0,0,0,0,0,0,0,0,0,0,0,0,0,0,0,0,0,0,0,0,0,0,0,0
00-0033526,Samaje Perine,RB,RB,2025,2,REG,CIN,JAX,0,0,0,0,0,0,0,0,0,0,0,0,0,0,0,0,0,0,0,0,0,0,0,0,0,0,0,0,0,0,0,0,0,0,0
00-0033546,Dalvin Tomlinson,DE,DL,2025,2,REG,ARI,CAR,0,0,0,0,0,0,0,0,0,0,0,0,0,0,0,0,0,0,0,0,0,0,0,0,0,0,0,0,0,0,0,0,0,0,0
00-0033547,Zach Cunningham,ILB,LB,2025,2,REG,DET,CHI,0,0,0,0,0,0,0,0,0,0,0,0,0,0,0,0,0,0,0,0,0,0,0,0,0,0,0,0,0,0,0,0,0,0,0
00-0033548,Chidobe Awuzie,CB,DB,2025,2,REG,BAL,CLE,0,0,0,0,0,0,0,0,0,0,0,0,0,0,0,0,0,0,0,0,0,0,0,0,0,0,0,0,0,0,0,0,0,0,0
00-0033551,Rasul Douglas,CB,DB,2025,2,REG,MIA,NE,0,0,0,0,0,0,0,0,0,0,0,0,0,0,0,0,0,0,0,0,0,0,0,0,0,0,0,0,0,0,0,0,0,0,0
00-0033553,James Conner,RB,RB,2025,2,REG,ARI,CAR,0,0,0,0,0,0,0,0,0,11,34,1,0,0,0,1,1,18,0,0,0,0,0,0,0,0,0,0,0,0,0,0,0,11.2,12.2
00-0033555,Mack Hollins,WR,WR,2025,2,REG,NE,MIA,0,0,0,0,0,0,0,0,0,0,0,0,0,0,0,1,2,8,1,0,0,0,0,0,0,0,0,0,0,0,0,0,0,6.8,7.8
00-0033571,Matt Milano,OLB,LB,2025,2,REG,BUF,NYJ,0,0,0,0,0,0,0,0,0,0,0,0,0,0,0,0,0,0,0,0,0,0,0,0,0,0,0,0,0,0,0,0,0,0,0
00-0033576,Eric Saubert,TE,TE,2025,2,REG,SEA,PIT,0,0,0,0,0,0,0,0,0,0,0,0,0,0,0,0,0,0,0,0,0,0,0,0,0,0,0,0,0,0,0,0,0,0,0
00-0033579,Xavier Woods,FS,DB,2025,2,REG,TEN,LA,0,0,0,0,0,0,0,0,0,0,0,0,0,0,0,0,0,0,0,0,0,0,0,0,0,0,0,0,0,0,0,0,0,0,0
00-0033591,Noah Brown,WR,WR,2025,2,REG,WAS,GB,0,0,0,0,0,0,0,0,0,0,0,0,0,0,0,1,4,9,0,0,0,0,0,0,0,0,0,0,0,0,0,0,0,0.9,1.9
00-0033595,Pat O'Connor,DE,DL,2025,2,REG,DET,CHI,0,0,0,0,0,0,0,0,0,0,0,0,0,0,0,0,0,0,0,0,0,0,0,0,0,0,0,0,0,0,0,0,0,0,0
00-0033662,Cooper Rush,QB,QB,2025,2,REG,BAL,CLE,0,0,0,0,0,0,0,0,0,3,-4,0,0,0,0,0,0,0,0,0,0,0,0,0,0,0,0,0,0,0,0,0,0,-0.4,-0.4
00-0033676,Elijah Wilkinson,OT,OL,2025,2,REG,ATL,MIN,0,0,0,0,0,0,0,0,0,0,0,0,0,0,0,0,0,0,0,0,0,0,0,0,0,0,0,0,0,0,0,0,0,0,0
00-0033699,Austin Ekeler,RB,RB,2025,2,REG,WAS,GB,0,0,0,0,0,0,0,0,0,8,17,0,0,0,0,2,4,7,0,0,0,0,0,0,0,0,0,0,0,0,0,0,0,2.4,4.4
00-0033729,Cameron Johnston,P,SPEC,2025,2,REG,BUF,NYJ,0,0,0,0,0,0,0,0,0,0,0,0,0,0,0,0,0,0,0,0,0,0,0,0,0,0,0,0,0,0,0,0,0,0,0
00-0033783,Ahkello Witherspoon,CB,DB,2025,2,REG,LA,TEN,0,0,0,0,0,0,0,0,0,0,0,0,0,0,0,0,0,0,0,0,0,0,0,0,0,0,0,0,0,0,0,0,0,0,0
00-0033787,Jake Elliott,K,SPEC,2025,2,REG,PHI,KC,0,0,0,0,0,0,0,0,0,0,0,0,0,0,0,0,0,0,0,0,0,0,0,0,2,2,0,0,0,2,2,0,0,0,0
00-0033854,Dare Ogunbowale,RB,RB,2025,2,REG,HOU,TB,0,0,0,0,0,0,0,0,0,0,0,0,0,0,0,0,0,0,0,0,0,0,0,0,0,0,0,0,0,0,0,0,0,0,0
00-0033857,JuJu Smith-Schuster,WR,WR,2025,2,REG,KC,PHI,0,0,0,0,0,0,0,0,0,0,0,0,0,0,0,1,3,5,0,0,0,0,0,0,0,0,0,0,0,0,0,0,0,0.5,1.5
00-0033858,Jonnu Smith,TE,TE,2025,2,REG,PIT,SEA,0,0,0,0,0,0,0,0,0,0,0,0,0,0,0,4,4,27,0,0,0,0,0,0,0,0,0,0,0,0,0,0,0,2.7,6.7
00-0033860,Davon Godchaux,DT,DL,2025,2,REG,NO,SF,0,0,0,0,0,0,0,0,0,0,0,0,0,0,0,0,0,0,0,0,0,0,0,0,0,0,0,0,0,0,0,0,0,0,0
00-0033868,Myles Garrett,DE,DL,2025,2,REG,CLE,BAL,0,0,0,0,0,0,0,0,0,0,0,0,0,0,0,0,0,0,0,0,0,0,0,0,0,0,0,0,0,0,0,0,0,0,0
00-0033869,Mitchell Trubisky,QB,QB,2025,2,REG,BUF,NYJ,1,2,32,0,0,0,0,0,0,3,-3,0,0,0,0,0,0,0,0,0,0,0,0,0,0,0,0,0,0,0,0,0,0,0.98,0.98
00-0033870,Solomon Thomas,DE,DL,2025,2,REG,DAL,NYG,0,0,0,0,0,0,0,0,0,0,0,0,0,0,0,0,0,0,0,0,0,0,0,0,0,0,0,0,0,0,0,0,0,0,0
00-0033872,Jamal Adams,LB,LB,2025,2,REG,LV,LAC,0,0,0,0,0,0,0,0,0,0,0,0,0,0,0,0,0,0,0,0,0,0,0,0,0,0,0,0,0,0,0,0,0,0,0
00-0033873,Patrick Mahomes,QB,QB,2025,2,REG,KC,PHI,16,29,187,1,1,2,0,0,0,7,66,1,0,0,0,0,0,0,0,0,0,0,0,0,0,0,0,0,0,0,0,0,0,22.08,22.08
00-0033874,Marshon Lattimore,CB,DB,2025,2,REG,WAS,GB,0,0,0,0,0,0,0,0,0,0,0,0,0,0,0,0,0,0,0,0,0,0,0,0,0,0,0,0,0,0,0,0,0,0,0
00-0033875,Haason Reddick,OLB,LB,2025,2,REG,TB,HOU,0,0,0,0,0,0,0,0,0,0,0,0,0,0,0,0,0,0,0,0,0,0,0,0,0,0,0,0,0,0,0,0,0,0,0
00-0033876,Derek Barnett,DE,DL,2025,2,REG,HOU,TB,0,0,0,0,0,0,0,0,0,0,0,0,0,0,0,0,0,0,0,0,0,0,0,0,0,0,0,0,0,0,0,0,0,0,0
00-0033877,Malik Hooker,FS,DB,2025,2,REG,DAL,NYG,0,0,0,0,0,0,0,0,0,0,0,0,0,0,0,0,0,0,0,0,0,0,0,0,0,0,0,0,0,0,0,0,0,0,0
00-0033878,Adoree' Jackson,CB,DB,2025,2,REG,PHI,KC,0,0,0,0,0,0,0,0,0,0,0,0,0,0,0,0,0,0,0,0,0,0,0,0,0,0,0,0,0,0,0,0,0,0,0
00-0033881,Evan Engram,TE,TE,2025,2,REG,DEN,IND,0,0,0,0,0,0,0,0,0,0,0,0,0,0,0,1,2,12,0,0,0,0,0,0,0,0,0,0,0,0,0,0,0,1.2,2.2
00-0033884,Tre'Davious White,CB,DB,2025,2,REG,BUF,NYJ,0,0,0,0,0,0,0,0,0,0,0,0,0,0,0,0,0,0,0,0,0,0,0,0,0,0,0,0,0,0,0,0,0,0,0
00-0033885,David Njoku,TE,TE,2025,2,REG,CLE,BAL,0,0,0,0,0,0,0,0,0,0,0,0,0,0,0,4,5,40,0,0,0,0,0,0,0,0,0,0,0,0,0,0,0,4,8
00-0033886,T.J. Watt,OLB,LB,2025,2,REG,PIT,SEA,0,0,0,0,0,0,0,0,0,0,0,0,0,0,0,0,0,0,0,0,0,0,0,0,0,0,0,0,0,0,0,0,0,0,0
00-0033890,Budda Baker,S,DB,2025,2,REG,ARI,CAR,0,0,0,0,0,0,0,0,0,0,0,0,0,0,0,0,0,0,0,0,0,0,0,0,0,0,0,0,0,0,0,0,0,0,0
00-0033902,Tanoh Kpassagnon,DE,DL,2025,2,REG,CHI,DET,0,0,0,0,0,0,0,0,0,0,0,0,0,0,0,0,0,0,0,0,0,0,0,0,0,0,0,0,0,0,0,0,0,0,0
00-0033906,Alvin Kamara,RB,RB,2025,2,REG,NO,SF,0,0,0,0,0,0,0,0,0,21,99,0,0,0,0,6,6,21,0,1,1,0,0,1,0,0,0,0,0,0,0,0,0,10,16
00-0033908,Cooper Kupp,WR,WR,2025,2,REG,SEA,PIT,0,0,0,0,0,0,0,0,0,0,0,0,0,0,0,7,9,90,0,0,0,0,0,0,0,0,0,0,0,0,0,0,0,9,16
00-0033914,Alex Anzalone,MLB,LB,2025,2,REG,DET,CHI,0,0,0,0,0,0,0,0,0,0,0,0,0,0,0,0,0,0,0,0,0,0,0,0,0,0,0,0,0,0,0,0,0,0,0
00-0033923,Kareem Hunt,RB,RB,2025,2,REG,KC,PHI,0,0,0,0,0,0,0,0,0,8,31,0,1,0,0,1,1,3,0,0,0,0,0,0,0,0,0,0,0,0,0,0,0,3.4,4.4
00-0033928,Jourdan Lewis,CB,DB,2025,2,REG,JAX,CIN,0,0,0,0,0,0,0,0,0,0,0,0,0,0,0,0,0,0,0,0,0,0,0,0,0,0,0,0,0,0,0,0,0,0,0
00-0033935,Trey Hendrickson,LB,LB,2025,2,REG,CIN,JAX,0,0,0,0,0,0,0,0,0,0,0,0,0,0,0,0,0,0,0,0,0,0,0,0,0,0,0,0,0,0,0,0,0,0,0
00-0033941,Rayshawn Jenkins,DB,DB,2025,2,REG,CLE,BAL,0,0,0,0,0,0,0,0,0,0,0,0,0,0,0,0,0,0,0,0,0,0,0,0,0,0,0,0,0,0,0,0,0,0,0
00-0033945,Samson Ebukam,DE,DL,2025,2,REG,IND,DEN,0,0,0,0,0,0,0,0,0,0,0,0,0,0,0,0,0,0,0,0,0,0,0,0,0,0,0,0,0,0,0,0,0,0,0
00-0033947,Deatrich Wise,DE,DL,2025,2,REG,WAS,GB,0,0,0,0,0,0,0,0,0,0,0,0,0,0,0,0,0,0,0,0,0,0,0,0,0,0,0,0,0,0,0,0,0,0,0
00-0033952,Grover Stewart,DT,DL,2025,2,REG,IND,DEN,0,0,0,0,0,0,0,0,0,0,0,0,0,0,0,0,0,0,0,0,0,0,0,0,0,0,0,0,0,0,0,0,0,0,0
00-0033964,Al-Quadin Muhammad,LB,LB,2025,2,REG,DET,CHI,0,0,0,0,0,0,0,0,0,0,0,0,0,0,0,0,0,0,0,0,0,0,0,0,0,0,0,0,0,0,0,0,0,0,0
00-0034145,Chris Lammons,DB,DB,2025,2,REG,IND,DEN,0,0,0,0,0,0,0,0,0,0,0,0,0,0,0,0,0,0,0,0,0,0,0,0,0,0,0,0,0,0,0,0,0,0,0
00-0034158,Brian O'Neill,OT,OL,2025,2,REG,MIN,ATL,0,0,0,0,0,0,0,0,0,0,0,0,0,0,0,0,0,0,0,0,0,0,0,0,0,0,0,0,0,0,0,0,0,0,0
00-0034159,Will Dissly,TE,TE,2025,2,REG,LAC,LV,0,0,0,0,0,0,0,0,0,0,0,0,0,0,0,1,1,7,0,0,0,0,0,0,0,0,0,0,0,0,0,0,0,0.7,1.7
00-0034160,Michael Dickson,P,SPEC,2025,2,REG,SEA,PIT,0,0,0,0,0,0,0,0,0,0,0,0,0,0,0,0,0,0,0,0,0,0,0,0,0,0,0,0,0,0,0,0,0,0,0
00-0034161,Daniel Carlson,K,SPEC,2025,2,REG,LV,LAC,0,0,0,0,0,0,0,0,0,0,0,0,0,0,0,0,0,0,0,0,0,0,0,0,3,3,0,0,0,0,0,0,0,0,0
00-0034162,J.K. Scott,P,SPEC,2025,2,REG,LAC,LV,0,0,0,0,0,0,0,0,0,0,0,0,0,0,0,0,0,0,0,0,0,0,0,0,0,0,0,0,0,0,0,0,0,0,0
00-0034163,Jacob Martin,DE,DL,2025,2,REG,WAS,GB,0,0,0,0,0,0,0,0,0,0,0,0,0,0,0,0,0,0,0,0,0,0,0,0,0,0,0,0,0,0,0,0,0,0,0
00-0034173,Eddy Pineiro,K,SPEC,2025,2,REG,SF,NO,0,0,0,0,0,0,0,0,0,0,0,0,0,0,0,0,0,0,0,0,0,0,0,0,2,2,0,0,0,2,3,1,0,0,0
00-0034203,Darious Williams,CB,DB,2025,2,REG,LA,TEN,0,0,0,0,0,0,0,0,0,0,0,0,0,0,0,0,0,0,0,0,0,0,0,0,0,0,0,0,0,0,0,0,0,0,0
00-0034234,Poona Ford,DT,DL,2025,2,REG,LA,TEN,0,0,0,0,0,0,0,0,0,0,0,0,0,0,0,0,0,0,0,0,0,0,0,0,0,0,0,0,0,0,0,0,0,0,0
00-0034248,Elijah Campbell,DB,DB,2025,2,REG,MIA,NE,0,0,0,0,0,0,0,0,0,0,0,0,0,0,0,0,0,0,0,0,0,0,0,0,0,0,0,0,0,0,0,0,0,0,0
00-0034251,Daniel Ekuale,DT,DL,2025,2,REG,PIT,SEA,0,0,0,0,0,0,0,0,0,0,0,0,0,0,0,0,0,0,0,0,0,0,0,0,0,0,0,0,0,0,0,0,0,0,0
00-0034272,Marquez Valdes-Scantling,WR,WR,2025,2,REG,SF,NO,0,0,0,0,0,0,0,0,0,0,0,0,0,0,0,0,1,0,0,0,0,0,0,0,0,0,0,0,0,0,0,0,0,0,0
00-0034275,Foley Fatukasi,DT,DL,2025,2,REG,HOU,TB,0,0,0,0,0,0,0,0,0,0,0,0,0,0,0,0,0,0,0,0,0,0,0,0,0,0,0,0,0,0,0,0,0,0,0
00-0034278,Tremon Smith,CB,DB,2025,2,REG,HOU,TB,0,0,0,0,0,0,0,0,0,0,0,0,0,0,0,0,0,0,0,0,0,0,0,0,0,0,0,0,0,0,0,0,0,0,0
00-0034285,Zach Sieler,DE,DL,2025,2,REG,MIA,NE,0,0,0,0,0,0,0,0,0,0,0,0,0,0,0,0,0,0,0,0,0,0,0,0,0,0,0,0,0,0,0,0,0,0,0
00-0034302,Frankie Luvu,LB,LB,2025,2,REG,WAS,GB,0,0,0,0,0,0,0,0,0,0,0,0,0,0,0,0,0,0,0,0,0,0,0,0,0,0,0,0,0,0,0,0,0,0,0
00-0034333,Daron Payne,NT,DL,2025,2,REG,WAS,GB,0,0,0,0,0,0,0,0,0,0,0,0,0,0,0,0,0,0,0,0,0,0,0,0,0,0,0,0,0,0,0,0,0,0,0
00-0034344,Marcus Davenport,DE,DL,2025,2,REG,DET,CHI,0,0,0,0,0,0,0,0,0,0,0,0,0,0,0,0,0,0,0,0,0,0,0,0,0,0,0,0,0,0,0,0,0,0,0
00-0034348,Courtland Sutton,WR,WR,2025,2,REG,DEN,IND,0,0,0,0,0,0,0,0,0,0,0,0,0,0,0,1,4,6,0,0,0,0,0,0,0,0,0,0,0,0,0,0,0,0.6,1.6
00-0034350,Uchenna Nwosu,LB,LB,2025,2,REG,SEA,PIT,0,0,0,0,0,0,0,0,0,0,0,0,0,0,0,0,0,0,0,0,0,0,0,0,0,0,0,0,0,0,0,0,0,0,0
00-0034355,M.J. Stewart,SAF,DB,2025,2,REG,HOU,TB,0,0,0,0,0,0,0,0,0,0,0,0,0,0,0,0,0,0,0,0,0,0,0,0,0,0,0,0,0,0,0,0,0,0,0
00-0034356,Donte Jackson,CB,DB,2025,2,REG,LAC,LV,0,0,0,0,0,0,0,0,0,0,0,0,0,0,0,0,0,0,0,0,0,0,0,0,0,0,0,0,0,0,0,0,0,0,0
00-0034357,Isaiah Oliver,FS,DB,2025,2,REG,NYJ,BUF,0,0,0,0,0,0,0,0,0,0,0,0,0,0,0,0,0,0,0,0,0,0,0,0,0,0,0,0,0,0,0,0,0,0,0
00-0034359,Tyquan Lewis,DE,DL,2025,2,REG,IND,DEN,0,0,0,0,0,0,0,0,0,0,0,0,0,0,0,0,0,0,0,0,0,0,0,0,0,0,0,0,0,0,0,0,0,0,0
00-0034361,Justin Reid,S,DB,2025,2,REG,NO,SF,0,0,0,0,0,0,0,0,0,0,0,0,0,0,0,0,0,0,0,0,0,0,0,0,0,0,0,0,0,0,0,0,0,0,0
00-0034365,Ian Thomas,TE,TE,2025,2,REG,LV,LAC,0,0,0,0,0,0,0,0,0,0,0,0,0,0,0,0,0,0,0,0,0,0,0,0,0,0,0,0,0,0,0,0,0,0,0
00-0034371,Da'Shawn Hand,DE,DL,2025,2,REG,LAC,LV,0,0,0,0,0,0,0,0,0,0,0,0,0,0,0,0,0,0,0,0,0,0,0,0,0,0,0,0,0,0,0,0,0,0,0
00-0034373,Dorance Armstrong,DE,DL,2025,2,REG,WAS,GB,0,0,0,0,0,0,0,0,0,0,0,0,0,0,0,0,0,0,0,0,0,0,0,0,0,0,0,0,0,0,0,0,0,0,0
00-0034377,Avonte Maddox,FS,DB,2025,2,REG,DET,CHI,0,0,0,0,0,0,0,0,0,0,0,0,0,0,0,0,0,0,0,0,0,0,0,0,0,0,0,0,0,0,0,0,0,0,0
00-0034381,Josh Sweat,LB,LB,2025,2,REG,ARI,CAR,0,0,0,0,0,0,0,0,0,0,0,0,0,0,0,0,0,0,0,0,0,0,0,0,0,0,0,0,0,0,0,0,0,0,0
00-0034383,Dalton Schultz,TE,TE,2025,2,REG,HOU,TB,0,0,0,0,0,0,0,0,0,0,0,0,0,0,0,3,4,29,0,0,0,0,0,0,0,0,0,0,0,0,0,0,0,2.9,5.9
00-0034384,D.J. Reed,CB,DB,2025,2,REG,DET,CHI,0,0,0,0,0,0,0,0,0,0,0,0,0,0,0,0,0,0,0,0,0,0,0,0,0,0,0,0,0,0,0,0,0,0,0
00-0034386,Justin Watson,WR,WR,2025,2,REG,HOU,TB,0,0,0,0,0,0,0,0,0,0,0,0,0,0,0,1,2,3,0,0,0,0,0,0,0,0,0,0,0,0,0,0,0,0.3,1.3
00-0034391,Siran Neal,DB,DB,2025,2,REG,SF,NO,0,0,0,0,0,0,0,0,0,0,0,0,0,0,0,0,0,0,0,0,0,0,0,0,0,0,0,0,0,0,0,0,0,0,0
00-0034397,Tim Settle,DT,DL,2025,2,REG,HOU,TB,0,0,0,0,0,0,0,0,0,0,0,0,0,0,0,0,0,0,0,0,0,0,0,0,0,0,0,0,0,0,0,0,0,0,0
00-0034407,Ray-Ray McCloud,WR,WR,2025,2,REG,ATL,MIN,0,0,0,0,0,0,0,0,0,0,0,0,0,0,0,0,2,0,0,0,0,0,0,0,0,0,0,0,0,0,0,0,0,0,0
00-0034413,Foye Oluokun,LB,LB,2025,2,REG,JAX,CIN,0,0,0,0,0,0,0,0,0,0,0,0,0,0,0,0,0,0,0,0,0,0,0,0,0,0,0,0,0,0,0,0,0,0,0
00-0034431,Zaire Franklin,OLB,LB,2025,2,REG,IND,DEN,0,0,0,0,0,0,0,0,0,0,0,0,0,0,0,0,0,0,0,0,0,0,0,0,0,0,0,0,0,0,0,0,0,0,0
00-0034437,Logan Cooke,P,SPEC,2025,2,REG,JAX,CIN,0,0,0,0,0,0,0,0,0,0,0,0,0,0,0,0,0,0,0,0,0,0,0,0,0,0,0,0,0,0,0,0,0,0,0
00-0034465,Jeremy Reaves,DB,DB,2025,2,REG,WAS,GB,0,0,0,0,0,0,0,0,0,0,0,0,0,0,0,0,0,0,0,0,0,0,0,0,0,0,0,0,0,0,0,0,0,0,0
00-0034485,Jonathan Owens,SAF,DB,2025,2,REG,CHI,DET,0,0,0,0,0,0,0,0,0,0,0,0,0,0,0,0,0,0,0,0,0,0,0,0,0,0,0,0,0,0,0,0,0,0,0
00-0034487,Trent Sherfield,WR,WR,2025,2,REG,DEN,IND,0,0,0,0,0,0,0,0,0,0,0,0,0,0,0,1,1,3,0,0,0,0,0,0,0,0,0,0,0,0,0,0,0,0.3,1.3
00-0034488,Tavierre Thomas,SAF,DB,2025,2,REG,MIN,ATL,0,0,0,0,0,0,0,0,0,0,0,0,0,0,0,0,0,0,0,0,0,0,0,0,0,0,0,0,0,0,0,0,0,0,0
00-0034495,Evan Brown,C,OL,2025,2,REG,ARI,CAR,0,0,0,0,0,0,0,0,0,0,0,0,0,0,0,0,0,0,0,0,0,0,0,0,0,0,0,0,0,0,0,0,0,0,0
00-0034639,Mike Ford,DB,DB,2025,2,REG,ATL,MIN,0,0,0,0,0,0,0,0,0,0,0,0,0,0,0,0,0,0,0,0,0,0,0,0,0,0,0,0,0,0,0,0,0,0,0
00-0034673,Tremaine Edmunds,MLB,LB,2025,2,REG,CHI,DET,0,0,0,0,0,0,0,0,0,0,0,0,0,0,0,0,0,0,0,0,0,0,0,0,0,0,0,0,0,0,0,0,0,0,0
00-0034675,Jessie Bates,FS,DB,2025,2,REG,ATL,MIN,0,0,0,0,0,0,0,0,0,0,0,0,0,0,0,0,0,0,0,0,0,0,0,0,0,0,0,0,0,0,0,0,0,0,0
00-0034720,Robert Spillane,LB,LB,2025,2,REG,NE,MIA,0,0,0,0,0,0,0,0,0,0,0,0,0,0,0,0,0,0,0,0,0,0,0,0,0,0,0,0,0,0,0,0,0,0,0
00-0034721,Corey Bojorquez,P,SPEC,2025,2,REG,CLE,BAL,0,0,0,0,0,0,0,0,0,0,0,0,0,0,0,0,0,0,0,0,0,0,0,0,0,0,0,0,0,0,0,0,0,0,0
00-0034753,Mark Andrews,TE,TE,2025,2,REG,BAL,CLE,0,0,0,0,0,0,0,0,0,1,2,0,0,0,0,1,3,2,0,0,0,0,0,0,0,0,0,0,0,0,0,0,0,0.4,1.4
00-0034754,Oren Burks,ILB,LB,2025,2,REG,CIN,JAX,0,0,0,0,0,0,0,0,0,0,0,0,0,0,0,0,0,0,0,0,0,0,0,0,0,0,0,0,0,0,0,0,0,0,0
00-0034760,Nathan Shepherd,DE,DL,2025,2,REG,NO,SF,0,0,0,0,0,0,0,0,0,0,0,0,0,0,0,0,0,0,0,0,0,0,0,0,0,0,0,0,0,0,0,0,0,0,0
00-0034771,Mason Rudolph,QB,QB,2025,2,REG,PIT,SEA,2,2,12,0,0,0,0,0,0,0,0,0,0,0,0,0,0,0,0,0,0,0,0,0,0,0,0,0,0,0,0,0,0,0.48,0.48
00-0034773,Vita Vea,DT,DL,2025,2,REG,TB,HOU,0,0,0,0,0,0,0,0,0,0,0,0,0,0,0,0,0,0,0,0,0,0,0,0,0,0,0,0,0,0,0,0,0,0,0
00-0034778,Carlton Davis III,CB,DB,2025,2,REG,NE,MIA,0,0,0,0,0,0,0,0,0,0,0,0,0,0,0,0,0,0,0,0,0,0,0,0,0,0,0,0,0,0,0,0,0,0,0
00-0034780,Isaac Yiadom,CB,DB,2025,2,REG,NO,SF,0,0,0,0,0,0,0,0,0,0,0,0,0,0,0,0,0,0,0,0,0,0,0,0,0,0,0,0,0,0,0,0,0,0,0
00-0034782,Harrison Phillips,DT,DL,2025,2,REG,NYJ,BUF,0,0,0,0,0,0,0,0,0,0,0,0,0,0,0,0,0,0,0,0,0,0,0,0,0,0,0,0,0,0,0,0,0,0,0
00-0034787,Chris Board,LB,LB,2025,2,REG,NYG,DAL,0,0,0,0,0,0,0,0,0,0,0,0,0,0,0,0,0,0,0,0,0,0,0,0,0,0,0,0,0,0,0,0,0,0,0
00-0034789,Minkah Fitzpatrick,FS,DB,2025,2,REG,MIA,NE,0,0,0,0,0,0,0,0,0,0,0,0,0,0,0,0,0,0,0,0,0,0,0,0,0,0,0,0,0,0,0,0,0,0,0
00-0034790,Derwin James,FS,DB,2025,2,REG,LAC,LV,0,0,0,0,0,0,0,0,0,0,0,0,0,0,0,0,0,0,0,0,0,0,0,0,0,0,0,0,0,0,0,0,0,0,0
00-0034791,Nick Chubb,RB,RB,2025,2,REG,HOU,TB,0,0,0,0,0,0,0,0,0,12,43,1,0,0,0,2,2,29,0,0,0,0,0,0,0,0,0,0,0,0,0,0,0,13.2,15.2
00-0034796,Lamar Jackson,QB,QB,2025,2,REG,BAL,CLE,19,29,225,4,0,3,0,0,0,2,13,0,0,0,0,0,0,0,0,0,0,0,0,0,0,0,0,0,0,0,0,0,0,26.3,26.3
00-0034797,Jerome Baker,OLB,LB,2025,2,REG,CLE,BAL,0,0,0,0,0,0,0,0,0,0,0,0,0,0,0,0,0,0,0,0,0,0,0,0,0,0,0,0,0,0,0,0,0,0,0
00-0034800,B.J. Hill,DE,DL,2025,2,REG,CIN,JAX,0,0,0,0,0,0,0,0,0,0,0,0,0,0,0,0,0,0,0,0,0,0,0,0,0,0,0,0,0,0,0,0,0,0,0
00-0034801,Josh Woods,LB,LB,2025,2,REG,ATL,MIN,0,0,0,0,0,0,0,0,0,0,0,0,0,0,0,0,0,0,0,0,0,0,0,0,0,0,0,0,0,0,0,0,0,0,0
00-0034810,Sebastian Joseph-Day,DT,DL,2025,2,REG,TEN,LA,0,0,0,0,0,0,0,0,0,0,0,0,0,0,0,0,0,0,0,0,0,0,0,0,0,0,0,0,0,0,0,0,0,0,0
00-0034815,Fred Warner,MLB,LB,2025,2,REG,SF,NO,0,0,0,0,0,0,0,0,0,0,0,0,0,0,0,0,0,0,0,0,0,0,0,0,0,0,0,0,0,0,0,0,0,0,0
00-0034818,Derrick Nnadi,NT,DL,2025,2,REG,KC,PHI,0,0,0,0,0,0,0,0,0,0,0,0,0,0,0,0,0,0,0,0,0,0,0,0,0,0,0,0,0,0,0,0,0,0,0
00-0034825,Arden Key,DE,DL,2025,2,REG,TEN,LA,0,0,0,0,0,0,0,0,0,0,0,0,0,0,0,0,0,0,0,0,0,0,0,0,0,0,0,0,0,0,0,0,0,0,0
00-0034827,DJ Moore,WR,WR,2025,2,REG,CHI,DET,0,0,0,0,0,0,0,0,0,0,0,0,0,0,0,5,6,46,0,0,0,0,0,0,0,0,0,0,0,0,0,0,0,4.6,9.6
00-0034828,Harold Landry III,LB,LB,2025,2,REG,NE,MIA,0,0,0,0,0,0,0,0,0,0,0,0,0,0,0,0,0,0,0,0,0,0,0,0,0,0,0,0,0,0,0,0,0,0,0
00-0034829,Mike Gesicki,TE,TE,2025,2,REG,CIN,JAX,0,0,0,0,0,0,0,0,0,0,0,0,0,0,0,3,4,18,0,0,0,0,0,0,0,0,0,0,0,0,0,0,0,1.8,4.8
00-0034832,Bradley Chubb,OLB,LB,2025,2,REG,MIA,NE,0,0,0,0,0,0,0,0,0,0,0,0,0,0,0,0,0,0,0,0,0,0,0,0,0,0,0,0,0,0,0,0,0,0,0
00-0034837,Calvin Ridley,WR,WR,2025,2,REG,TEN,LA,0,0,0,0,0,0,0,0,0,0,0,0,0,0,0,3,6,57,0,0,0,0,0,0,0,0,0,0,0,0,0,0,0,5.7,8.7
00-0034843,Mike Hughes,CB,DB,2025,2,REG,ATL,MIN,0,0,0,0,0,0,0,0,0,0,0,0,0,0,0,0,0,0,0,0,0,0,0,0,0,0,0,0,0,0,0,0,0,0,0
00-0034844,Saquon Barkley,RB,RB,2025,2,REG,PHI,KC,0,0,0,0,0,0,0,0,0,22,88,1,0,0,0,2,2,6,0,0,0,0,0,0,0,0,0,0,0,0,0,0,0,15.4,17.4
00-0034855,Baker Mayfield,QB,QB,2025,2,REG,TB,HOU,25,38,215,2,0,4,1,0,0,3,33,0,0,0,0,0,0,0,0,0,0,0,0,0,0,0,0,0,0,0,0,0,0,19.9,19.9
00-0034856,Denzel Ward,CB,DB,2025,2,REG,CLE,BAL,0,0,0,0,0,0,0,0,0,0,0,0,0,0,0,0,0,0,0,0,0,0,0,0,0,0,0,0,0,0,0,0,0,0,0
00-0034857,Josh Allen,QB,QB,2025,2,REG,BUF,NYJ,14,25,148,0,0,1,0,0,0,6,59,0,0,0,0,0,0,0,0,0,0,0,0,0,0,0,0,0,0,0,0,0,0,11.82,11.82
00-0034869,Sam Darnold,QB,QB,2025,2,REG,SEA,PIT,22,33,295,2,2,2,0,0,0,0,0,0,0,0,0,0,0,0,0,0,0,0,0,0,0,0,0,0,0,0,0,0,0,15.8,15.8
00-0034874,Roquan Smith,ILB,LB,2025,2,REG,BAL,CLE,0,0,0,0,0,0,0,0,0,0,0,0,0,0,0,0,0,0,0,0,0,0,0,0,0,0,0,0,0,0,0,0,0,0,0
00-0034960,Jakobi Meyers,WR,WR,2025,2,REG,LV,LAC,0,0,0,0,0,0,0,0,0,0,0,0,0,0,0,6,12,68,0,0,0,0,0,0,0,0,0,0,0,0,0,0,0,6.8,12.8
00-0034967,Rashan Gary,LB,LB,2025,2,REG,GB,WAS,0,0,0,0,0,0,0,0,0,0,0,0,0,0,0,0,0,0,0,0,0,0,0,0,0,0,0,0,0,0,0,0,0,0,0
00-0034968,Darnell Savage,SAF,DB,2025,2,REG,JAX,CIN,0,0,0,0,0,0,0,0,0,0,0,0,0,0,0,0,0,0,0,0,0,0,0,0,0,0,0,0,0,0,0,0,0,0,0
00-0034973,Maxx Crosby,DE,DL,2025,2,REG,LV,LAC,0,0,0,0,0,0,0,0,0,0,0,0,0,0,0,0,0,0,0,0,0,0,0,0,0,0,0,0,0,0,0,0,0,0,0
00-0034974,Julian Love,SAF,DB,2025,2,REG,SEA,PIT,0,0,0,0,0,0,0,0,0,0,0,0,0,0,0,0,0,0,0,0,0,0,0,0,0,0,0,0,0,0,0,0,0,0,0
00-0034975,Justice Hill,RB,RB,2025,2,REG,BAL,CLE,0,0,0,0,0,0,0,0,0,3,7,0,0,0,0,3,3,18,0,0,0,0,0,0,0,0,0,0,0,0,0,0,0,2.5,5.5
00-0034983,Hunter Renfrow,WR,WR,2025,2,REG,CAR,ARI,0,0,0,0,0,0,0,0,0,0,0,0,0,0,0,7,9,48,2,0,0,0,0,0,0,0,0,0,0,0,0,0,0,16.8,23.8
00-0034987,E.J. Speed,LB,LB,2025,2,REG,HOU,TB,0,0,0,0,0,0,0,0,0,0,0,0,0,0,0,0,0,0,0,0,0,0,0,0,0,0,0,0,0,0,0,0,0,0,0
00-0035021,Ashton Dulin,WR,WR,2025,2,REG,IND,DEN,0,0,0,0,0,0,0,0,0,0,0,0,0,0,0,0,0,0,0,0,0,0,0,0,0,0,0,0,0,0,0,0,0,0,0
00-0035042,Jamie Gillan,P,SPEC,2025,2,REG,NYG,DAL,0,0,0,0,0,0,0,0,0,0,0,0,0,0,0,0,0,0,0,0,0,0,0,0,0,0,0,0,0,0,0,0,0,0,0
00-0035100,Jake Browning,QB,QB,2025,2,REG,CIN,JAX,21,32,241,2,3,1,0,0,0,1,1,1,0,0,0,0,0,0,0,0,0,0,0,0,0,0,0,0,0,0,0,0,0,17.74,17.74
00-0035112,Patrick Mekari,OT,OL,2025,2,REG,JAX,CIN,0,0,0,0,0,0,0,0,0,0,0,0,0,0,0,0,0,0,0,0,0,0,0,0,0,0,0,0,0,0,0,0,0,0,0
00-0035125,Alec Ingold,FB,RB,2025,2,REG,MIA,NE,0,0,0,0,0,0,0,0,0,0,0,0,0,0,0,2,2,13,0,0,0,0,0,0,0,0,0,0,0,0,0,0,0,1.3,3.3
00-0035133,Keisean Nixon,DB,DB,2025,2,REG,GB,WAS,0,0,0,0,0,0,0,0,0,0,0,0,0,0,0,0,0,0,0,0,0,0,0,0,0,0,0,0,0,0,0,0,0,0,0
00-0035144,Mack Wilson,LB,LB,2025,2,REG,ARI,CAR,0,0,0,0,0,0,0,0,0,0,0,0,0,0,0,0,0,0,0,0,0,0,0,0,0,0,0,0,0,0,0,0,0,0,0
00-0035149,Nick Allegretti,G,OL,2025,2,REG,WAS,GB,0,0,0,0,0,0,0,0,0,0,0,0,0,0,0,0,0,0,0,0,0,0,0,0,0,0,0,0,0,0,0,0,0,0,0
00-0035156,Jack Fox,P,SPEC,2025,2,REG,DET,CHI,0,0,0,0,0,0,0,0,0,0,0,0,0,0,0,0,0,0,0,0,0,0,0,0,0,0,0,0,0,0,0,0,0,0,0
00-0035166,Azeez Al-Shaair,LB,LB,2025,2,REG,HOU,TB,0,0,0,0,0,0,0,0,0,0,0,0,0,0,0,0,0,0,0,0,0,0,0,0,0,0,0,0,0,0,0,0,0,0,0
00-0035190,AJ Cole,P,SPEC,2025,2,REG,LV,LAC,0,0,0,0,0,0,0,0,0,0,0,0,0,0,0,0,0,0,0,0,0,0,0,0,0,0,0,0,0,0,0,0,0,0,0
00-0035192,Joey Slye,K,SPEC,2025,2,REG,TEN,LA,0,0,0,0,0,0,0,0,0,0,0,0,0,0,0,0,0,0,0,0,0,0,0,0,4,4,0,0,0,1,1,0,0,0,0
00-0035208,Olamide Zaccheaus,WR,WR,2025,2,REG,CHI,DET,0,0,0,0,0,0,0,0,0,1,9,0,0,0,0,2,5,12,0,0,0,0,0,0,0,0,0,0,0,0,0,0,0,2.1,4.1
00-0035227,P.J. Locke,DB,DB,2025,2,REG,DEN,IND,0,0,0,0,0,0,0,0,0,0,0,0,0,0,0,0,0,0,0,0,0,0,0,0,0,0,0,0,0,0,0,0,0,0,0
00-0035228,Kyler Murray,QB,QB,2025,2,REG,ARI,CAR,17,25,220,1,1,1,0,0,0,7,32,0,0,0,0,0,0,0,0,0,0,0,0,0,0,0,0,0,0,0,0,0,0,14,14
00-0035229,T.J. Hockenson,TE,TE,2025,2,REG,MIN,ATL,0,0,0,0,0,0,0,0,0,0,0,0,0,0,0,1,3,12,0,0,0,0,0,0,0,0,0,0,0,0,0,0,0,1.2,2.2
00-0035234,Tytus Howard,OT,OL,2025,2,REG,HOU,TB,0,0,0,0,0,0,0,0,0,0,0,0,0,0,0,0,0,0,0,0,0,0,0,0,0,0,0,0,0,0,0,0,0,0,0
00-0035236,Byron Murphy,CB,DB,2025,2,REG,MIN,ATL,0,0,0,0,0,0,0,0,0,0,0,0,0,0,0,0,0,0,0,0,0,0,0,0,0,0,0,0,0,0,0,0,0,0,0
00-0035237,Jawaan Taylor,OT,OL,2025,2,REG,KC,PHI,0,0,0,0,0,0,0,0,0,0,0,0,0,0,0,0,0,0,0,0,0,0,0,0,0,0,0,0,0,0,0,0,0,0,0
00-0035242,Erik McCoy,C,OL,2025,2,REG,NO,SF,0,0,0,0,0,0,0,0,0,0,0,0,0,0,0,0,0,0,0,0,0,0,0,0,0,0,0,0,0,0,0,0,0,0,0
00-0035243,Miles Sanders,RB,RB,2025,2,REG,DAL,NYG,0,0,0,0,0,0,0,0,0,5,15,1,0,0,0,2,2,4,0,0,0,0,0,0,0,0,0,0,0,0,0,0,0,7.9,9.9
00-0035248,Zach Allen,DE,DL,2025,2,REG,DEN,IND,0,0,0,0,0,0,0,0,0,0,0,0,0,0,0,0,0,0,0,0,0,0,0,0,0,0,0,0,0,0,0,0,0,0,0
00-0035250,Devin Singletary,RB,RB,2025,2,REG,NYG,DAL,0,0,0,0,0,0,0,0,0,1,4,0,0,0,0,1,1,-4,0,0,0,0,0,0,0,0,0,0,0,0,0,0,0,0,1
00-0035253,C.J. Gardner-Johnson,SAF,DB,2025,2,REG,HOU,TB,0,0,0,0,0,0,0,0,0,0,0,0,0,0,0,0,0,0,0,0,0,0,0,0,0,0,0,0,0,0,0,0,0,0,0
00-0035254,Anthony Nelson,LB,LB,2025,2,REG,TB,HOU,0,0,0,0,0,0,0,0,0,0,0,0,0,0,0,0,0,0,0,0,0,0,0,0,0,0,0,0,0,0,0,0,0,0,0
00-0035258,Hjalte Froholdt,G,OL,2025,2,REG,ARI,CAR,0,0,0,0,0,0,0,0,0,0,0,0,0,0,0,0,0,0,0,0,0,0,0,0,0,0,0,0,0,0,0,0,0,0,0
00-0035261,Tony Pollard,RB,RB,2025,2,REG,TEN,LA,0,0,0,0,0,0,0,0,0,20,92,0,0,0,0,0,1,0,0,0,0,0,0,0,0,0,0,0,0,0,0,0,0,9.2,9.2
00-0035262,Drue Tranquill,LB,LB,2025,2,REG,KC,PHI,0,0,0,0,0,0,0,0,0,0,0,0,0,0,0,0,0,0,0,0,0,0,0,0,0,0,0,0,0,0,0,0,0,0,0
00-0035269,Matt Gay,K,SPEC,2025,2,REG,WAS,GB,0,0,0,0,0,0,0,0,0,0,0,0,0,0,0,0,0,0,0,0,0,0,0,0,1,3,2,0,0,1,1,0,0,0,0
00-0035277,Mike Jackson,CB,DB,2025,2,REG,CAR,ARI,0,0,0,0,0,0,0,0,0,0,0,0,0,0,0,0,0,0,0,0,0,0,0,0,0,0,0,0,0,0,0,0,0,0,0
00-0035279,Charles Omenihu,DE,DL,2025,2,REG,KC,PHI,0,0,0,0,0,0,0,0,0,0,0,0,0,0,0,0,0,0,0,0,0,0,0,0,0,0,0,0,0,0,0,0,0,0,0
00-0035280,Jake Bailey,P,SPEC,2025,2,REG,MIA,NE,0,0,0,0,0,0,0,0,0,0,0,0,0,0,0,0,0,0,0,0,0,0,0,0,0,0,0,0,0,0,0,0,0,0,0
00-0035286,Cole Holcomb,LB,LB,2025,2,REG,PIT,SEA,0,0,0,0,0,0,0,0,0,0,0,0,0,0,0,0,0,0,0,0,0,0,0,0,0,0,0,0,0,0,0,0,0,0,0
00-0035301,Donovan Wilson,SAF,DB,2025,2,REG,DAL,NYG,0,0,0,0,0,0,0,0,0,0,0,0,0,0,0,0,0,0,0,0,0,0,0,0,0,0,0,0,0,0,0,0,0,0,0
00-0035316,Kaden Elliss,LB,LB,2025,2,REG,ATL,MIN,0,0,0,0,0,0,0,0,0,0,0,0,0,0,0,0,0,0,0,0,0,0,0,0,0,0,0,0,0,0,0,0,0,0,0
00-0035352,Tyrel Dodson,LB,LB,2025,2,REG,MIA,NE,0,0,0,0,0,0,0,0,0,0,0,0,0,0,0,0,0,0,0,0,0,0,0,0,0,0,0,0,0,0,0,0,0,0,0
00-0035355,Blake Hance,G,OL,2025,2,REG,TEN,LA,0,0,0,0,0,0,0,0,0,0,0,0,0,0,0,0,0,0,0,0,0,0,0,0,0,0,0,0,0,0,0,0,0,0,0
00-0035357,Cam Lewis,CB,DB,2025,2,REG,BUF,NYJ,0,0,0,0,0,0,0,0,0,0,0,0,0,0,0,0,0,0,0,0,0,0,0,0,0,0,0,0,0,0,0,0,0,0,0
00-0035358,Chase McLaughlin,K,SPEC,2025,2,REG,TB,HOU,0,0,0,0,0,0,0,0,0,0,0,0,0,0,0,0,0,0,0,0,0,0,0,0,0,1,1,0,0,2,2,0,0,0,0
00-0035378,Andrew Wingard,SAF,DB,2025,2,REG,JAX,CIN,0,0,0,0,0,0,0,0,0,0,0,0,0,0,0,0,0,0,0,0,0,0,0,0,0,0,0,0,0,0,0,0,0,0,0
00-0035386,T.J. Edwards,LB,LB,2025,2,REG,CHI,DET,0,0,0,0,0,0,0,0,0,0,0,0,0,0,0,0,0,0,0,0,0,0,0,0,0,0,0,0,0,0,0,0,0,0,0
00-0035402,Carl Granderson,DE,DL,2025,2,REG,NO,SF,0,0,0,0,0,0,0,0,0,0,0,0,0,0,0,0,0,0,0,0,0,0,0,0,0,0,0,0,0,0,0,0,0,0,0
00-0035409,Shy Tuttle,DT,DL,2025,2,REG,TEN,LA,0,0,0,0,0,0,0,0,0,0,0,0,0,0,0,0,0,0,0,0,0,0,0,0,0,0,0,0,0,0,0,0,0,0,0
00-0035413,Luke Gifford,LB,LB,2025,2,REG,SF,NO,0,0,0,0,0,0,0,0,0,0,0,0,0,0,0,0,0,0,0,0,0,0,0,0,0,0,0,0,0,0,0,0,0,0,0
00-0035500,Greg Dortch,WR,WR,2025,2,REG,ARI,CAR,0,0,0,0,0,0,0,0,0,0,0,0,0,0,0,1,1,11,0,0,0,0,0,0,0,0,0,0,0,0,0,0,0,1.1,2.1
00-0035525,Devin Bush,LB,LB,2025,2,REG,CLE,BAL,0,0,0,0,0,0,0,0,0,0,0,0,0,0,0,0,0,0,0,0,0,0,0,0,0,0,0,0,0,0,0,0,0,0,0
00-0035535,Darius Slayton,WR,WR,2025,2,REG,NYG,DAL,0,0,0,0,0,0,0,0,0,0,0,0,0,0,0,2,3,61,0,0,0,0,0,0,0,0,0,0,0,0,0,0,0,6.1,8.1
00-0035537,Ty Johnson,RB,RB,2025,2,REG,BUF,NYJ,0,0,0,0,0,0,0,0,0,2,6,0,0,0,0,0,1,0,0,0,0,0,0,0,0,0,0,0,0,0,0,0,0,0.6,0.6
00-0035567,Craig Reynolds,RB,RB,2025,2,REG,DET,CHI,0,0,0,0,0,0,0,0,0,3,4,0,0,0,0,0,0,0,0,0,0,0,0,0,0,0,0,0,0,0,0,0,0,0.4,0.4
00-0035588,Garrett Bradbury,C,OL,2025,2,REG,NE,MIA,0,0,0,0,0,0,0,0,0,0,0,0,0,0,0,0,0,0,0,0,0,0,0,0,0,0,0,0,0,0,0,0,0,0,0
00-0035617,Troy Reeder,LB,LB,2025,2,REG,LA,TEN,0,0,0,0,0,0,0,0,0,0,0,0,0,0,0,0,0,0,0,0,0,0,0,0,0,0,0,0,0,0,0,0,0,0,0
00-0035625,Juan Thornhill,SAF,DB,2025,2,REG,PIT,SEA,0,0,0,0,0,0,0,0,0,0,0,0,0,0,0,0,0,0,0,0,0,0,0,0,0,0,0,0,0,0,0,0,0,0,0
00-0035629,Jonah Williams,OT,OL,2025,2,REG,ARI,CAR,0,0,0,0,0,0,0,0,0,0,0,0,0,0,0,0,0,0,0,0,0,0,0,0,0,0,0,0,0,0,0,0,0,0,0
00-0035631,Drew Sample,TE,TE,2025,2,REG,CIN,JAX,0,0,0,0,0,0,0,0,0,0,0,0,0,0,0,1,2,7,0,0,0,0,0,0,0,0,0,0,0,0,0,0,0,0.7,1.7
00-0035632,Amani Hooker,SAF,DB,2025,2,REG,TEN,LA,0,0,0,0,0,0,0,0,0,0,0,0,0,0,0,0,0,0,0,0,0,0,0,0,0,0,0,0,0,0,0,0,0,0,0
00-0035637,Rock Ya-Sin,CB,DB,2025,2,REG,DET,CHI,0,0,0,0,0,0,0,0,0,0,0,0,0,0,0,0,0,0,0,0,0,0,0,0,0,0,0,0,0,0,0,0,0,0,0
00-0035640,DK Metcalf,WR,WR,2025,2,REG,PIT,SEA,0,0,0,0,0,0,0,0,0,0,0,0,0,0,0,3,6,20,1,0,0,0,0,0,0,0,0,0,0,0,0,0,0,8,11
00-0035642,Josh Hines-Allen,DE,DL,2025,2,REG,JAX,CIN,0,0,0,0,0,0,0,0,0,0,0,0,0,0,0,0,0,0,0,0,0,0,0,0,0,0,0,0,0,0,0,0,0,0,0
00-0035643,Jeffery Simmons,DT,DL,2025,2,REG,TEN,LA,0,0,0,0,0,0,0,0,0,0,0,0,0,0,0,0,0,0,0,0,0,0,0,0,0,0,0,0,0,0,0,0,0,0,0
00-0035644,Noah Fant,TE,TE,2025,2,REG,CIN,JAX,0,0,0,0,0,0,0,0,0,0,0,0,0,0,0,3,4,28,0,0,0,0,0,0,0,0,0,0,0,0,0,0,0,2.8,5.8
00-0035645,Gunner Olszewski,WR,WR,2025,2,REG,NYG,DAL,0,0,0,0,0,0,0,0,0,0,0,0,0,0,0,0,0,0,0,0,0,0,0,0,0,0,0,0,0,0,0,0,0,0,0
00-0035647,Montez Sweat,DE,DL,2025,2,REG,CHI,DET,0,0,0,0,0,0,0,0,0,0,0,0,0,0,0,0,0,0,0,0,0,0,0,0,0,0,0,0,0,0,0,0,0,0,0
00-0035655,Will Harris,SAF,DB,2025,2,REG,WAS,GB,0,0,0,0,0,0,0,0,0,0,0,0,0,0,0,0,0,0,0,0,0,0,0,0,0,0,0,0,0,0,0,0,0,0,0
00-0035659,Terry McLaurin,WR,WR,2025,2,REG,WAS,GB,0,0,0,0,0,0,0,0,0,0,0,0,0,0,0,5,9,48,0,0,0,0,0,0,0,0,0,0,0,0,0,0,0,4.8,9.8
00-0035662,Marquise Brown,WR,WR,2025,2,REG,KC,PHI,0,0,0,0,0,0,0,0,0,0,0,0,0,0,0,5,5,30,0,0,0,0,0,0,0,0,0,0,0,0,0,0,0,3,8
00-0035663,Taylor Rapp,SAF,DB,2025,2,REG,BUF,NYJ,0,0,0,0,0,0,0,0,0,0,0,0,0,0,0,0,0,0,0,0,0,0,0,0,0,0,0,0,0,0,0,0,0,0,0
00-0035667,Greg Gaines,DT,DL,2025,2,REG,TB,HOU,0,0,0,0,0,0,0,0,0,0,0,0,0,0,0,0,0,0,0,0,0,0,0,0,0,0,0,0,0,0,0,0,0,0,0
00-0035669,Nick Scott,SAF,DB,2025,2,REG,CAR,ARI,0,0,0,0,0,0,0,0,0,0,0,0,0,0,0,0,0,0,0,0,0,0,0,0,0,0,0,0,0,0,0,0,0,0,0
00-0035672,Cody Barton,LB,LB,2025,2,REG,TEN,LA,0,0,0,0,0,0,0,0,0,0,0,0,0,0,0,0,0,0,0,0,0,0,0,0,0,0,0,0,0,0,0,0,0,0,0
00-0035674,Jerry Tillery,DT,DL,2025,2,REG,KC,PHI,0,0,0,0,0,0,0,0,0,0,0,0,0,0,0,0,0,0,0,0,0,0,0,0,0,0,0,0,0,0,0,0,0,0,0
00-0035676,A.J. Brown,WR,WR,2025,2,REG,PHI,KC,0,0,0,0,0,0,0,0,0,0,0,0,0,0,0,5,8,27,0,0,0,0,0,0,0,0,0,0,0,0,0,0,0,2.7,7.7
00-0035678,Dre'Mont Jones,LB,LB,2025,2,REG,TEN,LA,0,0,0,0,0,0,0,0,0,0,0,0,0,0,0,0,0,0,0,0,0,0,0,0,0,0,0,0,0,0,0,0,0,0,0
00-0035680,Quincy Williams,LB,LB,2025,2,REG,NYJ,BUF,0,0,0,0,0,0,0,0,0,0,0,0,0,0,0,0,0,0,0,0,0,0,0,0,0,0,0,0,0,0,0,0,0,0,0
00-0035683,Dexter Lawrence,DT,DL,2025,2,REG,NYG,DAL,0,0,0,0,0,0,0,0,0,0,0,0,0,0,0,0,0,0,0,0,0,0,0,0,0,0,0,0,0,0,0,0,0,0,0
00-0035685,David Montgomery,RB,RB,2025,2,REG,DET,CHI,0,0,0,0,0,0,0,0,0,11,57,1,0,0,0,1,1,4,0,0,0,0,0,0,0,0,0,0,0,0,0,0,0,12.1,13.1
00-0035687,Bobby Okereke,ILB,LB,2025,2,REG,NYG,DAL,0,0,0,0,0,0,0,0,0,0,0,0,0,0,0,0,0,0,0,0,0,0,0,0,0,0,0,0,0,0,0,0,0,0,0
00-0035688,Trey Pipkins,OT,OL,2025,2,REG,LAC,LV,0,0,0,0,0,0,0,0,0,0,0,0,0,0,0,0,0,0,0,0,0,0,0,0,0,0,0,0,0,0,0,0,0,0,0
00-0035689,Dawson Knox,TE,TE,2025,2,REG,BUF,NYJ,0,0,0,0,0,0,0,0,0,0,0,0,0,0,0,2,5,19,0,0,0,0,0,0,0,0,0,0,0,0,0,0,0,1.9,3.9
00-0035697,Germaine Pratt,LB,LB,2025,2,REG,LV,LAC,0,0,0,0,0,0,0,0,0,0,0,0,0,0,0,0,0,0,0,0,0,0,0,0,0,0,0,0,0,0,0,0,0,0,0
00-0035699,Jamel Dean,CB,DB,2025,2,REG,TB,HOU,0,0,0,0,0,0,0,0,0,0,0,0,0,0,0,0,0,0,0,0,0,0,0,0,0,0,0,0,0,0,0,0,0,0,0
00-0035700,Josh Jacobs,RB,RB,2025,2,REG,GB,WAS,0,0,0,0,0,0,0,0,0,23,84,1,0,0,0,0,0,0,0,0,0,0,0,0,0,0,0,0,0,0,0,0,0,14.4,14.4
00-0035702,Dalton Risner,G,OL,2025,2,REG,CIN,JAX,0,0,0,0,0,0,0,0,0,0,0,0,0,0,0,0,0,0,0,0,0,0,0,0,0,0,0,0,0,0,0,0,0,0,0
00-0035705,Jalen Thompson,DB,DB,2025,2,REG,ARI,CAR,0,0,0,0,0,0,0,0,0,0,0,0,0,0,0,0,0,0,0,0,0,0,0,0,0,0,0,0,0,0,0,0,0,0,0
00-0035707,Devin White,LB,LB,2025,2,REG,LV,LAC,0,0,0,0,0,0,0,0,0,0,0,0,0,0,0,0,0,0,0,0,0,0,0,0,0,0,0,0,0,0,0,0,0,0,0
00-0035710,Daniel Jones,QB,QB,2025,2,REG,IND,DEN,23,34,316,1,0,1,0,0,0,6,2,1,0,0,0,0,0,0,0,0,0,0,0,0,0,0,0,0,0,0,0,0,0,22.84,22.84
00-0035713,Brian Burns,LB,LB,2025,2,REG,NYG,DAL,0,0,0,0,0,0,0,0,0,0,0,0,0,0,0,0,0,0,0,0,0,0,0,0,0,0,0,0,0,0,0,0,0,0,0
00-0035717,Nick Bosa,DE,DL,2025,2,REG,SF,NO,0,0,0,0,0,0,0,0,0,0,0,0,0,0,0,0,0,0,0,0,0,0,0,0,0,0,0,0,0,0,0,0,0,0,0
00-0035718,Quinnen Williams,DT,DL,2025,2,REG,NYJ,BUF,0,0,0,0,0,0,0,0,0,0,0,0,0,0,0,0,0,0,0,0,0,0,0,0,0,0,0,0,0,0,0,0,0,0,0
00-0035719,Deebo Samuel Sr.,WR,WR,2025,2,REG,WAS,GB,0,0,0,0,0,0,0,0,0,0,0,0,0,0,0,7,8,44,1,0,0,0,0,0,0,0,0,0,0,0,0,0,0,10.4,17.4
00-0035726,Jakob Johnson,RB,RB,2025,2,REG,HOU,TB,0,0,0,0,0,0,0,0,0,0,0,0,0,0,0,0,0,0,0,0,0,0,0,0,0,0,0,0,0,0,0,0,0,0,0
00-0035821,Corliss Waitman,P,SPEC,2025,2,REG,PIT,SEA,0,0,0,0,0,0,0,0,0,0,0,0,0,0,0,0,0,0,0,0,0,0,0,0,0,0,0,0,0,0,0,0,0,0,0
00-0035857,Chris Williams,DT,DL,2025,2,REG,CHI,DET,0,0,0,0,0,0,0,0,0,0,0,0,0,0,0,0,0,0,0,0,0,0,0,0,0,0,0,0,0,0,0,0,0,0,0
00-0035859,Blake Gillikin,P,SPEC,2025,2,REG,ARI,CAR,0,0,0,0,0,0,0,0,0,0,0,0,0,0,0,0,0,0,0,0,0,0,0,0,0,0,0,0,0,0,0,0,0,0,0
00-0035889,Tommy Townsend,P,SPEC,2025,2,REG,HOU,TB,0,0,0,0,0,0,0,0,0,0,0,0,0,0,0,0,0,0,0,0,0,0,0,0,0,0,0,0,0,0,0,0,0,0,0
00-0035895,Joe Bachie,LB,LB,2025,2,REG,IND,DEN,0,0,0,0,0,0,0,0,0,0,0,0,0,0,0,0,0,0,0,0,0,0,0,0,0,0,0,0,0,0,0,0,0,0,0
00-0035942,Christian Rozeboom,LB,LB,2025,2,REG,CAR,ARI,0,0,0,0,0,0,0,0,0,0,0,0,0,0,0,0,0,0,0,0,0,0,0,0,0,0,0,0,0,0,0,0,0,0,0
00-0036037,Sam Franklin Jr.,SAF,DB,2025,2,REG,BUF,NYJ,0,0,0,0,0,0,0,0,0,0,0,0,0,0,0,0,0,0,0,0,0,0,0,0,0,0,0,0,0,0,0,0,0,0,0
00-0036040,Juwan Johnson,TE,TE,2025,2,REG,NO,SF,0,0,0,0,0,0,0,0,0,0,0,0,0,0,0,5,9,49,1,0,0,0,0,0,0,0,0,0,0,0,0,0,0,10.9,15.9
00-0036124,Khalil Dorsey,CB,DB,2025,2,REG,DET,CHI,0,0,0,0,0,0,0,0,0,0,0,0,0,0,0,0,0,0,0,0,0,0,0,0,0,0,0,0,0,0,0,0,0,0,0
00-0036130,Nnamdi Madubuike,DT,DL,2025,2,REG,BAL,CLE,0,0,0,0,0,0,0,0,0,0,0,0,0,0,0,0,0,0,0,0,0,0,0,0,0,0,0,0,0,0,0,0,0,0,0
00-0036139,Rico Dowdle,RB,RB,2025,2,REG,CAR,ARI,0,0,0,0,0,0,0,0,0,6,9,0,0,0,0,1,1,10,0,0,0,0,0,0,0,0,0,0,0,0,0,0,0,1.9,2.9
00-0036151,Bryce Huff,DE,DL,2025,2,REG,SF,NO,0,0,0,0,0,0,0,0,0,0,0,0,0,0,0,0,0,0,0,0,0,0,0,0,0,0,0,0,0,0,0,0,0,0,0
00-0036158,J.K. Dobbins,RB,RB,2025,2,REG,DEN,IND,0,0,0,0,0,0,0,0,0,14,76,1,0,0,0,1,2,9,0,0,0,0,0,0,0,0,0,0,0,0,0,0,0,14.5,15.5
00-0036159,Joshua Uche,LB,LB,2025,2,REG,PHI,KC,0,0,0,0,0,0,0,0,0,0,0,0,0,0,0,0,0,0,0,0,0,0,0,0,0,0,0,0,0,0,0,0,0,0,0
00-0036171,Aaron Brewer,C,OL,2025,2,REG,MIA,NE,0,0,0,0,0,0,0,0,0,0,0,0,0,0,0,0,0,0,0,0,0,0,0,0,0,0,0,0,0,0,0,0,0,0,0
00-0036181,Teair Tart,DT,DL,2025,2,REG,LAC,LV,0,0,0,0,0,0,0,0,0,0,0,0,0,0,0,0,0,0,0,0,0,0,0,0,0,0,0,0,0,0,0,0,0,0,0
00-0036182,Nick Westbrook-Ikhine,WR,WR,2025,2,REG,MIA,NE,0,0,0,0,0,0,0,0,0,0,0,0,0,0,0,2,3,18,0,0,0,0,0,0,0,0,0,0,0,0,0,0,0,1.8,3.8
00-0036187,Reggie Gilliam,RB,RB,2025,2,REG,BUF,NYJ,0,0,0,0,0,0,0,0,0,0,0,0,0,0,0,0,0,0,0,0,0,0,0,0,0,0,0,0,0,0,0,0,0,0,0
00-0036192,A.J. Epenesa,LB,LB,2025,2,REG,BUF,NYJ,0,0,0,0,0,0,0,0,0,0,0,0,0,0,0,0,0,0,0,0,0,0,0,0,0,0,0,0,0,0,0,0,0,0,0
00-0036193,Anfernee Jennings,LB,LB,2025,2,REG,NE,MIA,0,0,0,0,0,0,0,0,0,0,0,0,0,0,0,0,0,0,0,0,0,0,0,0,0,0,0,0,0,0,0,0,0,0,0
00-0036195,Charlie Heck,OT,OL,2025,2,REG,TB,HOU,0,0,0,0,0,0,0,0,0,0,0,0,0,0,0,0,0,0,0,0,0,0,0,0,0,0,0,0,0,0,0,0,0,0,0
00-0036199,Geno Stone,SAF,DB,2025,2,REG,CIN,JAX,0,0,0,0,0,0,0,0,0,0,0,0,0,0,0,0,0,0,0,0,0,0,0,0,0,0,0,0,0,0,0,0,0,0,0
00-0036212,Tua Tagovailoa,QB,QB,2025,2,REG,MIA,NE,26,32,315,2,1,5,0,0,0,0,0,0,0,0,0,0,0,0,0,0,0,0,0,0,0,0,0,0,0,0,0,0,0,18.6,18.6
00-0036220,Derrick Brown,DT,DL,2025,2,REG,CAR,ARI,0,0,0,0,0,0,0,0,0,0,0,0,0,0,0,0,0,0,0,0,0,0,0,0,0,0,0,0,0,0,0,0,0,0,0
00-0036221,Brandon Jones,SAF,DB,2025,2,REG,DEN,IND,0,0,0,0,0,0,0,0,0,0,0,0,0,0,0,0,0,0,0,0,0,0,0,0,0,0,0,0,0,0,0,0,0,0,0
00-0036222,Isaiah Rodgers,CB,DB,2025,2,REG,MIN,ATL,0,0,0,0,0,0,0,0,0,0,0,0,0,0,0,0,0,0,0,0,0,0,0,0,0,0,0,0,0,0,0,0,0,0,0
00-0036223,Jonathan Taylor,RB,RB,2025,2,REG,IND,DEN,0,0,0,0,0,0,0,0,0,25,165,0,0,0,0,2,2,50,1,0,0,0,0,0,0,0,0,0,0,0,0,0,0,27.5,29.5
00-0036224,Jonathan Greenard,LB,LB,2025,2,REG,MIN,ATL,0,0,0,0,0,0,0,0,0,0,0,0,0,0,0,0,0,0,0,0,0,0,0,0,0,0,0,0,0,0,0,0,0,0,0
00-0036231,Kyle Dugger,SAF,DB,2025,2,REG,NE,MIA,0,0,0,0,0,0,0,0,0,0,0,0,0,0,0,0,0,0,0,0,0,0,0,0,0,0,0,0,0,0,0,0,0,0,0
00-0036232,Harrison Bryant,TE,TE,2025,2,REG,HOU,TB,0,0,0,0,0,0,0,0,0,0,0,0,0,0,0,0,1,0,0,0,0,0,0,0,0,0,0,0,0,0,0,0,0,0,0
00-0036237,Larrell Murchison,DT,DL,2025,2,REG,LA,TEN,0,0,0,0,0,0,0,0,0,0,0,0,0,0,0,0,0,0,0,0,0,0,0,0,0,0,0,0,0,0,0,0,0,0,0
00-0036252,Michael Pittman,WR,WR,2025,2,REG,IND,DEN,0,0,0,0,0,0,0,0,0,0,0,0,0,0,0,4,5,40,0,0,0,0,0,0,0,0,0,0,0,0,0,0,0,4,8
00-0036258,Jonah Jackson,G,OL,2025,2,REG,CHI,DET,0,0,0,0,0,0,0,0,0,0,0,0,0,0,0,0,0,0,0,0,0,0,0,0,0,0,0,0,0,0,0,0,0,0,0
00-0036259,Jauan Jennings,WR,WR,2025,2,REG,SF,NO,0,0,0,0,0,0,0,0,0,0,0,0,0,0,0,5,10,89,1,0,0,0,0,0,0,0,0,0,0,0,0,0,0,14.9,19.9
00-0036260,Javon Kinlaw,DT,DL,2025,2,REG,WAS,GB,0,0,0,0,0,0,0,0,0,0,0,0,0,0,0,0,0,0,0,0,0,0,0,0,0,0,0,0,0,0,0,0,0,0,0
00-0036262,DaVon Hamilton,DT,DL,2025,2,REG,JAX,CIN,0,0,0,0,0,0,0,0,0,0,0,0,0,0,0,0,0,0,0,0,0,0,0,0,0,0,0,0,0,0,0,0,0,0,0
00-0036264,Jordan Love,QB,QB,2025,2,REG,GB,WAS,19,31,292,2,0,2,0,0,0,3,12,0,0,0,0,0,0,0,0,0,0,0,0,0,0,0,0,0,0,0,0,0,0,20.88,20.88
00-0036265,AJ Dillon,RB,RB,2025,2,REG,PHI,KC,0,0,0,0,0,0,0,0,0,3,19,0,0,0,0,0,0,0,0,0,0,0,0,0,0,0,0,0,0,0,0,0,0,1.9,1.9
00-0036266,Jordan Elliott,DT,DL,2025,2,REG,SF,NO,0,0,0,0,0,0,0,0,0,0,0,0,0,0,0,0,0,0,0,0,0,0,0,0,0,0,0,0,0,0,0,0,0,0,0
00-0036275,D'Andre Swift,RB,RB,2025,2,REG,CHI,DET,0,0,0,0,0,0,0,0,0,12,63,1,1,1,0,3,3,6,0,0,0,0,0,1,0,0,0,0,0,0,0,0,0,10.9,13.9
00-0036282,Grant Delpit,SAF,DB,2025,2,REG,CLE,BAL,0,0,0,0,0,0,0,0,0,0,0,0,0,0,0,0,0,0,0,0,0,0,0,0,0,0,0,0,0,0,0,0,0,0,0
00-0036285,A.J. Terrell,CB,DB,2025,2,REG,ATL,MIN,0,0,0,0,0,0,0,0,0,0,0,0,0,0,0,0,0,0,0,0,0,0,0,0,0,0,0,0,0,0,0,0,0,0,0
00-0036286,K'Lavon Chaisson,LB,LB,2025,2,REG,NE,MIA,0,0,0,0,0,0,0,0,0,0,0,0,0,0,0,0,0,0,0,0,0,0,0,0,0,0,0,0,0,0,0,0,0,0,0
00-0036288,Yetur Gross-Matos,DE,DL,2025,2,REG,SF,NO,0,0,0,0,0,0,0,0,0,0,0,0,0,0,0,0,0,0,0,0,0,0,0,0,0,0,0,0,0,0,0,0,0,0,0
00-0036290,Cole Kmet,TE,TE,2025,2,REG,CHI,DET,0,0,0,0,0,0,0,0,0,0,0,0,0,0,0,2,2,29,0,0,0,0,0,0,0,0,0,0,0,0,0,0,0,2.9,4.9
00-0036292,Jaylon Johnson,CB,DB,2025,2,REG,CHI,DET,0,0,0,0,0,0,0,0,0,0,0,0,0,0,0,0,0,0,0,0,0,0,0,0,0,0,0,0,0,0,0,0,0,0,0
00-0036293,Jeremy Chinn,SAF,DB,2025,2,REG,LV,LAC,0,0,0,0,0,0,0,0,0,0,0,0,0,0,0,0,0,0,0,0,0,0,0,0,0,0,0,0,0,0,0,0,0,0,0
00-0036294,Logan Wilson,LB,LB,2025,2,REG,CIN,JAX,0,0,0,0,0,0,0,0,0,0,0,0,0,0,0,0,0,0,0,0,0,0,0,0,0,0,0,0,0,0,0,0,0,0,0
00-0036298,Akeem Davis-Gaither,LB,LB,2025,2,REG,ARI,CAR,0,0,0,0,0,0,0,0,0,0,0,0,0,0,0,0,0,0,0,0,0,0,0,0,0,0,0,0,0,0,0,0,0,0,0
00-0036302,Jaylinn Hawkins,SAF,DB,2025,2,REG,NE,MIA,0,0,0,0,0,0,0,0,0,0,0,0,0,0,0,0,0,0,0,0,0,0,0,0,0,0,0,0,0,0,0,0,0,0,0
00-0036306,Daniel Thomas,SAF,DB,2025,2,REG,DET,CHI,0,0,0,0,0,0,0,0,0,0,0,0,0,0,0,0,0,0,0,0,0,0,0,0,0,0,0,0,0,0,0,0,0,0,0
00-0036309,Darnell Mooney,WR,WR,2025,2,REG,ATL,MIN,0,0,0,0,0,0,0,0,0,0,0,0,0,0,0,2,4,20,0,0,0,0,0,0,0,0,0,0,0,0,0,0,0,2,4
00-0036313,Braden Mann,P,SPEC,2025,2,REG,PHI,KC,0,0,0,0,0,0,0,0,0,0,0,0,0,0,0,0,0,0,0,0,0,0,0,0,0,0,0,0,0,0,0,0,0,0,0
00-0036322,Justin Jefferson,WR,WR,2025,2,REG,MIN,ATL,0,0,0,0,0,0,0,0,0,0,0,0,0,0,0,3,6,81,0,0,0,0,0,0,0,0,0,0,0,0,0,0,0,8.1,11.1
00-0036323,Patrick Queen,LB,LB,2025,2,REG,PIT,SEA,0,0,0,0,0,0,0,0,0,0,0,0,0,0,0,0,0,0,0,0,0,0,0,0,0,0,0,0,0,0,0,0,0,0,0
00-0036325,Robert Hunt,OT,OL,2025,2,REG,CAR,ARI,0,0,0,0,0,0,0,0,0,0,0,0,0,0,0,0,0,0,0,0,0,0,0,0,0,0,0,0,0,0,0,0,0,0,0
00-0036328,Antonio Gibson,RB,RB,2025,2,REG,NE,MIA,0,0,0,0,0,0,0,0,0,5,27,0,0,0,0,1,1,1,0,0,0,0,1,0,0,0,0,0,0,0,0,0,0,8.8,9.8
00-0036331,Devin Duvernay,WR,WR,2025,2,REG,CHI,DET,0,0,0,0,0,0,0,0,0,0,0,0,0,0,0,0,0,0,0,0,0,0,0,0,0,0,0,0,0,0,0,0,0,0,0
00-0036332,Josiah Deguara,TE,TE,2025,2,REG,ARI,CAR,0,0,0,0,0,0,0,0,0,0,0,0,0,0,0,0,0,0,0,0,0,0,0,0,0,0,0,0,0,0,0,0,0,0,0
00-0036333,Alex Highsmith,LB,LB,2025,2,REG,PIT,SEA,0,0,0,0,0,0,0,0,0,0,0,0,0,0,0,0,0,0,0,0,0,0,0,0,0,0,0,0,0,0,0,0,0,0,0
00-0036335,D.J. Wonnum,LB,LB,2025,2,REG,CAR,ARI,0,0,0,0,0,0,0,0,0,0,0,0,0,0,0,0,0,0,0,0,0,0,0,0,0,0,0,0,0,0,0,0,0,0,0
00-0036337,James Lynch,DT,DL,2025,2,REG,TEN,LA,0,0,0,0,0,0,0,0,0,0,0,0,0,0,0,0,0,0,0,0,0,0,0,0,0,0,0,0,0,0,0,0,0,0,0
00-0036338,Troy Dye,LB,LB,2025,2,REG,LAC,LV,0,0,0,0,0,0,0,0,0,0,0,0,0,0,0,0,0,0,0,0,0,0,0,0,0,0,0,0,0,0,0,0,0,0,0
00-0036348,Josh Metellus,SAF,DB,2025,2,REG,MIN,ATL,0,0,0,0,0,0,0,0,0,0,0,0,0,0,0,0,0,0,0,0,0,0,0,0,0,0,0,0,0,0,0,0,0,0,0
00-0036349,Kam Curl,SAF,DB,2025,2,REG,LA,TEN,0,0,0,0,0,0,0,0,0,0,0,0,0,0,0,0,0,0,0,0,0,0,0,0,0,0,0,0,0,0,0,0,0,0,0
00-0036355,Justin Herbert,QB,QB,2025,2,REG,LAC,LV,19,27,242,2,0,2,0,0,0,9,31,0,2,1,0,0,0,0,0,0,0,0,0,1,0,0,0,0,0,0,0,0,0,18.78,18.78
00-0036358,CeeDee Lamb,WR,WR,2025,2,REG,DAL,NYG,0,0,0,0,0,0,0,0,0,0,0,0,0,0,0,9,11,112,0,0,0,0,0,0,0,0,0,0,0,0,0,0,0,11.2,20.2
00-0036361,Trevon Diggs,CB,DB,2025,2,REG,DAL,NYG,0,0,0,0,0,0,0,0,0,0,0,0,0,0,0,0,0,0,0,0,0,0,0,0,0,0,0,0,0,0,0,0,0,0,0
00-0036362,Willie Gay Jr.,LB,LB,2025,2,REG,MIA,NE,0,0,0,0,0,0,0,0,0,0,0,0,0,0,0,0,0,0,0,0,0,0,0,0,0,0,0,0,0,0,0,0,0,0,0
00-0036371,Leki Fotu,DT,DL,2025,2,REG,LV,LAC,0,0,0,0,0,0,0,0,0,0,0,0,0,0,0,0,0,0,0,0,0,0,0,0,0,0,0,0,0,0,0,0,0,0,0
00-0036374,L'Jarius Sneed,CB,DB,2025,2,REG,TEN,LA,0,0,0,0,0,0,0,0,0,0,0,0,0,0,0,0,0,0,0,0,0,0,0,0,0,0,0,0,0,0,0,0,0,0,0
00-0036375,Amik Robertson,CB,DB,2025,2,REG,DET,CHI,0,0,0,0,0,0,0,0,0,0,0,0,0,0,0,0,0,0,0,0,0,0,0,0,0,0,0,0,0,0,0,0,0,0,0
00-0036380,Alohi Gilman,SAF,DB,2025,2,REG,LAC,LV,0,0,0,0,0,0,0,0,0,0,0,0,0,0,0,0,0,0,0,0,0,0,0,0,0,0,0,0,0,0,0,0,0,0,0
00-0036388,Xavier McKinney,SAF,DB,2025,2,REG,GB,WAS,0,0,0,0,0,0,0,0,0,0,0,0,0,0,0,0,0,0,0,0,0,0,0,0,0,0,0,0,0,0,0,0,0,0,0
00-0036389,Jalen Hurts,QB,QB,2025,2,REG,PHI,KC,15,22,101,0,0,2,1,0,0,9,15,1,0,0,0,0,0,0,0,0,0,0,0,0,0,0,0,0,0,0,0,0,0,11.54,11.54
00-0036407,Jerry Jeudy,WR,WR,2025,2,REG,CLE,BAL,0,0,0,0,0,0,0,0,0,0,0,0,0,0,0,4,8,51,0,0,0,0,0,0,0,0,0,0,0,0,0,0,0,5.1,9.1
00-0036408,Cesar Ruiz,C,OL,2025,2,REG,NO,SF,0,0,0,0,0,0,0,0,0,0,0,0,0,0,0,0,0,0,0,0,0,0,0,0,0,0,0,0,0,0,0,0,0,0,0
00-0036409,Jordyn Brooks,LB,LB,2025,2,REG,MIA,NE,0,0,0,0,0,0,0,0,0,0,0,0,0,0,0,0,0,0,0,0,0,0,0,0,0,0,0,0,0,0,0,0,0,0,0
00-0036410,Tee Higgins,WR,WR,2025,2,REG,CIN,JAX,0,0,0,0,0,0,0,0,0,0,0,0,0,0,0,3,8,56,1,0,0,0,0,0,0,0,0,0,0,0,0,0,0,11.6,14.6
00-0036411,Antoine Winfield Jr.,SAF,DB,2025,2,REG,TB,HOU,0,0,0,0,0,0,0,0,0,0,0,0,0,0,0,0,0,0,0,0,0,0,0,0,0,0,0,0,0,0,0,0,0,0,0
00-0036415,Van Jefferson,WR,WR,2025,2,REG,TEN,LA,0,0,0,0,0,0,0,0,0,0,0,0,0,0,0,2,2,10,0,0,0,0,0,0,0,0,0,0,0,0,0,0,0,1,3
00-0036418,Zack Baun,LB,LB,2025,2,REG,PHI,KC,0,0,0,0,0,0,0,0,0,0,0,0,0,0,0,0,0,0,0,0,0,0,0,0,0,0,0,0,0,0,0,0,0,0,0
00-0036422,Adam Trautman,TE,TE,2025,2,REG,DEN,IND,0,0,0,0,0,0,0,0,0,0,0,0,0,0,0,3,3,10,1,0,0,0,0,0,0,0,0,0,0,0,0,0,0,7,10
00-0036427,Tyler Johnson,WR,WR,2025,2,REG,NYJ,BUF,0,0,0,0,0,0,0,0,0,0,0,0,0,0,0,0,1,0,0,0,0,0,0,0,0,0,0,0,0,0,0,0,0,0,0
00-0036428,Justin Strnad,LB,LB,2025,2,REG,DEN,IND,0,0,0,0,0,0,0,0,0,0,0,0,0,0,0,0,0,0,0,0,0,0,0,0,0,0,0,0,0,0,0,0,0,0,0
00-0036441,"Kenneth Murray, Jr.",LB,LB,2025,2,REG,DAL,NYG,0,0,0,0,0,0,0,0,0,0,0,0,0,0,0,0,0,0,0,0,0,0,0,0,0,0,0,0,0,0,0,0,0,0,0
00-0036442,Joe Burrow,QB,QB,2025,2,REG,CIN,JAX,7,13,76,1,0,2,0,0,0,0,0,0,0,0,0,0,0,0,0,0,0,0,0,0,0,0,0,0,0,0,0,0,0,7.04,7.04
00-0036479,Kwity Paye,DE,DL,2025,2,REG,IND,DEN,0,0,0,0,0,0,0,0,0,0,0,0,0,0,0,0,0,0,0,0,0,0,0,0,0,0,0,0,0,0,0,0,0,0,0
00-0036480,Dayo Odeyingbo,DE,DL,2025,2,REG,CHI,DET,0,0,0,0,0,0,0,0,0,0,0,0,0,0,0,0,0,0,0,0,0,0,0,0,0,0,0,0,0,0,0,0,0,0,0
00-0036483,Will Fries,G,OL,2025,2,REG,MIN,ATL,0,0,0,0,0,0,0,0,0,0,0,0,0,0,0,0,0,0,0,0,0,0,0,0,0,0,0,0,0,0,0,0,0,0,0
00-0036500,Jamien Sherwood,LB,LB,2025,2,REG,NYJ,BUF,0,0,0,0,0,0,0,0,0,0,0,0,0,0,0,0,0,0,0,0,0,0,0,0,0,0,0,0,0,0,0,0,0,0,0
00-0036501,Michael Carter II,CB,DB,2025,2,REG,NYJ,BUF,0,0,0,0,0,0,0,0,0,0,0,0,0,0,0,0,0,0,0,0,0,0,0,0,0,0,0,0,0,0,0,0,0,0,0
00-0036502,Jason Pinnock,SAF,DB,2025,2,REG,SF,NO,0,0,0,0,0,0,0,0,0,0,0,0,0,0,0,0,0,0,0,0,0,0,0,0,0,0,0,0,0,0,0,0,0,0,0
00-0036550,Rashod Bateman,WR,WR,2025,2,REG,BAL,CLE,0,0,0,0,0,0,0,0,0,0,0,0,0,0,0,2,4,15,0,0,0,0,0,0,0,0,0,0,0,0,0,0,0,1.5,3.5
00-0036554,Nico Collins,WR,WR,2025,2,REG,HOU,TB,0,0,0,0,0,0,0,0,0,0,0,0,0,0,0,3,9,52,1,0,0,0,0,0,0,0,0,0,0,0,0,0,0,11.2,14.2
00-0036555,Chuba Hubbard,RB,RB,2025,2,REG,CAR,ARI,0,0,0,0,0,0,0,0,0,10,38,0,0,0,0,5,6,39,1,0,0,0,0,0,0,0,0,0,0,0,0,0,0,13.7,18.7
00-0036563,Deommodore Lenoir,CB,DB,2025,2,REG,SF,NO,0,0,0,0,0,0,0,0,0,0,0,0,0,0,0,0,0,0,0,0,0,0,0,0,0,0,0,0,0,0,0,0,0,0,0
00-0036564,Talanoa Hufanga,SAF,DB,2025,2,REG,DEN,IND,0,0,0,0,0,0,0,0,0,0,0,0,0,0,0,0,0,0,0,0,0,0,0,0,0,0,0,0,0,0,0,0,0,0,0
00-0036589,Nick McCloud,CB,DB,2025,2,REG,CHI,DET,0,0,0,0,0,0,0,0,0,0,0,0,0,0,0,0,0,0,0,0,0,0,0,0,0,0,0,0,0,0,0,0,0,0,0
00-0036590,Quintin Morris,TE,TE,2025,2,REG,JAX,CIN,0,0,0,0,0,0,0,0,0,0,0,0,0,0,0,0,0,0,0,0,0,0,0,0,0,0,0,0,0,0,0,0,0,0,0
00-0036604,Jordan Meredith,G,OL,2025,2,REG,LV,LAC,0,0,0,0,0,0,0,0,0,0,0,0,0,0,0,0,0,0,0,0,0,0,0,0,0,0,0,0,0,0,0,0,0,0,0
00-0036613,Jaylen Waddle,WR,WR,2025,2,REG,MIA,NE,0,0,0,0,0,0,0,0,0,0,0,0,0,0,0,5,6,68,1,0,0,0,0,0,0,0,0,0,0,0,0,0,0,12.8,17.8
00-0036620,Dee Eskridge,WR,WR,2025,2,REG,MIA,NE,0,0,0,0,0,0,0,0,0,0,0,0,0,0,0,1,1,8,0,0,0,0,0,0,0,0,0,0,0,0,0,0,0,0.8,1.8
00-0036621,Nick Bolton,LB,LB,2025,2,REG,KC,PHI,0,0,0,0,0,0,0,0,0,0,0,0,0,0,0,0,0,0,0,0,0,0,0,0,0,0,0,0,0,0,0,0,0,0,0
00-0036625,Benjamin St-Juste,CB,DB,2025,2,REG,LAC,LV,0,0,0,0,0,0,0,0,0,0,0,0,0,0,0,0,0,0,0,0,0,0,0,0,0,0,0,0,0,0,0,0,0,0,0
00-0036626,Dyami Brown,WR,WR,2025,2,REG,JAX,CIN,0,0,0,0,0,0,0,0,0,1,9,0,0,0,0,5,7,57,1,0,0,0,0,0,0,0,0,0,0,0,0,0,0,12.6,17.6
00-0036629,Camryn Bynum,SAF,DB,2025,2,REG,IND,DEN,0,0,0,0,0,0,0,0,0,0,0,0,0,0,0,0,0,0,0,0,0,0,0,0,0,0,0,0,0,0,0,0,0,0,0
00-0036630,Tylan Wallace,WR,WR,2025,2,REG,BAL,CLE,0,0,0,0,0,0,0,0,0,0,0,0,0,0,0,2,2,25,1,0,0,0,0,0,0,0,0,0,0,0,0,0,0,8.5,10.5
00-0036637,Noah Gray,TE,TE,2025,2,REG,KC,PHI,0,0,0,0,0,0,0,0,0,0,0,0,0,0,0,1,5,1,0,0,0,0,0,0,0,0,0,0,0,0,0,0,0,0.1,1.1
00-0036642,Tedarrell Slaton,DT,DL,2025,2,REG,CIN,JAX,0,0,0,0,0,0,0,0,0,0,0,0,0,0,0,0,0,0,0,0,0,0,0,0,0,0,0,0,0,0,0,0,0,0,0
00-0036643,K.J. Britt,LB,LB,2025,2,REG,MIA,NE,0,0,0,0,0,0,0,0,0,0,0,0,0,0,0,0,0,0,0,0,0,0,0,0,0,0,0,0,0,0,0,0,0,0,0
00-0036644,Cameron McGrone,LB,LB,2025,2,REG,IND,DEN,0,0,0,0,0,0,0,0,0,0,0,0,0,0,0,0,0,0,0,0,0,0,0,0,0,0,0,0,0,0,0,0,0,0,0
00-0036648,Nick Niemann,LB,LB,2025,2,REG,GB,WAS,0,0,0,0,0,0,0,0,0,0,0,0,0,0,0,0,0,0,0,0,0,0,0,0,0,0,0,0,0,0,0,0,0,0,0
00-0036658,Isaiah McDuffie,LB,LB,2025,2,REG,GB,WAS,0,0,0,0,0,0,0,0,0,0,0,0,0,0,0,0,0,0,0,0,0,0,0,0,0,0,0,0,0,0,0,0,0,0,0
00-0036672,Grant Stuard,LB,LB,2025,2,REG,DET,CHI,0,0,0,0,0,0,0,0,0,0,0,0,0,0,0,0,0,0,0,0,0,0,0,0,0,0,0,0,0,0,0,0,0,0,0
00-0036683,Devon Key,SAF,DB,2025,2,REG,DEN,IND,0,0,0,0,0,0,0,0,0,0,0,0,0,0,0,0,0,0,0,0,0,0,0,0,0,0,0,0,0,0,0,0,0,0,0
00-0036695,Naquan Jones,DT,DL,2025,2,REG,LAC,LV,0,0,0,0,0,0,0,0,0,0,0,0,0,0,0,0,0,0,0,0,0,0,0,0,0,0,0,0,0,0,0,0,0,0,0
00-0036754,Brock Wright,TE,TE,2025,2,REG,DET,CHI,0,0,0,0,0,0,0,0,0,0,0,0,0,0,0,3,3,28,1,0,0,0,0,0,0,0,0,0,0,0,0,0,0,8.8,11.8
00-0036813,Christian Elliss,LB,LB,2025,2,REG,NE,MIA,0,0,0,0,0,0,0,0,0,0,0,0,0,0,0,0,0,0,0,0,0,0,0,0,0,0,0,0,0,0,0,0,0,0,0
00-0036816,Riley Patterson,K,SPEC,2025,2,REG,MIA,NE,0,0,0,0,0,0,0,0,0,0,0,0,0,0,0,0,0,0,0,0,0,0,0,0,2,2,0,0,0,3,3,0,0,0,0
00-0036844,Garret Wallow,LB,LB,2025,2,REG,DEN,IND,0,0,0,0,0,0,0,0,0,0,0,0,0,0,0,0,0,0,0,0,0,0,0,0,0,0,0,0,0,0,0,0,0,0,0
00-0036849,Tutu Atwell,WR,WR,2025,2,REG,LA,TEN,0,0,0,0,0,0,0,0,0,0,0,0,0,0,0,0,1,0,0,0,0,0,0,0,0,0,0,0,0,0,0,0,0,0,0
00-0036854,Evan McPherson,K,SPEC,2025,2,REG,CIN,JAX,0,0,0,0,0,0,0,0,0,0,0,0,0,0,0,0,0,0,0,0,0,0,0,0,1,1,0,0,0,4,4,0,0,0,0
00-0036862,Ben Skowronek,WR,WR,2025,2,REG,PIT,SEA,0,0,0,0,0,0,0,0,0,0,0,0,0,0,0,0,0,0,0,0,0,0,0,0,0,0,0,0,0,0,0,0,0,0,0
00-0036866,James Hudson,OT,OL,2025,2,REG,NYG,DAL,0,0,0,0,0,0,0,0,0,0,0,0,0,0,0,0,0,0,0,0,0,0,0,0,0,0,0,0,0,0,0,0,0,0,0
00-0036867,Chris Rumph II,LB,LB,2025,2,REG,NO,SF,0,0,0,0,0,0,0,0,0,0,0,0,0,0,0,0,0,0,0,0,0,0,0,0,0,0,0,0,0,0,0,0,0,0,0
00-0036871,Nate Hobbs,CB,DB,2025,2,REG,GB,WAS,0,0,0,0,0,0,0,0,0,0,0,0,0,0,0,0,0,0,0,0,0,0,0,0,0,0,0,0,0,0,0,0,0,0,0
00-0036874,Pat Surtain II,CB,DB,2025,2,REG,DEN,IND,0,0,0,0,0,0,0,0,0,0,0,0,0,0,0,0,0,0,0,0,0,0,0,0,0,0,0,0,0,0,0,0,0,0,0
00-0036875,Rhamondre Stevenson,RB,RB,2025,2,REG,NE,MIA,0,0,0,0,0,0,0,0,0,11,54,0,0,0,1,5,5,88,0,0,0,0,0,0,0,0,0,0,0,0,0,0,0,16.2,21.2
00-0036876,Kylen Granson,TE,TE,2025,2,REG,PHI,KC,0,0,0,0,0,0,0,0,0,0,0,0,0,0,0,1,1,5,0,0,0,0,0,0,0,0,0,0,0,0,0,0,0,0.5,1.5
00-0036887,Luke Farrell,TE,TE,2025,2,REG,SF,NO,0,0,0,0,0,0,0,0,0,0,0,0,0,0,0,2,3,15,1,0,0,0,0,0,0,0,0,0,0,0,0,0,0,7.5,9.5
00-0036888,Damar Hamlin,SAF,DB,2025,2,REG,BUF,NYJ,0,0,0,0,0,0,0,0,0,0,0,0,0,0,0,0,0,0,0,0,0,0,0,0,0,0,0,0,0,0,0,0,0,0,0
00-0036893,Najee Harris,RB,RB,2025,2,REG,LAC,LV,0,0,0,0,0,0,0,0,0,8,28,0,0,0,0,2,2,20,0,0,0,0,0,0,0,0,0,0,0,0,0,0,0,4.8,6.8
00-0036894,Pat Freiermuth,TE,TE,2025,2,REG,PIT,SEA,0,0,0,0,0,0,0,0,0,0,0,0,0,0,0,3,4,31,0,0,0,0,0,0,0,0,0,0,0,0,0,0,0,3.1,6.1
00-0036900,Ja'Marr Chase,WR,WR,2025,2,REG,CIN,JAX,0,0,0,0,0,0,0,0,0,0,0,0,0,0,0,14,16,165,1,0,0,0,0,0,0,0,0,0,0,0,0,0,0,22.5,36.5
00-0036901,Eric Stokes,CB,DB,2025,2,REG,LV,LAC,0,0,0,0,0,0,0,0,0,0,0,0,0,0,0,0,0,0,0,0,0,0,0,0,0,0,0,0,0,0,0,0,0,0,0
00-0036902,Joseph Ossai,DE,DL,2025,2,REG,CIN,JAX,0,0,0,0,0,0,0,0,0,0,0,0,0,0,0,0,0,0,0,0,0,0,0,0,0,0,0,0,0,0,0,0,0,0,0
00-0036903,Bobby Brown III,DT,DL,2025,2,REG,CAR,ARI,0,0,0,0,0,0,0,0,0,0,0,0,0,0,0,0,0,0,0,0,0,0,0,0,0,0,0,0,0,0,0,0,0,0,0
00-0036904,Robert Rochell,CB,DB,2025,2,REG,DAL,NYG,0,0,0,0,0,0,0,0,0,0,0,0,0,0,0,0,0,0,0,0,0,0,0,0,0,0,0,0,0,0,0,0,0,0,0
00-0036912,DeVonta Smith,WR,WR,2025,2,REG,PHI,KC,0,0,0,0,0,0,0,0,0,0,0,0,0,0,0,4,6,53,0,0,0,0,0,0,0,0,0,0,0,0,0,0,0,5.3,9.3
00-0036914,Greg Rousseau,LB,LB,2025,2,REG,BUF,NYJ,0,0,0,0,0,0,0,0,0,0,0,0,0,0,0,0,0,0,0,0,0,0,0,0,0,0,0,0,0,0,0,0,0,0,0
00-0036916,Milton Williams,DT,DL,2025,2,REG,NE,MIA,0,0,0,0,0,0,0,0,0,0,0,0,0,0,0,0,0,0,0,0,0,0,0,0,0,0,0,0,0,0,0,0,0,0,0
00-0036919,Kenny Gainwell,RB,RB,2025,2,REG,PIT,SEA,0,0,0,0,0,0,0,0,0,5,20,0,0,0,0,3,5,16,0,0,0,0,0,0,0,0,0,0,0,0,0,0,0,3.6,6.6
00-0036927,Pete Werner,LB,LB,2025,2,REG,NO,SF,0,0,0,0,0,0,0,0,0,0,0,0,0,0,0,0,0,0,0,0,0,0,0,0,0,0,0,0,0,0,0,0,0,0,0
00-0036932,Micah Parsons,LB,LB,2025,2,REG,GB,WAS,0,0,0,0,0,0,0,0,0,0,0,0,0,0,0,0,0,0,0,0,0,0,0,0,0,0,0,0,0,0,0,0,0,0,0
00-0036933,Zaven Collins,LB,LB,2025,2,REG,ARI,CAR,0,0,0,0,0,0,0,0,0,0,0,0,0,0,0,0,0,0,0,0,0,0,0,0,0,0,0,0,0,0,0,0,0,0,0
00-0036934,Jaelan Phillips,LB,LB,2025,2,REG,MIA,NE,0,0,0,0,0,0,0,0,0,0,0,0,0,0,0,0,0,0,0,0,0,0,0,0,0,0,0,0,0,0,0,0,0,0,0
00-0036937,Paulson Adebo,CB,DB,2025,2,REG,NYG,DAL,0,0,0,0,0,0,0,0,0,0,0,0,0,0,0,0,0,0,0,0,0,0,0,0,0,0,0,0,0,0,0,0,0,0,0
00-0036940,Odafe Oweh,LB,LB,2025,2,REG,BAL,CLE,0,0,0,0,0,0,0,0,0,0,0,0,0,0,0,0,0,0,0,0,0,0,0,0,0,0,0,0,0,0,0,0,0,0,0
00-0036941,Andre Cisco,SAF,DB,2025,2,REG,NYJ,BUF,0,0,0,0,0,0,0,0,0,0,0,0,0,0,0,0,0,0,0,0,0,0,0,0,0,0,0,0,0,0,0,0,0,0,0
00-0036942,Osa Odighizuwa,DT,DL,2025,2,REG,DAL,NYG,0,0,0,0,0,0,0,0,0,0,0,0,0,0,0,0,0,0,0,0,0,0,0,0,0,0,0,0,0,0,0,0,0,0,0
00-0036943,Mitchell Fraboni,LS,SPEC,2025,2,REG,DEN,IND,0,0,0,0,0,0,0,0,0,0,0,0,0,0,0,0,0,0,0,0,0,0,0,0,0,0,0,0,0,0,0,0,0,0,0
00-0036944,Jaycee Horn,CB,DB,2025,2,REG,CAR,ARI,0,0,0,0,0,0,0,0,0,0,0,0,0,0,0,0,0,0,0,0,0,0,0,0,0,0,0,0,0,0,0,0,0,0,0
00-0036945,Justin Fields,QB,QB,2025,2,REG,NYJ,BUF,3,11,27,0,0,2,1,0,0,5,49,0,1,1,0,0,0,0,0,0,0,0,0,1,0,0,0,0,0,0,0,0,0,3.98,3.98
00-0036952,Jonathon Cooper,LB,LB,2025,2,REG,DEN,IND,0,0,0,0,0,0,0,0,0,0,0,0,0,0,0,0,0,0,0,0,0,0,0,0,0,0,0,0,0,0,0,0,0,0,0
00-0036957,Drew Dalman,C,OL,2025,2,REG,CHI,DET,0,0,0,0,0,0,0,0,0,0,0,0,0,0,0,0,0,0,0,0,0,0,0,0,0,0,0,0,0,0,0,0,0,0,0
00-0036962,Tre'von Moehrig,SAF,DB,2025,2,REG,CAR,ARI,0,0,0,0,0,0,0,0,0,0,0,0,0,0,0,0,0,0,0,0,0,0,0,0,0,0,0,0,0,0,0,0,0,0,0
00-0036963,Amon-Ra St. Brown,WR,WR,2025,2,REG,DET,CHI,0,0,0,0,0,0,0,0,0,2,7,0,0,0,0,9,11,115,3,0,0,0,0,0,0,0,0,0,0,0,0,0,0,30.2,39.2
00-0036964,Derrick Barnes,LB,LB,2025,2,REG,DET,CHI,0,0,0,0,0,0,0,0,0,0,0,0,0,0,0,0,0,0,0,0,0,0,0,0,0,0,0,0,0,0,0,0,0,0,0
00-0036970,Kyle Pitts,TE,TE,2025,2,REG,ATL,MIN,0,0,0,0,0,0,0,0,0,0,0,0,0,0,0,4,5,37,0,0,0,0,0,0,0,0,0,0,0,0,0,0,0,3.7,7.7
00-0036971,Trevor Lawrence,QB,QB,2025,2,REG,JAX,CIN,24,42,271,3,2,1,0,0,0,2,4,0,1,0,0,0,0,0,0,0,0,0,0,0,0,0,0,0,0,0,0,0,0,19.24,19.24
00-0036972,Mac Jones,QB,QB,2025,2,REG,SF,NO,26,39,279,3,0,3,1,1,0,6,6,0,1,0,0,0,0,0,0,0,0,0,0,1,0,0,0,0,0,0,0,0,0,21.76,21.76
00-0036973,Travis Etienne,RB,RB,2025,2,REG,JAX,CIN,0,0,0,0,0,0,0,0,0,14,71,0,0,0,0,2,3,18,1,0,0,0,0,0,0,0,0,0,0,0,0,0,0,14.9,16.9
00-0036974,Tyson Campbell,CB,DB,2025,2,REG,JAX,CIN,0,0,0,0,0,0,0,0,0,0,0,0,0,0,0,0,0,0,0,0,0,0,0,0,0,0,0,0,0,0,0,0,0,0,0
00-0036976,Spencer Brown,OT,OL,2025,2,REG,BUF,NYJ,0,0,0,0,0,0,0,0,0,0,0,0,0,0,0,0,0,0,0,0,0,0,0,0,0,0,0,0,0,0,0,0,0,0,0
00-0036980,Elijah Moore,WR,WR,2025,2,REG,BUF,NYJ,0,0,0,0,0,0,0,0,0,2,6,1,0,0,0,1,1,31,0,0,0,0,0,0,0,0,0,0,0,0,0,0,0,9.7,10.7
00-0036981,Christian Barmore,DT,DL,2025,2,REG,NE,MIA,0,0,0,0,0,0,0,0,0,0,0,0,0,0,0,0,0,0,0,0,0,0,0,0,0,0,0,0,0,0,0,0,0,0,0
00-0036982,Chauncey Golston,DE,DL,2025,2,REG,NYG,DAL,0,0,0,0,0,0,0,0,0,0,0,0,0,0,0,0,0,0,0,0,0,0,0,0,0,0,0,0,0,0,0,0,0,0,0
00-0036986,Nahshon Wright,CB,DB,2025,2,REG,CHI,DET,0,0,0,0,0,0,0,0,0,0,0,0,0,0,0,0,0,0,0,0,0,0,0,0,0,0,0,0,0,0,0,0,0,0,0
00-0036987,Brandon Stephens,CB,DB,2025,2,REG,NYJ,BUF,0,0,0,0,0,0,0,0,0,0,0,0,0,0,0,0,0,0,0,0,0,0,0,0,0,0,0,0,0,0,0,0,0,0,0
00-0036988,Josh Palmer,WR,WR,2025,2,REG,BUF,NYJ,0,0,0,0,0,0,0,0,0,0,0,0,0,0,0,2,3,47,0,0,0,0,0,0,0,0,0,0,0,0,0,0,0,4.7,6.7
00-0036989,Malcolm Koonce,DE,DL,2025,2,REG,LV,LAC,0,0,0,0,0,0,0,0,0,0,0,0,0,0,0,0,0,0,0,0,0,0,0,0,0,0,0,0,0,0,0,0,0,0,0
00-0036990,Divine Deablo,LB,LB,2025,2,REG,ATL,MIN,0,0,0,0,0,0,0,0,0,0,0,0,0,0,0,0,0,0,0,0,0,0,0,0,0,0,0,0,0,0,0,0,0,0,0
00-0036993,Ifeatu Melifonwu,SAF,DB,2025,2,REG,MIA,NE,0,0,0,0,0,0,0,0,0,0,0,0,0,0,0,0,0,0,0,0,0,0,0,0,0,0,0,0,0,0,0,0,0,0,0
00-0036994,Ernest Jones,LB,LB,2025,2,REG,SEA,PIT,0,0,0,0,0,0,0,0,0,0,0,0,0,0,0,0,0,0,0,0,0,0,0,0,0,0,0,0,0,0,0,0,0,0,0
00-0036995,Baron Browning,LB,LB,2025,2,REG,ARI,CAR,0,0,0,0,0,0,0,0,0,0,0,0,0,0,0,0,0,0,0,0,0,0,0,0,0,0,0,0,0,0,0,0,0,0,0
00-0036996,Greg Newsome II,CB,DB,2025,2,REG,CLE,BAL,0,0,0,0,0,0,0,0,0,0,0,0,0,0,0,0,0,0,0,0,0,0,0,0,0,0,0,0,0,0,0,0,0,0,0
00-0036997,Javonte Williams,RB,RB,2025,2,REG,DAL,NYG,0,0,0,0,0,0,0,0,0,18,97,1,0,0,0,6,7,33,0,0,0,0,0,0,0,0,0,0,0,0,0,0,0,19,25
00-0036998,Jevon Holland,SAF,DB,2025,2,REG,NYG,DAL,0,0,0,0,0,0,0,0,0,0,0,0,0,0,0,0,0,0,0,0,0,0,0,0,0,0,0,0,0,0,0,0,0,0,0
00-0037000,Monty Rice,LB,LB,2025,2,REG,DET,CHI,0,0,0,0,0,0,0,0,0,0,0,0,0,0,0,0,0,0,0,0,0,0,0,0,0,0,0,0,0,0,0,0,0,0,0
00-0037002,Landon Dickerson,G,OL,2025,2,REG,PHI,KC,0,0,0,0,0,0,0,0,0,0,0,0,0,0,0,0,0,0,0,0,0,0,0,0,0,0,0,0,0,0,0,0,0,0,0
00-0037003,Chazz Surratt,LB,LB,2025,2,REG,SEA,PIT,0,0,0,0,0,0,0,0,0,0,0,0,0,0,0,0,0,0,0,0,0,0,0,0,0,0,0,0,0,0,0,0,0,0,0
00-0037005,Tommy Tremble,TE,TE,2025,2,REG,CAR,ARI,0,0,0,0,0,0,0,0,0,0,0,0,0,0,0,3,3,20,0,0,0,0,0,0,0,0,0,0,0,0,0,0,0,2,5
00-0037007,Patrick Jones II,LB,LB,2025,2,REG,CAR,ARI,0,0,0,0,0,0,0,0,0,0,0,0,0,0,0,0,0,0,0,0,0,0,0,0,0,0,0,0,0,0,0,0,0,0,0
00-0037034,Dee Alford,CB,DB,2025,2,REG,ATL,MIN,0,0,0,0,0,0,0,0,0,0,0,0,0,0,0,0,0,0,0,0,0,0,0,0,0,0,0,0,0,0,0,0,0,0,0
00-0037051,Elijah Garcia,DE,DL,2025,2,REG,NYG,DAL,0,0,0,0,0,0,0,0,0,0,0,0,0,0,0,0,0,0,0,0,0,0,0,0,0,0,0,0,0,0,0,0,0,0,0
00-0037073,Jordan Davis,DT,DL,2025,2,REG,PHI,KC,0,0,0,0,0,0,0,0,0,0,0,0,0,0,0,0,0,0,0,0,0,0,0,0,0,0,0,0,0,0,0,0,0,0,0
00-0037074,Quay Walker,LB,LB,2025,2,REG,GB,WAS,0,0,0,0,0,0,0,0,0,0,0,0,0,0,0,0,0,0,0,0,0,0,0,0,0,0,0,0,0,0,0,0,0,0,0
00-0037075,Devonte Wyatt,DT,DL,2025,2,REG,GB,WAS,0,0,0,0,0,0,0,0,0,0,0,0,0,0,0,0,0,0,0,0,0,0,0,0,0,0,0,0,0,0,0,0,0,0,0
00-0037076,Sean Rhyan,OT,OL,2025,2,REG,GB,WAS,0,0,0,0,0,0,0,0,0,0,0,0,0,0,0,0,0,0,0,0,0,0,0,0,0,0,0,0,0,0,0,0,0,0,0
00-0037079,Riq Woolen,CB,DB,2025,2,REG,SEA,PIT,0,0,0,0,0,0,0,0,0,0,0,0,0,0,0,0,0,0,0,0,0,0,0,0,0,0,0,0,0,0,0,0,0,0,0
00-0037081,Braxton Jones,OT,OL,2025,2,REG,CHI,DET,0,0,0,0,0,0,0,0,0,0,0,0,0,0,0,0,0,0,0,0,0,0,0,0,0,0,0,0,0,0,0,0,0,0,0
00-0037082,Dominique Robinson,DE,DL,2025,2,REG,CHI,DET,0,0,0,0,0,0,0,0,0,0,0,0,0,0,0,0,0,0,0,0,0,0,0,0,0,0,0,0,0,0,0,0,0,0,0
00-0037083,Kingsley Enagbare,LB,LB,2025,2,REG,GB,WAS,0,0,0,0,0,0,0,0,0,0,0,0,0,0,0,0,0,0,0,0,0,0,0,0,0,0,0,0,0,0,0,0,0,0,0
00-0037085,Tyler Badie,RB,RB,2025,2,REG,DEN,IND,0,0,0,0,0,0,0,0,0,1,3,0,0,0,0,2,2,19,0,0,0,0,0,0,0,0,0,0,0,0,0,0,0,2.2,4.2
00-0037086,Grant Calcaterra,TE,TE,2025,2,REG,PHI,KC,0,0,0,0,0,0,0,0,0,0,0,0,0,0,0,1,2,6,0,0,0,0,0,0,0,0,0,0,0,0,0,0,0,0.6,1.6
00-0037093,Dareke Young,WR,WR,2025,2,REG,SEA,PIT,0,0,0,0,0,0,0,0,0,0,0,0,0,0,0,0,0,0,0,0,0,0,0,0,0,0,0,0,0,0,0,0,0,0,0
00-0037106,Jaylon Jones,DB,DB,2025,2,REG,CHI,DET,0,0,0,0,0,0,0,0,0,0,0,0,0,0,0,0,0,0,0,0,0,0,0,0,0,0,0,0,0,0,0,0,0,0,0
00-0037109,Jack Sanborn,LB,LB,2025,2,REG,DAL,NYG,0,0,0,0,0,0,0,0,0,0,0,0,0,0,0,0,0,0,0,0,0,0,0,0,0,0,0,0,0,0,0,0,0,0,0
00-0037112,Jake Tonges,TE,TE,2025,2,REG,SF,NO,0,0,0,0,0,0,0,0,0,0,0,0,0,0,0,4,5,31,0,0,0,0,0,0,0,0,0,0,0,0,0,0,0,3.1,7.1
00-0037129,Josh Blackwell,CB,DB,2025,2,REG,CHI,DET,0,0,0,0,0,0,0,0,0,0,0,0,0,0,0,0,0,0,0,0,0,0,0,0,0,0,0,0,0,0,0,0,0,0,0
00-0037130,Reed Blankenship,SAF,DB,2025,2,REG,PHI,KC,0,0,0,0,0,0,0,0,0,0,0,0,0,0,0,0,0,0,0,0,0,0,0,0,0,0,0,0,0,0,0,0,0,0,0
00-0037137,Josh Jobe,CB,DB,2025,2,REG,SEA,PIT,0,0,0,0,0,0,0,0,0,0,0,0,0,0,0,0,0,0,0,0,0,0,0,0,0,0,0,0,0,0,0,0,0,0,0
00-0037155,Tony Adams,SAF,DB,2025,2,REG,NYJ,BUF,0,0,0,0,0,0,0,0,0,0,0,0,0,0,0,0,0,0,0,0,0,0,0,0,0,0,0,0,0,0,0,0,0,0,0
00-0037157,Bam Knight,RB,RB,2025,2,REG,ARI,CAR,0,0,0,0,0,0,0,0,0,0,0,0,0,0,0,0,0,0,0,0,0,0,0,0,0,0,0,0,0,0,0,0,0,0,0
00-0037190,Sauce Gardner,CB,DB,2025,2,REG,NYJ,BUF,0,0,0,0,0,0,0,0,0,0,0,0,0,0,0,0,0,0,0,0,0,0,0,0,0,0,0,0,0,0,0,0,0,0,0
00-0037191,Trent McDuffie,CB,DB,2025,2,REG,KC,PHI,0,0,0,0,0,0,0,0,0,0,0,0,0,0,0,0,0,0,0,0,0,0,0,0,0,0,0,0,0,0,0,0,0,0,0
00-0037192,George Karlaftis,DE,DL,2025,2,REG,KC,PHI,0,0,0,0,0,0,0,0,0,0,0,0,0,0,0,0,0,0,0,0,0,0,0,0,0,0,0,0,0,0,0,0,0,0,0
00-0037193,Bryan Cook,SAF,DB,2025,2,REG,KC,PHI,0,0,0,0,0,0,0,0,0,0,0,0,0,0,0,0,0,0,0,0,0,0,0,0,0,0,0,0,0,0,0,0,0,0,0
00-0037195,Jaylen Watson,CB,DB,2025,2,REG,KC,PHI,0,0,0,0,0,0,0,0,0,0,0,0,0,0,0,0,0,0,0,0,0,0,0,0,0,0,0,0,0,0,0,0,0,0,0
00-0037197,Isiah Pacheco,RB,RB,2025,2,REG,KC,PHI,0,0,0,0,0,0,0,0,0,10,22,0,0,0,0,1,2,7,0,0,0,0,0,0,0,0,0,0,0,0,0,0,0,2.9,3.9
00-0037205,Brenden Schooler,SAF,DB,2025,2,REG,NE,MIA,0,0,0,0,0,0,0,0,0,0,0,0,0,0,0,0,0,0,0,0,0,0,0,0,0,0,0,0,0,0,0,0,0,0,0
00-0037224,Cameron Dicker,K,SPEC,2025,2,REG,LAC,LV,0,0,0,0,0,0,0,0,0,0,0,0,0,0,0,0,0,0,0,0,0,0,0,0,2,2,0,0,0,2,2,0,0,0,0
00-0037228,Jaylen Warren,RB,RB,2025,2,REG,PIT,SEA,0,0,0,0,0,0,0,0,0,14,48,0,0,0,0,4,4,86,0,0,0,0,0,0,0,0,0,0,0,0,0,0,0,13.4,17.4
00-0037235,Travon Walker,DE,DL,2025,2,REG,JAX,CIN,0,0,0,0,0,0,0,0,0,0,0,0,0,0,0,0,0,0,0,0,0,0,0,0,0,0,0,0,0,0,0,0,0,0,0
00-0037236,Aidan Hutchinson,DE,DL,2025,2,REG,DET,CHI,0,0,0,0,0,0,0,0,0,0,0,0,0,0,0,0,0,0,0,0,0,0,0,0,0,0,0,0,0,0,0,0,0,0,0
00-0037237,Derek Stingley Jr.,CB,DB,2025,2,REG,HOU,TB,0,0,0,0,0,0,0,0,0,0,0,0,0,0,0,0,0,0,0,0,0,0,0,0,0,0,0,0,0,0,0,0,0,0,0
00-0037238,Drake London,WR,WR,2025,2,REG,ATL,MIN,0,0,0,0,0,0,0,0,0,0,0,0,0,0,0,3,4,49,0,1,1,0,0,1,0,0,0,0,0,0,0,0,0,2.9,5.9
00-0037239,Chris Olave,WR,WR,2025,2,REG,NO,SF,0,0,0,0,0,0,0,0,0,0,0,0,0,0,0,6,10,54,0,0,0,0,0,0,0,0,0,0,0,0,0,0,0,5.4,11.4
00-0037240,Jameson Williams,WR,WR,2025,2,REG,DET,CHI,0,0,0,0,0,0,0,0,0,0,0,0,0,0,0,2,4,108,1,0,0,0,0,0,0,0,0,0,0,0,0,0,0,16.8,18.8
00-0037242,Kaiir Elam,CB,DB,2025,2,REG,DAL,NYG,0,0,0,0,0,0,0,0,0,0,0,0,0,0,0,0,0,0,0,0,0,0,0,0,0,0,0,0,0,0,0,0,0,0,0
00-0037244,Devin Lloyd,LB,LB,2025,2,REG,JAX,CIN,0,0,0,0,0,0,0,0,0,0,0,0,0,0,0,0,0,0,0,0,0,0,0,0,0,0,0,0,0,0,0,0,0,0,0
00-0037246,Jalen Pitre,SAF,DB,2025,2,REG,HOU,TB,0,0,0,0,0,0,0,0,0,0,0,0,0,0,0,0,0,0,0,0,0,0,0,0,0,0,0,0,0,0,0,0,0,0,0
00-0037247,George Pickens,WR,WR,2025,2,REG,DAL,NYG,0,0,0,0,0,0,0,0,0,0,0,0,0,0,0,5,9,68,1,0,0,0,0,0,0,0,0,0,0,0,0,0,0,12.8,17.8
00-0037248,James Cook,RB,RB,2025,2,REG,BUF,NYJ,0,0,0,0,0,0,0,0,0,21,132,2,1,0,0,1,1,3,0,0,0,0,0,0,0,0,0,0,0,0,0,0,0,25.5,26.5
00-0037249,Nik Bonitto,LB,LB,2025,2,REG,DEN,IND,0,0,0,0,0,0,0,0,0,0,0,0,0,0,0,0,0,0,0,0,0,0,0,0,0,0,0,0,0,0,0,0,0,0,0
00-0037251,Alex Wright,DE,DL,2025,2,REG,CLE,BAL,0,0,0,0,0,0,0,0,0,0,0,0,0,0,0,0,0,0,0,0,0,0,0,0,0,0,0,0,0,0,0,0,0,0,0
00-0037253,Marcus Jones,CB,DB,2025,2,REG,NE,MIA,0,0,0,0,0,0,0,0,0,0,0,0,0,0,0,0,0,0,0,0,0,0,0,0,0,0,0,0,0,0,0,0,0,0,0
00-0037254,Terrel Bernard,LB,LB,2025,2,REG,BUF,NYJ,0,0,0,0,0,0,0,0,0,0,0,0,0,0,0,0,0,0,0,0,0,0,0,0,0,0,0,0,0,0,0,0,0,0,0
00-0037255,Dylan Parham,G,OL,2025,2,REG,LV,LAC,0,0,0,0,0,0,0,0,0,0,0,0,0,0,0,0,0,0,0,0,0,0,0,0,0,0,0,0,0,0,0,0,0,0,0
00-0037256,Rachaad White,RB,RB,2025,2,REG,TB,HOU,0,0,0,0,0,0,0,0,0,10,65,1,0,0,0,2,2,1,0,0,0,0,0,0,0,0,0,0,0,0,0,0,0,12.6,14.6
00-0037261,Khalil Shakir,WR,WR,2025,2,REG,BUF,NYJ,0,0,0,0,0,0,0,0,0,0,0,0,0,0,0,1,2,12,0,0,0,0,0,0,0,0,0,0,0,0,0,0,0,1.2,2.2
00-0037262,Thomas Booker,DT,DL,2025,2,REG,LV,LAC,0,0,0,0,0,0,0,0,0,0,0,0,0,0,0,0,0,0,0,0,0,0,0,0,0,0,0,0,0,0,0,0,0,0,0
00-0037263,Tyler Allgeier,RB,RB,2025,2,REG,ATL,MIN,0,0,0,0,0,0,0,0,0,16,76,1,0,0,0,1,1,4,0,0,0,0,0,0,0,0,0,0,0,0,0,0,0,14,15
00-0037267,Jerome Ford,RB,RB,2025,2,REG,CLE,BAL,0,0,0,0,0,0,0,0,0,6,31,0,0,0,0,5,6,23,0,0,0,0,0,0,0,0,0,0,0,0,0,0,0,5.4,10.4
00-0037268,Zyon McCollum,CB,DB,2025,2,REG,TB,HOU,0,0,0,0,0,0,0,0,0,0,0,0,0,0,0,0,0,0,0,0,0,0,0,0,0,0,0,0,0,0,0,0,0,0,0
00-0037280,Matthew Butler,DT,DL,2025,2,REG,MIA,NE,0,0,0,0,0,0,0,0,0,0,0,0,0,0,0,0,0,0,0,0,0,0,0,0,0,0,0,0,0,0,0,0,0,0,0
00-0037281,Damone Clark,LB,LB,2025,2,REG,DAL,NYG,0,0,0,0,0,0,0,0,0,0,0,0,0,0,0,0,0,0,0,0,0,0,0,0,0,0,0,0,0,0,0,0,0,0,0
00-0037284,Matt Araiza,P,SPEC,2025,2,REG,KC,PHI,0,0,0,0,0,0,0,0,0,0,0,0,0,0,0,0,0,0,0,0,0,0,0,0,0,0,0,0,0,0,0,0,0,0,0
00-0037288,Christian Benford,CB,DB,2025,2,REG,BUF,NYJ,0,0,0,0,0,0,0,0,0,0,0,0,0,0,0,0,0,0,0,0,0,0,0,0,0,0,0,0,0,0,0,0,0,0,0
00-0037291,Jalen Nailor,WR,WR,2025,2,REG,MIN,ATL,0,0,0,0,0,0,0,0,0,0,0,0,0,0,0,3,5,31,0,0,0,0,0,0,0,0,0,0,0,0,0,0,0,3.1,6.1
00-0037292,Andrew Ogletree,TE,TE,2025,2,REG,IND,DEN,0,0,0,0,0,0,0,0,0,0,0,0,0,0,0,0,0,0,0,0,0,0,0,0,0,0,0,0,0,0,0,0,0,0,0
00-0037294,Jordan Jackson,DT,DL,2025,2,REG,DEN,IND,0,0,0,0,0,0,0,0,0,0,0,0,0,0,0,0,0,0,0,0,0,0,0,0,0,0,0,0,0,0,0,0,0,0,0
00-0037301,Theo Jackson,DB,DB,2025,2,REG,MIN,ATL,0,0,0,0,0,0,0,0,0,0,0,0,0,0,0,0,0,0,0,0,0,0,0,0,0,0,0,0,0,0,0,0,0,0,0
00-0037304,Connor Heyward,FB,RB,2025,2,REG,PIT,SEA,0,0,0,0,0,0,0,0,0,0,0,0,0,0,0,1,1,6,0,0,0,0,0,0,0,0,0,0,0,0,0,0,0,0.6,1.6
00-0037306,John FitzPatrick,TE,TE,2025,2,REG,GB,WAS,0,0,0,0,0,0,0,0,0,0,0,0,0,0,0,0,0,0,0,0,0,0,0,0,0,0,0,0,0,0,0,0,0,0,0
00-0037310,James Houston,LB,LB,2025,2,REG,DAL,NYG,0,0,0,0,0,0,0,0,0,0,0,0,0,0,0,0,0,0,0,0,0,0,0,0,0,0,0,0,0,0,0,0,0,0,0
00-0037315,Cameron Goode,LB,LB,2025,2,REG,MIA,NE,0,0,0,0,0,0,0,0,0,0,0,0,0,0,0,0,0,0,0,0,0,0,0,0,0,0,0,0,0,0,0,0,0,0,0
00-0037316,Mark Robinson,LB,LB,2025,2,REG,NE,MIA,0,0,0,0,0,0,0,0,0,0,0,0,0,0,0,0,0,0,0,0,0,0,0,0,0,0,0,0,0,0,0,0,0,0,0
00-0037321,Chase Lucas,CB,DB,2025,2,REG,SF,NO,0,0,0,0,0,0,0,0,0,0,0,0,0,0,0,0,0,0,0,0,0,0,0,0,0,0,0,0,0,0,0,0,0,0,0
00-0037323,Rodney Thomas,SAF,DB,2025,2,REG,IND,DEN,0,0,0,0,0,0,0,0,0,0,0,0,0,0,0,0,0,0,0,0,0,0,0,0,0,0,0,0,0,0,0,0,0,0,0
00-0037332,D'Anthony Bell,SAF,DB,2025,2,REG,SEA,PIT,0,0,0,0,0,0,0,0,0,0,0,0,0,0,0,0,0,0,0,0,0,0,0,0,0,0,0,0,0,0,0,0,0,0,0
00-0037340,Zaire Mitchell-Paden,TE,TE,2025,2,REG,BAL,CLE,0,0,0,0,0,0,0,0,0,0,0,0,0,0,0,0,1,0,0,0,0,0,0,0,0,0,0,0,0,0,0,0,0,0,0
00-0037384,Ja'Quan McMillian,CB,DB,2025,2,REG,DEN,IND,0,0,0,0,0,0,0,0,0,0,0,0,0,0,0,0,0,0,0,0,0,0,0,0,0,0,0,0,0,0,0,0,0,0,0
00-0037457,Jake Hansen,LB,LB,2025,2,REG,HOU,TB,0,0,0,0,0,0,0,0,0,0,0,0,0,0,0,0,0,0,0,0,0,0,0,0,0,0,0,0,0,0,0,0,0,0,0
00-0037493,Mike Brown,SAF,DB,2025,2,REG,TEN,LA,0,0,0,0,0,0,0,0,0,0,0,0,0,0,0,0,0,0,0,0,0,0,0,0,0,0,0,0,0,0,0,0,0,0,0
00-0037500,Ryan Wright,P,SPEC,2025,2,REG,MIN,ATL,0,0,0,0,0,0,0,0,0,0,0,0,0,0,0,0,0,0,0,0,0,0,0,0,0,0,0,0,0,0,0,0,0,0,0
00-0037512,Isaiah Pola-Mao,SAF,DB,2025,2,REG,LV,LAC,0,0,0,0,0,0,0,0,0,0,0,0,0,0,0,0,0,0,0,0,0,0,0,0,0,0,0,0,0,0,0,0,0,0,0
00-0037525,Jordan Mason,RB,RB,2025,2,REG,MIN,ATL,0,0,0,0,0,0,0,0,0,9,30,0,0,0,0,2,3,8,0,0,0,0,0,0,0,0,0,0,0,0,0,0,0,3.8,5.8
00-0037526,Marcelino McCrary-Ball,LB,LB,2025,2,REG,NYJ,BUF,0,0,0,0,0,0,0,0,0,0,0,0,0,0,0,0,0,0,0,0,0,0,0,0,0,0,0,0,0,0,0,0,0,0,0
00-0037527,Segun Olubi,LB,LB,2025,2,REG,IND,DEN,0,0,0,0,0,0,0,0,0,0,0,0,0,0,0,0,0,0,0,0,0,0,0,0,0,0,0,0,0,0,0,0,0,0,0
00-0037542,John Parker Romo,K,SPEC,2025,2,REG,ATL,MIN,0,0,0,0,0,0,0,0,0,0,0,0,0,0,0,0,0,0,0,0,0,0,0,0,5,5,0,0,0,1,1,0,0,0,0
00-0037545,Rashid Shaheed,WR,WR,2025,2,REG,NO,SF,0,0,0,0,0,0,0,0,0,0,0,0,0,0,0,4,5,52,1,0,0,0,0,0,0,0,0,0,0,0,0,0,0,11.2,15.2
00-0037547,Daniel Whelan,P,SPEC,2025,2,REG,GB,WAS,0,0,0,0,0,0,0,0,0,0,0,0,0,0,0,0,0,0,0,0,0,0,0,0,0,0,0,0,0,0,0,0,0,0,0
00-0037549,Darrell Baker Jr.,CB,DB,2025,2,REG,TEN,LA,0,0,0,0,0,0,0,0,0,0,0,0,0,0,0,0,0,0,0,0,0,0,0,0,0,0,0,0,0,0,0,0,0,0,0
00-0037561,Markquese Bell,SAF,DB,2025,2,REG,DAL,NYG,0,0,0,0,0,0,0,0,0,0,0,0,0,0,0,0,0,0,0,0,0,0,0,0,0,0,0,0,0,0,0,0,0,0,0
00-0037578,Juanyeh Thomas,SAF,DB,2025,2,REG,DAL,NYG,0,0,0,0,0,0,0,0,0,0,0,0,0,0,0,0,0,0,0,0,0,0,0,0,0,0,0,0,0,0,0,0,0,0,0
00-0037587,Nate Landman,LB,LB,2025,2,REG,LA,TEN,0,0,0,0,0,0,0,0,0,0,0,0,0,0,0,0,0,0,0,0,0,0,0,0,0,0,0,0,0,0,0,0,0,0,0
00-0037596,Jack Gibbens,LB,LB,2025,2,REG,NE,MIA,0,0,0,0,0,0,0,0,0,0,0,0,0,0,0,0,0,0,0,0,0,0,0,0,0,0,0,0,0,0,0,0,0,0,0
00-0037602,Sam Okuayinonu,DT,DL,2025,2,REG,SF,NO,0,0,0,0,0,0,0,0,0,0,0,0,0,0,0,0,0,0,0,0,0,0,0,0,0,0,0,0,0,0,0,0,0,0,0
00-0037611,Kayvon Thibodeaux,LB,LB,2025,2,REG,NYG,DAL,0,0,0,0,0,0,0,0,0,0,0,0,0,0,0,0,0,0,0,0,0,0,0,0,0,0,0,0,0,0,0,0,0,0,0
00-0037614,John Metchie III,WR,WR,2025,2,REG,PHI,KC,0,0,0,0,0,0,0,0,0,0,0,0,0,0,0,1,1,0,0,0,0,0,0,0,0,0,0,0,0,0,0,0,0,0,1
00-0037616,Nick Cross,SAF,DB,2025,2,REG,IND,DEN,0,0,0,0,0,0,0,0,0,0,0,0,0,0,0,0,0,0,0,0,0,0,0,0,0,0,0,0,0,0,0,0,0,0,0
00-0037617,Hassan Haskins,RB,RB,2025,2,REG,LAC,LV,0,0,0,0,0,0,0,0,0,0,0,0,0,0,0,0,0,0,0,0,0,0,0,0,0,0,0,0,0,0,0,0,0,0,0
00-0037633,Jacob Hummel,LB,LB,2025,2,REG,BAL,CLE,0,0,0,0,0,0,0,0,0,0,0,0,0,0,0,0,0,0,0,0,0,0,0,0,0,0,0,0,0,0,0,0,0,0,0
00-0037661,Ja'Marcus Ingram,CB,DB,2025,2,REG,BUF,NYJ,0,0,0,0,0,0,0,0,0,0,0,0,0,0,0,0,0,0,0,0,0,0,0,0,0,0,0,0,0,0,0,0,0,0,0
00-0037663,Jermaine Johnson II,DE,DL,2025,2,REG,NYJ,BUF,0,0,0,0,0,0,0,0,0,0,0,0,0,0,0,0,0,0,0,0,0,0,0,0,0,0,0,0,0,0,0,0,0,0,0
00-0037664,Alec Pierce,WR,WR,2025,2,REG,IND,DEN,0,0,0,0,0,0,0,0,0,0,0,0,0,0,0,4,5,68,0,0,0,0,0,0,0,0,0,0,0,0,0,0,0,6.8,10.8
00-0037665,Sam Williams,LB,LB,2025,2,REG,DAL,NYG,0,0,0,0,0,0,0,0,0,0,0,0,0,0,0,0,0,0,0,0,0,0,0,0,0,0,0,0,0,0,0,0,0,0,0
00-0037666,Jalen Tolbert,WR,WR,2025,2,REG,DAL,NYG,0,0,0,0,0,0,0,0,0,0,0,0,0,0,0,2,4,16,0,0,0,0,0,0,0,0,0,0,0,0,0,0,0,1.6,3.6
00-0037667,Kerby Joseph,SAF,DB,2025,2,REG,DET,CHI,0,0,0,0,0,0,0,0,0,0,0,0,0,0,0,0,0,0,0,0,0,0,0,0,0,0,0,0,0,0,0,0,0,0,0
00-0037692,Brandon Aubrey,K,SPEC,2025,2,REG,DAL,NYG,0,0,0,0,0,0,0,0,0,0,0,0,0,0,0,0,0,0,0,0,0,0,0,0,4,4,0,1,0,4,4,0,0,0,0
00-0037740,Garrett Wilson,WR,WR,2025,2,REG,NYJ,BUF,0,0,0,0,0,0,0,0,0,0,0,0,0,0,0,4,8,50,0,1,0,0,0,0,0,0,0,0,0,0,0,0,0,5,9
00-0037741,Jahan Dotson,WR,WR,2025,2,REG,PHI,KC,0,0,0,0,0,0,0,0,0,0,0,0,0,0,0,1,1,4,0,0,0,0,0,0,0,0,0,0,0,0,0,0,0,0.4,1.4
00-0037743,Daxton Hill,DB,DB,2025,2,REG,CIN,JAX,0,0,0,0,0,0,0,0,0,0,0,0,0,0,0,0,0,0,0,0,0,0,0,0,0,0,0,0,0,0,0,0,0,0,0
00-0037744,Trey McBride,TE,TE,2025,2,REG,ARI,CAR,0,0,0,0,0,0,0,0,0,0,0,0,0,0,0,6,7,78,0,0,0,0,0,0,0,0,0,0,0,0,0,0,0,7.8,13.8
00-0037746,Brian Robinson,RB,RB,2025,2,REG,SF,NO,0,0,0,0,0,0,0,0,0,6,20,0,0,0,0,1,1,-1,0,0,0,0,0,0,0,0,0,0,0,0,0,0,0,1.9,2.9
00-0037752,Tycen Anderson,SAF,DB,2025,2,REG,CIN,JAX,0,0,0,0,0,0,0,0,0,0,0,0,0,0,0,0,0,0,0,0,0,0,0,0,0,0,0,0,0,0,0,0,0,0,0
00-0037753,Cam Taylor-Britt,CB,DB,2025,2,REG,CIN,JAX,0,0,0,0,0,0,0,0,0,0,0,0,0,0,0,0,0,0,0,0,0,0,0,0,0,0,0,0,0,0,0,0,0,0,0
00-0037756,Travis Jones,DT,DL,2025,2,REG,BAL,CLE,0,0,0,0,0,0,0,0,0,0,0,0,0,0,0,0,0,0,0,0,0,0,0,0,0,0,0,0,0,0,0,0,0,0,0
00-0037757,Bernhard Raimann,OT,OL,2025,2,REG,IND,DEN,0,0,0,0,0,0,0,0,0,0,0,0,0,0,0,0,0,0,0,0,0,0,0,0,0,0,0,0,0,0,0,0,0,0,0
00-0037758,Cordale Flott,CB,DB,2025,2,REG,NYG,DAL,0,0,0,0,0,0,0,0,0,0,0,0,0,0,0,0,0,0,0,0,0,0,0,0,0,0,0,0,0,0,0,0,0,0,0
00-0037799,Dondrea Tillman,LB,LB,2025,2,REG,DEN,IND,0,0,0,0,0,0,0,0,0,0,0,0,0,0,0,0,0,0,0,0,0,0,0,0,0,0,0,0,0,0,0,0,0,0,0
00-0037801,KaVontae Turpin,WR,WR,2025,2,REG,DAL,NYG,0,0,0,0,0,0,0,0,0,2,6,0,0,0,0,4,4,47,1,0,0,0,0,0,0,0,0,0,0,0,0,0,0,11.3,15.3
00-0037805,Jeremy Ruckert,TE,TE,2025,2,REG,NYJ,BUF,0,0,0,0,0,0,0,0,0,0,0,0,0,0,0,1,1,5,1,0,0,0,0,0,0,0,0,0,0,0,0,0,0,6.5,7.5
00-0037808,DeAngelo Malone,LB,LB,2025,2,REG,ATL,MIN,0,0,0,0,0,0,0,0,0,0,0,0,0,0,0,0,0,0,0,0,0,0,0,0,0,0,0,0,0,0,0,0,0,0,0
00-0037809,Chig Okonkwo,TE,TE,2025,2,REG,TEN,LA,0,0,0,0,0,0,0,0,0,0,0,0,0,0,0,4,6,35,0,0,0,0,0,0,0,0,0,0,0,0,0,0,0,3.5,7.5
00-0037811,Chad Muma,LB,LB,2025,2,REG,IND,DEN,0,0,0,0,0,0,0,0,0,0,0,0,0,0,0,0,0,0,0,0,0,0,0,0,0,0,0,0,0,0,0,0,0,0,0
00-0037815,Cameron Thomas,DE,DL,2025,2,REG,CLE,BAL,0,0,0,0,0,0,0,0,0,0,0,0,0,0,0,0,0,0,0,0,0,0,0,0,0,0,0,0,0,0,0,0,0,0,0
00-0037816,Romeo Doubs,WR,WR,2025,2,REG,GB,WAS,0,0,0,0,0,0,0,0,0,0,0,0,0,0,0,3,5,28,1,0,0,0,0,0,0,0,0,0,0,0,0,0,0,8.8,11.8
00-0037819,Leo Chenal,LB,LB,2025,2,REG,KC,PHI,0,0,0,0,0,0,0,0,0,0,0,0,0,0,0,0,0,0,0,0,0,0,0,0,0,0,0,0,0,0,0,0,0,0,0
00-0037823,Christian Harris,LB,LB,2025,2,REG,HOU,TB,0,0,0,0,0,0,0,0,0,0,0,0,0,0,0,0,0,0,0,0,0,0,0,0,0,0,0,0,0,0,0,0,0,0,0
00-0037832,Kalia Davis,DT,DL,2025,2,REG,SF,NO,0,0,0,0,0,0,0,0,0,0,0,0,0,0,0,0,0,0,0,0,0,0,0,0,0,0,0,0,0,0,0,0,0,0,0
00-0037837,Calvin Austin III,WR,WR,2025,2,REG,PIT,SEA,0,0,0,0,0,0,0,0,0,0,0,0,0,0,0,1,4,22,0,0,0,0,0,0,0,0,0,0,0,0,0,0,0,2.2,3.2
00-0037839,Cobie Durant,CB,DB,2025,2,REG,LA,TEN,0,0,0,0,0,0,0,0,0,0,0,0,0,0,0,0,0,0,0,0,0,0,0,0,0,0,0,0,0,0,0,0,0,0,0
00-0037840,Kyren Williams,RB,RB,2025,2,REG,LA,TEN,0,0,0,0,0,0,0,0,0,17,66,0,0,0,0,2,2,14,0,0,0,0,0,0,0,0,0,0,0,0,0,0,0,8,10
00-0037841,Quentin Lake,SAF,DB,2025,2,REG,LA,TEN,0,0,0,0,0,0,0,0,0,0,0,0,0,0,0,0,0,0,0,0,0,0,0,0,0,0,0,0,0,0,0,0,0,0,0
00-0037842,Derion Kendrick,CB,DB,2025,2,REG,SEA,PIT,0,0,0,0,0,0,0,0,0,0,0,0,0,0,0,0,0,0,0,0,0,0,0,0,0,0,0,0,0,0,0,0,0,0,0
00-0038038,Kyle Hamilton,SAF,DB,2025,2,REG,BAL,CLE,0,0,0,0,0,0,0,0,0,0,0,0,0,0,0,0,0,0,0,0,0,0,0,0,0,0,0,0,0,0,0,0,0,0,0
00-0038039,Jack Jones,CB,DB,2025,2,REG,MIA,NE,0,0,0,0,0,0,0,0,0,0,0,0,0,0,0,0,0,0,0,0,0,0,0,0,0,0,0,0,0,0,0,0,0,0,0
00-0038040,Zamir White,RB,RB,2025,2,REG,LV,LAC,0,0,0,0,0,0,0,0,0,2,-2,0,0,0,0,2,3,15,0,0,0,0,0,0,0,0,0,0,0,0,0,0,0,1.3,3.3
00-0038041,Jake Ferguson,TE,TE,2025,2,REG,DAL,NYG,0,0,0,0,0,0,0,0,0,0,0,0,0,0,0,9,12,78,0,0,0,0,0,0,0,0,0,0,0,0,0,0,0,7.8,16.8
00-0038090,Skyy Moore,WR,WR,2025,2,REG,SF,NO,0,0,0,0,0,0,0,0,0,0,0,0,0,0,0,0,0,0,0,0,0,0,0,0,0,0,0,0,0,0,0,0,0,0,0
00-0038094,Jordan Stout,P,SPEC,2025,2,REG,BAL,CLE,0,0,0,0,0,0,0,0,0,0,0,0,0,0,0,0,0,0,0,0,0,0,0,0,0,0,0,0,0,0,0,0,0,0,0
00-0038100,Percy Butler,SAF,DB,2025,2,REG,WAS,GB,0,0,0,0,0,0,0,0,0,0,0,0,0,0,0,0,0,0,0,0,0,0,0,0,0,0,0,0,0,0,0,0,0,0,0
00-0038104,Tyquan Thornton,WR,WR,2025,2,REG,KC,PHI,0,0,0,0,0,0,0,0,0,0,0,0,0,0,0,2,5,59,1,0,0,0,0,0,0,0,0,0,0,0,0,0,0,11.9,13.9
00-0038106,Eyioma Uwazurike,DT,DL,2025,2,REG,DEN,IND,0,0,0,0,0,0,0,0,0,0,0,0,0,0,0,0,0,0,0,0,0,0,0,0,0,0,0,0,0,0,0,0,0,0,0
00-0038107,Micheal Clemons,DE,DL,2025,2,REG,NYJ,BUF,0,0,0,0,0,0,0,0,0,0,0,0,0,0,0,0,0,0,0,0,0,0,0,0,0,0,0,0,0,0,0,0,0,0,0
00-0038112,Cam Jurgens,C,OL,2025,2,REG,PHI,KC,0,0,0,0,0,0,0,0,0,0,0,0,0,0,0,0,0,0,0,0,0,0,0,0,0,0,0,0,0,0,0,0,0,0,0
00-0038115,Daniel Bellinger,TE,TE,2025,2,REG,NYG,DAL,0,0,0,0,0,0,0,0,0,0,0,0,0,0,0,0,0,0,0,0,0,0,0,0,0,0,0,0,0,0,0,0,0,0,0
00-0038116,Arnold Ebiketie,LB,LB,2025,2,REG,ATL,MIN,0,0,0,0,0,0,0,0,0,0,0,0,0,0,0,0,0,0,0,0,0,0,0,0,0,0,0,0,0,0,0,0,0,0,0
00-0038117,Wan'Dale Robinson,WR,WR,2025,2,REG,NYG,DAL,0,0,0,0,0,0,0,0,0,0,0,0,0,0,0,8,10,142,1,0,0,0,0,0,0,0,0,0,0,0,0,0,0,20.2,28.2
00-0038120,Breece Hall,RB,RB,2025,2,REG,NYJ,BUF,0,0,0,0,0,0,0,0,0,10,29,0,0,0,0,2,3,9,0,0,0,0,0,0,0,0,0,0,0,0,0,0,0,3.8,5.8
00-0038121,Alontae Taylor,CB,DB,2025,2,REG,NO,SF,0,0,0,0,0,0,0,0,0,0,0,0,0,0,0,0,0,0,0,0,0,0,0,0,0,0,0,0,0,0,0,0,0,0,0
00-0038123,Dane Belton,SAF,DB,2025,2,REG,NYG,DAL,0,0,0,0,0,0,0,0,0,0,0,0,0,0,0,0,0,0,0,0,0,0,0,0,0,0,0,0,0,0,0,0,0,0,0
00-0038125,Roger McCreary,CB,DB,2025,2,REG,TEN,LA,0,0,0,0,0,0,0,0,0,0,0,0,0,0,0,0,0,0,0,0,0,0,0,0,0,0,0,0,0,0,0,0,0,0,0
00-0038127,Logan Hall,DE,DL,2025,2,REG,TB,HOU,0,0,0,0,0,0,0,0,0,0,0,0,0,0,0,0,0,0,0,0,0,0,0,0,0,0,0,0,0,0,0,0,0,0,0
00-0038129,Cade Otton,TE,TE,2025,2,REG,TB,HOU,0,0,0,0,0,0,0,0,0,0,0,0,0,0,0,3,4,25,0,0,0,0,0,0,0,0,0,0,0,0,0,0,0,2.5,5.5
00-0038133,Boye Mafe,DE,DL,2025,2,REG,SEA,PIT,0,0,0,0,0,0,0,0,0,0,0,0,0,0,0,0,0,0,0,0,0,0,0,0,0,0,0,0,0,0,0,0,0,0,0
00-0038134,Kenneth Walker III,RB,RB,2025,2,REG,SEA,PIT,0,0,0,0,0,0,0,0,0,13,105,1,0,0,0,1,1,13,0,0,0,0,0,0,0,0,0,0,0,0,0,0,0,17.8,18.8
00-0038135,Jaquan Brisker,SAF,DB,2025,2,REG,CHI,DET,0,0,0,0,0,0,0,0,0,0,0,0,0,0,0,0,0,0,0,0,0,0,0,0,0,0,0,0,0,0,0,0,0,0,0
00-0038136,Coby Bryant,CB,DB,2025,2,REG,SEA,PIT,0,0,0,0,0,0,0,0,0,0,0,0,0,0,0,0,0,0,0,0,0,0,0,0,0,0,0,0,0,0,0,0,0,0,0
00-0038359,Xavier Smith,WR,WR,2025,2,REG,LA,TEN,0,0,0,0,0,0,0,0,0,0,0,0,0,0,0,0,0,0,0,0,0,0,0,0,0,0,0,0,0,0,0,0,0,0,0
00-0038381,Kyu Blu Kelly,CB,DB,2025,2,REG,LV,LAC,0,0,0,0,0,0,0,0,0,0,0,0,0,0,0,0,0,0,0,0,0,0,0,0,0,0,0,0,0,0,0,0,0,0,0
00-0038386,Jalen Carter,DT,DL,2025,2,REG,PHI,KC,0,0,0,0,0,0,0,0,0,0,0,0,0,0,0,0,0,0,0,0,0,0,0,0,0,0,0,0,0,0,0,0,0,0,0
00-0038387,Colby Wooden,DE,DL,2025,2,REG,GB,WAS,0,0,0,0,0,0,0,0,0,0,0,0,0,0,0,0,0,0,0,0,0,0,0,0,0,0,0,0,0,0,0,0,0,0,0
00-0038390,Noah Sewell,LB,LB,2025,2,REG,CHI,DET,0,0,0,0,0,0,0,0,0,0,0,0,0,0,0,0,0,0,0,0,0,0,0,0,0,0,0,0,0,0,0,0,0,0,0
00-0038392,Daniel Scott,SAF,DB,2025,2,REG,IND,DEN,0,0,0,0,0,0,0,0,0,0,0,0,0,0,0,0,0,0,0,0,0,0,0,0,0,0,0,0,0,0,0,0,0,0,0
00-0038393,Dontayvion Wicks,WR,WR,2025,2,REG,GB,WAS,0,0,0,0,0,0,0,0,0,0,0,0,0,0,0,4,6,44,0,0,0,0,0,0,0,0,0,0,0,0,0,0,0,4.4,8.4
00-0038398,Karl Brooks,DT,DL,2025,2,REG,GB,WAS,0,0,0,0,0,0,0,0,0,0,0,0,0,0,0,0,0,0,0,0,0,0,0,0,0,0,0,0,0,0,0,0,0,0,0
00-0038408,Carrington Valentine,DB,DB,2025,2,REG,GB,WAS,0,0,0,0,0,0,0,0,0,0,0,0,0,0,0,0,0,0,0,0,0,0,0,0,0,0,0,0,0,0,0,0,0,0,0
00-0038412,Moro Ojomo,DT,DL,2025,2,REG,PHI,KC,0,0,0,0,0,0,0,0,0,0,0,0,0,0,0,0,0,0,0,0,0,0,0,0,0,0,0,0,0,0,0,0,0,0,0
00-0038416,Tyson Bagent,QB,QB,2025,2,REG,CHI,DET,2,3,27,0,0,0,0,0,0,2,7,0,1,0,0,0,0,0,0,0,0,0,0,0,0,0,0,0,0,0,0,0,0,1.78,1.78
00-0038428,Andre Szmyt,K,SPEC,2025,2,REG,CLE,BAL,0,0,0,0,0,0,0,0,0,0,0,0,0,0,0,0,0,0,0,0,0,0,0,0,1,1,0,0,0,2,2,0,0,0,0
00-0038465,Malik Heath,WR,WR,2025,2,REG,GB,WAS,0,0,0,0,0,0,0,0,0,0,0,0,0,0,0,1,1,37,0,0,0,0,0,0,0,0,0,0,0,0,0,0,0,3.7,4.7
00-0038488,Brady Russell,RB,RB,2025,2,REG,SEA,PIT,0,0,0,0,0,0,0,0,0,0,0,0,0,0,0,0,0,0,0,0,0,0,0,0,0,0,0,0,0,0,0,0,0,0,0
00-0038504,Trenton Simpson,LB,LB,2025,2,REG,BAL,CLE,0,0,0,0,0,0,0,0,0,0,0,0,0,0,0,0,0,0,0,0,0,0,0,0,0,0,0,0,0,0,0,0,0,0,0
00-0038505,Tavius Robinson,LB,LB,2025,2,REG,BAL,CLE,0,0,0,0,0,0,0,0,0,0,0,0,0,0,0,0,0,0,0,0,0,0,0,0,0,0,0,0,0,0,0,0,0,0,0
00-0038513,Cam Jones,LB,LB,2025,2,REG,NYJ,BUF,0,0,0,0,0,0,0,0,0,0,0,0,0,0,0,0,0,0,0,0,0,0,0,0,0,0,0,0,0,0,0,0,0,0,0
00-0038519,Nikko Remigio,WR,WR,2025,2,REG,KC,PHI,0,0,0,0,0,0,0,0,0,0,0,0,0,0,0,1,1,21,0,0,0,0,0,0,0,0,0,0,0,0,0,0,0,2.1,3.1
00-0038536,Chandler Zavala,G,OL,2025,2,REG,CAR,ARI,0,0,0,0,0,0,0,0,0,0,0,0,0,0,0,0,0,0,0,0,0,0,0,0,0,0,0,0,0,0,0,0,0,0,0
00-0038540,Paris Johnson Jr.,OT,OL,2025,2,REG,ARI,CAR,0,0,0,0,0,0,0,0,0,0,0,0,0,0,0,0,0,0,0,0,0,0,0,0,0,0,0,0,0,0,0,0,0,0,0
00-0038541,Tyree Wilson,DE,DL,2025,2,REG,LV,LAC,0,0,0,0,0,0,0,0,0,0,0,0,0,0,0,0,0,0,0,0,0,0,0,0,0,0,0,0,0,0,0,0,0,0,0
00-0038542,Bijan Robinson,RB,RB,2025,2,REG,ATL,MIN,0,0,0,0,0,0,0,0,0,22,143,0,0,0,0,3,5,25,0,0,0,0,0,0,0,0,0,0,0,0,0,0,0,16.8,19.8
00-0038543,Jaxon Smith-Njigba,WR,WR,2025,2,REG,SEA,PIT,0,0,0,0,0,0,0,0,0,0,0,0,0,0,0,8,10,103,0,0,0,0,0,0,0,0,0,0,0,0,0,0,0,10.3,18.3
00-0038544,Quentin Johnston,WR,WR,2025,2,REG,LAC,LV,0,0,0,0,0,0,0,0,0,1,-2,0,0,0,0,3,7,71,1,0,0,0,0,0,0,0,0,0,0,0,0,0,0,12.9,15.9
00-0038547,Luke Schoonmaker,TE,TE,2025,2,REG,DAL,NYG,0,0,0,0,0,0,0,0,0,0,0,0,0,0,0,0,2,0,0,0,0,0,0,0,0,0,0,0,0,0,0,0,0,0,0
00-0038549,DJ Turner II,CB,DB,2025,2,REG,CIN,JAX,0,0,0,0,0,0,0,0,0,0,0,0,0,0,0,0,0,0,0,0,0,0,0,0,0,0,0,0,0,0,0,0,0,0,0
00-0038551,Kendre Miller,RB,RB,2025,2,REG,NO,SF,0,0,0,0,0,0,0,0,0,5,8,0,0,0,0,1,1,2,0,0,0,0,0,0,0,0,0,0,0,0,0,0,0,1,2
00-0038552,Riley Moss,CB,DB,2025,2,REG,DEN,IND,0,0,0,0,0,0,0,0,0,0,0,0,0,0,0,0,0,0,0,0,0,0,0,0,0,0,0,0,0,0,0,0,0,0,0
00-0038553,Daiyan Henley,LB,LB,2025,2,REG,LAC,LV,0,0,0,0,0,0,0,0,0,0,0,0,0,0,0,0,0,0,0,0,0,0,0,0,0,0,0,0,0,0,0,0,0,0,0
00-0038554,Ji'Ayir Brown,SAF,DB,2025,2,REG,SF,NO,0,0,0,0,0,0,0,0,0,0,0,0,0,0,0,0,0,0,0,0,0,0,0,0,0,0,0,0,0,0,0,0,0,0,0
00-0038557,Dorian Williams,LB,LB,2025,2,REG,BUF,NYJ,0,0,0,0,0,0,0,0,0,0,0,0,0,0,0,0,0,0,0,0,0,0,0,0,0,0,0,0,0,0,0,0,0,0,0
00-0038558,Darnell Washington,TE,TE,2025,2,REG,PIT,SEA,0,0,0,0,0,0,0,0,0,0,0,0,0,0,0,0,1,0,0,0,0,1,0,0,0,0,0,0,0,0,0,0,0,2,2
00-0038559,Michael Wilson,WR,WR,2025,2,REG,ARI,CAR,0,0,0,0,0,0,0,0,0,0,0,0,0,0,0,1,2,11,1,0,0,0,0,0,0,0,0,0,0,0,0,0,0,7.1,8.1
00-0038560,Jordan Battle,SAF,DB,2025,2,REG,CIN,JAX,0,0,0,0,0,0,0,0,0,0,0,0,0,0,0,0,0,0,0,0,0,0,0,0,0,0,0,0,0,0,0,0,0,0,0
00-0038563,Tre Tucker,WR,WR,2025,2,REG,LV,LAC,0,0,0,0,0,0,0,0,0,1,7,0,0,0,0,3,8,12,0,0,0,0,0,0,0,0,0,0,0,0,0,0,0,1.9,4.9
00-0038565,Mekhi Blackmon,DB,DB,2025,2,REG,IND,DEN,0,0,0,0,0,0,0,0,0,0,0,0,0,0,0,0,0,0,0,0,0,0,0,0,0,0,0,0,0,0,0,0,0,0,0
00-0038567,Chad Ryland,K,SPEC,2025,2,REG,ARI,CAR,0,0,0,0,0,0,0,0,0,0,0,0,0,0,0,0,0,0,0,0,0,0,0,0,2,2,0,0,0,3,3,0,0,0,0
00-0038570,Ventrell Miller,LB,LB,2025,2,REG,JAX,CIN,0,0,0,0,0,0,0,0,0,0,0,0,0,0,0,0,0,0,0,0,0,0,0,0,0,0,0,0,0,0,0,0,0,0,0
00-0038573,Derius Davis,WR,WR,2025,2,REG,LAC,LV,0,0,0,0,0,0,0,0,0,0,0,0,0,0,0,0,0,0,0,0,0,0,0,0,0,0,0,0,0,0,0,0,0,0,0
00-0038574,Isaiah McGuire,DE,DL,2025,2,REG,CLE,BAL,0,0,0,0,0,0,0,0,0,0,0,0,0,0,0,0,0,0,0,0,0,0,0,0,0,0,0,0,0,0,0,0,0,0,0
00-0038576,Charlie Jones,WR,WR,2025,2,REG,CIN,JAX,0,0,0,0,0,0,0,0,0,0,0,0,0,0,0,0,0,0,0,0,0,0,0,0,0,0,0,0,0,0,0,0,0,0,0
00-0038577,Nick Herbig,LB,LB,2025,2,REG,PIT,SEA,0,0,0,0,0,0,0,0,0,0,0,0,0,0,0,0,0,0,0,0,0,0,0,0,0,0,0,0,0,0,0,0,0,0,0
00-0038578,Jay Ward,SAF,DB,2025,2,REG,MIN,ATL,0,0,0,0,0,0,0,0,0,0,0,0,0,0,0,0,0,0,0,0,0,0,0,0,0,0,0,0,0,0,0,0,0,0,0
00-0038580,Yasir Abdullah,LB,LB,2025,2,REG,JAX,CIN,0,0,0,0,0,0,0,0,0,0,0,0,0,0,0,0,0,0,0,0,0,0,0,0,0,0,0,0,0,0,0,0,0,0,0
00-0038585,Cameron Mitchell,DB,DB,2025,2,REG,CLE,BAL,0,0,0,0,0,0,0,0,0,0,0,0,0,0,0,0,0,0,0,0,0,0,0,0,0,0,0,0,0,0,0,0,0,0,0
00-0038591,Mike Morris,DE,DL,2025,2,REG,SEA,PIT,0,0,0,0,0,0,0,0,0,0,0,0,0,0,0,0,0,0,0,0,0,0,0,0,0,0,0,0,0,0,0,0,0,0,0
00-0038594,Darrell Luter Jr.,CB,DB,2025,2,REG,SF,NO,0,0,0,0,0,0,0,0,0,0,0,0,0,0,0,0,0,0,0,0,0,0,0,0,0,0,0,0,0,0,0,0,0,0,0
00-0038596,Antonio Johnson,SAF,DB,2025,2,REG,JAX,CIN,0,0,0,0,0,0,0,0,0,0,0,0,0,0,0,0,0,0,0,0,0,0,0,0,0,0,0,0,0,0,0,0,0,0,0
00-0038597,Chase Brown,RB,RB,2025,2,REG,CIN,JAX,0,0,0,0,0,0,0,0,0,16,47,0,0,0,0,2,3,18,0,0,0,0,0,0,0,0,0,0,0,0,0,0,0,6.5,8.5
00-0038599,Henry To'oTo'o,LB,LB,2025,2,REG,HOU,TB,0,0,0,0,0,0,0,0,0,0,0,0,0,0,0,0,0,0,0,0,0,0,0,0,0,0,0,0,0,0,0,0,0,0,0
00-0038600,Owen Pappoe,LB,LB,2025,2,REG,ARI,CAR,0,0,0,0,0,0,0,0,0,0,0,0,0,0,0,0,0,0,0,0,0,0,0,0,0,0,0,0,0,0,0,0,0,0,0
00-0038602,Chris Smith II,S,DB,2025,2,REG,LV,LAC,0,0,0,0,0,0,0,0,0,0,0,0,0,0,0,0,0,0,0,0,0,0,0,0,0,0,0,0,0,0,0,0,0,0,0
00-0038605,JL Skinner,SAF,DB,2025,2,REG,DEN,IND,0,0,0,0,0,0,0,0,0,0,0,0,0,0,0,0,0,0,0,0,0,0,0,0,0,0,0,0,0,0,0,0,0,0,0
00-0038606,Parker Washington,WR,WR,2025,2,REG,JAX,CIN,0,0,0,0,0,0,0,0,0,0,0,0,0,0,0,5,5,76,0,0,0,0,0,0,0,0,0,0,0,0,0,0,0,7.6,12.6
00-0038608,Kayshon Boutte,WR,WR,2025,2,REG,NE,MIA,0,0,0,0,0,0,0,0,0,0,0,0,0,0,0,1,1,16,1,0,0,0,0,0,0,0,0,0,0,0,0,0,0,7.6,8.6
00-0038610,Bryce Baringer,P,SPEC,2025,2,REG,NE,MIA,0,0,0,0,0,0,0,0,0,0,0,0,0,0,0,0,0,0,0,0,0,0,0,0,0,0,0,0,0,0,0,0,0,0,0
00-0038618,Xavier Hutchinson,WR,WR,2025,2,REG,HOU,TB,0,0,0,0,0,0,0,0,0,0,0,0,0,0,0,2,3,29,0,0,0,0,0,0,0,0,0,0,0,0,0,0,0,2.9,4.9
00-0038619,Andrei Iosivas,WR,WR,2025,2,REG,CIN,JAX,0,0,0,0,0,0,0,0,0,0,0,0,0,0,0,1,5,12,0,0,0,0,0,0,0,0,0,0,0,0,0,0,0,1.2,2.2
00-0038621,DeMario Douglas,WR,WR,2025,2,REG,NE,MIA,0,0,0,0,0,0,0,0,0,0,0,0,0,0,0,1,1,8,0,0,0,0,0,0,0,0,0,0,0,0,0,0,0,0.8,1.8
00-0038623,Dante Stills,DT,DL,2025,2,REG,ARI,CAR,0,0,0,0,0,0,0,0,0,0,0,0,0,0,0,0,0,0,0,0,0,0,0,0,0,0,0,0,0,0,0,0,0,0,0
00-0038625,Dee Winters,LB,LB,2025,2,REG,SF,NO,0,0,0,0,0,0,0,0,0,0,0,0,0,0,0,0,0,0,0,0,0,0,0,0,0,0,0,0,0,0,0,0,0,0,0
00-0038628,DeMarcco Hellams,SAF,DB,2025,2,REG,ATL,MIN,0,0,0,0,0,0,0,0,0,0,0,0,0,0,0,0,0,0,0,0,0,0,0,0,0,0,0,0,0,0,0,0,0,0,0
00-0038643,Brayden Willis,TE,TE,2025,2,REG,SF,NO,0,0,0,0,0,0,0,0,0,0,0,0,0,0,0,0,1,0,0,0,0,0,0,0,0,0,0,0,0,0,0,0,0,0,0
00-0038646,Alex Austin,CB,DB,2025,2,REG,NE,MIA,0,0,0,0,0,0,0,0,0,0,0,0,0,0,0,0,0,0,0,0,0,0,0,0,0,0,0,0,0,0,0,0,0,0,0
00-0038653,Cory Durden,DT,DL,2025,2,REG,NE,MIA,0,0,0,0,0,0,0,0,0,0,0,0,0,0,0,0,0,0,0,0,0,0,0,0,0,0,0,0,0,0,0,0,0,0,0
00-0038678,Jordan Mims,RB,RB,2025,2,REG,TEN,LA,0,0,0,0,0,0,0,0,0,0,0,0,0,0,0,0,0,0,0,0,0,0,0,0,0,0,0,0,0,0,0,0,0,0,0
00-0038679,Tyrell Shavers,WR,WR,2025,2,REG,BUF,NYJ,0,0,0,0,0,0,0,0,0,0,0,0,0,0,0,0,2,0,0,0,0,0,0,0,0,0,0,0,0,0,0,0,0,0,0
00-0038685,Chris Brooks,RB,RB,2025,2,REG,GB,WAS,0,0,0,0,0,0,0,0,0,0,0,0,0,0,0,3,4,27,0,0,0,0,0,0,0,0,0,0,0,0,0,0,0,2.7,5.7
00-0038711,Mohamoud Diabate,LB,LB,2025,2,REG,CLE,BAL,0,0,0,0,0,0,0,0,0,0,0,0,0,0,0,0,0,0,0,0,0,0,0,0,0,0,0,0,0,0,0,0,0,0,0
00-0038715,Ronnie Hickman Jr.,SAF,DB,2025,2,REG,CLE,BAL,0,0,0,0,0,0,0,0,0,0,0,0,0,0,0,0,0,0,0,0,0,0,0,0,0,0,0,0,0,0,0,0,0,0,0
00-0038738,Hunter Luepke,RB,RB,2025,2,REG,DAL,NYG,0,0,0,0,0,0,0,0,0,0,0,0,0,0,0,0,0,0,0,0,0,0,0,0,0,0,0,0,0,0,0,0,0,0,0
00-0038765,Ty Okada,SAF,DB,2025,2,REG,SEA,PIT,0,0,0,0,0,0,0,0,0,0,0,0,0,0,0,0,0,0,0,0,0,0,0,0,0,0,0,0,0,0,0,0,0,0,0
00-0038778,Jalen Redmond,DL,DL,2025,2,REG,MIN,ATL,0,0,0,0,0,0,0,0,0,0,0,0,0,0,0,0,0,0,0,0,0,0,0,0,0,0,0,0,0,0,0,0,0,0,0
00-0038788,Art Green,CB,DB,2025,2,REG,NYG,DAL,0,0,0,0,0,0,0,0,0,0,0,0,0,0,0,0,0,0,0,0,0,0,0,0,0,0,0,0,0,0,0,0,0,0,0
00-0038791,Thomas Incoom,LB,LB,2025,2,REG,CAR,ARI,0,0,0,0,0,0,0,0,0,0,0,0,0,0,0,0,0,0,0,0,0,0,0,0,0,0,0,0,0,0,0,0,0,0,0
00-0038795,PJ Mustipher,DT,DL,2025,2,REG,ARI,CAR,0,0,0,0,0,0,0,0,0,0,0,0,0,0,0,0,0,0,0,0,0,0,0,0,0,0,0,0,0,0,0,0,0,0,0
00-0038797,Emanuel Wilson,RB,RB,2025,2,REG,GB,WAS,0,0,0,0,0,0,0,0,0,0,0,0,0,0,0,0,0,0,0,0,0,0,0,0,0,0,0,0,0,0,0,0,0,0,0
00-0038807,Ivan Pace Jr.,LB,LB,2025,2,REG,MIN,ATL,0,0,0,0,0,0,0,0,0,0,0,0,0,0,0,0,0,0,0,0,0,0,0,0,0,0,0,0,0,0,0,0,0,0,0
00-0038820,Christian Izien,SAF,DB,2025,2,REG,TB,HOU,0,0,0,0,0,0,0,0,0,0,0,0,0,0,0,0,0,0,0,0,0,0,0,0,0,0,0,0,0,0,0,0,0,0,0
00-0038823,Kaevon Merriweather,SAF,DB,2025,2,REG,TB,HOU,0,0,0,0,0,0,0,0,0,0,0,0,0,0,0,0,0,0,0,0,0,0,0,0,0,0,0,0,0,0,0,0,0,0,0
00-0038824,Ryan Miller,WR,WR,2025,2,REG,TB,HOU,0,0,0,0,0,0,0,0,0,0,0,0,0,0,0,1,1,20,1,0,0,0,0,0,0,0,0,0,0,0,0,0,0,8,9
00-0038839,Mitchell Tinsley,WR,WR,2025,2,REG,CIN,JAX,0,0,0,0,0,0,0,0,0,0,0,0,0,0,0,1,1,13,1,0,0,0,0,0,0,0,0,0,0,0,0,0,0,7.3,8.3
00-0038840,Brycen Tremayne,WR,WR,2025,2,REG,CAR,ARI,0,0,0,0,0,0,0,0,0,0,0,0,0,0,0,3,5,48,0,0,0,0,0,0,0,0,0,0,0,0,0,0,0,4.8,7.8
00-0038851,Caleb Murphy,LB,LB,2025,2,REG,LAC,LV,0,0,0,0,0,0,0,0,0,0,0,0,0,0,0,0,0,0,0,0,0,0,0,0,0,0,0,0,0,0,0,0,0,0,0
00-0038852,John Ojukwu,OT,OL,2025,2,REG,TEN,LA,0,0,0,0,0,0,0,0,0,0,0,0,0,0,0,0,0,0,0,0,0,0,0,0,0,0,0,0,0,0,0,0,0,0,0
00-0038890,Shaka Heyward,LB,LB,2025,2,REG,CIN,JAX,0,0,0,0,0,0,0,0,0,0,0,0,0,0,0,0,0,0,0,0,0,0,0,0,0,0,0,0,0,0,0,0,0,0,0
00-0038896,Jacob Saylors,RB,RB,2025,2,REG,DET,CHI,0,0,0,0,0,0,0,0,0,0,0,0,0,0,0,0,0,0,0,0,0,0,0,0,0,0,0,0,0,0,0,0,0,0,0
00-0038905,Blake Grupe,K,SPEC,2025,2,REG,NO,SF,0,0,0,0,0,0,0,0,0,0,0,0,0,0,0,0,0,0,0,0,0,0,0,0,0,1,1,0,0,3,3,0,0,0,0
00-0038932,Darnell Wright,OT,OL,2025,2,REG,CHI,DET,0,0,0,0,0,0,0,0,0,0,0,0,0,0,0,0,0,0,0,0,0,0,0,0,0,0,0,0,0,0,0,0,0,0,0
00-0038933,Dalton Kincaid,TE,TE,2025,2,REG,BUF,NYJ,0,0,0,0,0,0,0,0,0,0,0,0,0,0,0,4,6,37,0,0,0,0,0,0,0,0,0,0,0,0,0,0,0,3.7,7.7
00-0038935,Brenton Strange,TE,TE,2025,2,REG,JAX,CIN,0,0,0,0,0,0,0,0,0,0,0,0,0,0,0,3,5,17,0,0,0,0,0,0,0,0,0,0,0,0,0,0,0,1.7,4.7
00-0038951,Sean Tucker,RB,RB,2025,2,REG,TB,HOU,0,0,0,0,0,0,0,0,0,0,0,0,0,0,0,0,0,0,0,0,0,0,0,0,0,0,0,0,0,0,0,0,0,0,0
00-0038966,Natrone Brooks,DB,DB,2025,2,REG,ATL,MIN,0,0,0,0,0,0,0,0,0,0,0,0,0,0,0,0,0,0,0,0,0,0,0,0,0,0,0,0,0,0,0,0,0,0,0
00-0038976,Marvin Mims Jr.,WR,WR,2025,2,REG,DEN,IND,0,0,0,0,0,0,0,0,0,0,0,0,0,0,0,2,2,24,1,0,0,0,0,0,0,0,0,0,0,0,0,0,0,8.4,10.4
00-0038978,Byron Young,DT,DL,2025,2,REG,PHI,KC,0,0,0,0,0,0,0,0,0,0,0,0,0,0,0,0,0,0,0,0,0,0,0,0,0,0,0,0,0,0,0,0,0,0,0
00-0038979,Cedric Tillman,WR,WR,2025,2,REG,CLE,BAL,0,0,0,0,0,0,0,0,0,0,0,0,0,0,0,2,7,22,1,0,0,0,0,0,0,0,0,0,0,0,0,0,0,8.2,10.2
00-0038980,Zach Harrison,DE,DL,2025,2,REG,ATL,MIN,0,0,0,0,0,0,0,0,0,0,0,0,0,0,0,0,0,0,0,0,0,0,0,0,0,0,0,0,0,0,0,0,0,0,0
00-0038982,Chamarri Conner,DB,DB,2025,2,REG,KC,PHI,0,0,0,0,0,0,0,0,0,0,0,0,0,0,0,0,0,0,0,0,0,0,0,0,0,0,0,0,0,0,0,0,0,0,0
00-0038984,Kei'Trel Clark,CB,DB,2025,2,REG,ARI,CAR,0,0,0,0,0,0,0,0,0,0,0,0,0,0,0,0,0,0,0,0,0,0,0,0,0,0,0,0,0,0,0,0,0,0,0
00-0038995,Bryan Bresee,DT,DL,2025,2,REG,NO,SF,0,0,0,0,0,0,0,0,0,0,0,0,0,0,0,0,0,0,0,0,0,0,0,0,0,0,0,0,0,0,0,0,0,0,0
00-0038996,Tucker Kraft,TE,TE,2025,2,REG,GB,WAS,0,0,0,0,0,0,0,0,0,0,0,0,0,0,0,6,7,124,1,0,0,0,0,0,0,0,0,0,0,0,0,0,0,18.4,24.4
00-0038997,Josh Downs,WR,WR,2025,2,REG,IND,DEN,0,0,0,0,0,0,0,0,0,0,0,0,0,0,0,6,8,51,0,0,0,0,0,0,0,0,0,0,0,0,0,0,0,5.1,11.1
00-0039000,Deonte Banks,CB,DB,2025,2,REG,NYG,DAL,0,0,0,0,0,0,0,0,0,0,0,0,0,0,0,0,0,0,0,0,0,0,0,0,0,0,0,0,0,0,0,0,0,0,0
00-0039002,Sydney Brown,SAF,DB,2025,2,REG,PHI,KC,0,0,0,0,0,0,0,0,0,0,0,0,0,0,0,0,0,0,0,0,0,0,0,0,0,0,0,0,0,0,0,0,0,0,0
00-0039007,Garrett Williams,CB,DB,2025,2,REG,ARI,CAR,0,0,0,0,0,0,0,0,0,0,0,0,0,0,0,0,0,0,0,0,0,0,0,0,0,0,0,0,0,0,0,0,0,0,0
00-0039009,Dylan Horton,DE,DL,2025,2,REG,HOU,TB,0,0,0,0,0,0,0,0,0,0,0,0,0,0,0,0,0,0,0,0,0,0,0,0,0,0,0,0,0,0,0,0,0,0,0
00-0039013,Nolan Smith,LB,LB,2025,2,REG,PHI,KC,0,0,0,0,0,0,0,0,0,0,0,0,0,0,0,0,0,0,0,0,0,0,0,0,0,0,0,0,0,0,0,0,0,0,0
00-0039014,Dawand Jones,OT,OL,2025,2,REG,CLE,BAL,0,0,0,0,0,0,0,0,0,0,0,0,0,0,0,0,0,0,0,0,0,0,0,0,0,0,0,0,0,0,0,0,0,0,0
00-0039018,Jack Campbell,LB,LB,2025,2,REG,DET,CHI,0,0,0,0,0,0,0,0,0,0,0,0,0,0,0,0,0,0,0,0,0,0,0,0,0,0,0,0,0,0,0,0,0,0,0
00-0039021,Roschon Johnson,RB,RB,2025,2,REG,CHI,DET,0,0,0,0,0,0,0,0,0,0,0,0,0,0,0,0,0,0,0,0,0,0,0,0,0,0,0,0,0,0,0,0,0,0,0
00-0039031,Adetomiwa Adebawore,DT,DL,2025,2,REG,IND,DEN,0,0,0,0,0,0,0,0,0,0,0,0,0,0,0,0,0,0,0,0,0,0,0,0,0,0,0,0,0,0,0,0,0,0,0
00-0039040,De'Von Achane,RB,RB,2025,2,REG,MIA,NE,0,0,0,0,0,0,0,0,0,11,30,0,0,0,0,8,10,92,1,0,0,0,0,0,0,0,0,0,0,0,0,0,0,18.2,26.2
00-0039041,Elijah Higgins,TE,TE,2025,2,REG,ARI,CAR,0,0,0,0,0,0,0,0,0,0,0,0,0,0,0,2,3,45,0,0,0,0,0,0,0,0,0,0,0,0,0,0,0,4.5,6.5
00-0039047,Derick Hall,LB,LB,2025,2,REG,SEA,PIT,0,0,0,0,0,0,0,0,0,0,0,0,0,0,0,0,0,0,0,0,0,0,0,0,0,0,0,0,0,0,0,0,0,0,0
00-0039049,SirVocea Dennis,LB,LB,2025,2,REG,TB,HOU,0,0,0,0,0,0,0,0,0,0,0,0,0,0,0,0,0,0,0,0,0,0,0,0,0,0,0,0,0,0,0,0,0,0,0
00-0039050,Payne Durham,TE,TE,2025,2,REG,TB,HOU,0,0,0,0,0,0,0,0,0,0,0,0,0,0,0,0,1,0,0,0,0,0,0,0,0,0,0,0,0,0,0,0,0,0,0
00-0039051,Josh Hayes,DB,DB,2025,2,REG,TB,HOU,0,0,0,0,0,0,0,0,0,0,0,0,0,0,0,0,0,0,0,0,0,0,0,0,0,0,0,0,0,0,0,0,0,0,0
00-0039054,Marte Mapu,LB,LB,2025,2,REG,NE,MIA,0,0,0,0,0,0,0,0,0,0,0,0,0,0,0,0,0,0,0,0,0,0,0,0,0,0,0,0,0,0,0,0,0,0,0
00-0039059,Ethan Evans,P,SPEC,2025,2,REG,LA,TEN,0,0,0,0,0,0,0,0,0,0,0,0,0,0,0,0,0,0,0,0,0,0,0,0,0,0,0,0,0,0,0,0,0,0,0
00-0039063,Calijah Kancey,DT,DL,2025,2,REG,TB,HOU,0,0,0,0,0,0,0,0,0,0,0,0,0,0,0,0,0,0,0,0,0,0,0,0,0,0,0,0,0,0,0,0,0,0,0
00-0039064,Zay Flowers,WR,WR,2025,2,REG,BAL,CLE,0,0,0,0,0,0,0,0,0,1,4,0,0,0,0,7,11,75,0,0,0,0,0,0,0,0,0,0,0,0,0,0,0,7.9,14.9
00-0039065,Sam LaPorta,TE,TE,2025,2,REG,DET,CHI,0,0,0,0,0,0,0,0,0,0,0,0,0,0,0,3,4,26,0,0,0,0,0,0,0,0,0,0,0,0,0,0,0,2.6,5.6
00-0039066,Michael Mayer,TE,TE,2025,2,REG,LV,LAC,0,0,0,0,0,0,0,0,0,0,0,0,0,0,0,2,2,9,0,0,0,0,0,0,0,0,0,0,0,0,0,0,0,0.9,2.9
00-0039068,Yaya Diaby,LB,LB,2025,2,REG,TB,HOU,0,0,0,0,0,0,0,0,0,0,0,0,0,0,0,0,0,0,0,0,0,0,0,0,0,0,0,0,0,0,0,0,0,0,0
00-0039070,Gervon Dexter Sr.,DT,DL,2025,2,REG,CHI,DET,0,0,0,0,0,0,0,0,0,0,0,0,0,0,0,0,0,0,0,0,0,0,0,0,0,0,0,0,0,0,0,0,0,0,0
00-0039071,Tyrique Stevenson,CB,DB,2025,2,REG,CHI,DET,0,0,0,0,0,0,0,0,0,0,0,0,0,0,0,0,0,0,0,0,0,0,0,0,0,0,0,0,0,0,0,0,0,0,0
00-0039074,Davis Allen,TE,TE,2025,2,REG,LA,TEN,0,0,0,0,0,0,0,0,0,0,0,0,0,0,0,1,1,8,1,0,0,0,0,0,0,0,0,0,0,0,0,0,0,6.8,7.8
00-0039075,Puka Nacua,WR,WR,2025,2,REG,LA,TEN,0,0,0,0,0,0,0,0,0,1,45,1,0,0,0,8,9,91,0,0,0,0,0,0,0,0,0,0,0,0,0,0,0,19.6,27.6
00-0039108,Will Anderson Jr.,DE,DL,2025,2,REG,HOU,TB,0,0,0,0,0,0,0,0,0,0,0,0,0,0,0,0,0,0,0,0,0,0,0,0,0,0,0,0,0,0,0,0,0,0,0
00-0039110,Keeanu Benton,DT,DL,2025,2,REG,PIT,SEA,0,0,0,0,0,0,0,0,0,0,0,0,0,0,0,0,0,0,0,0,0,0,0,0,0,0,0,0,0,0,0,0,0,0,0
00-0039111,Tuli Tuipulotu,LB,LB,2025,2,REG,LAC,LV,0,0,0,0,0,0,0,0,0,0,0,0,0,0,0,0,0,0,0,0,0,0,0,0,0,0,0,0,0,0,0,0,0,0,0
00-0039112,Lukas Van Ness,LB,LB,2025,2,REG,GB,WAS,0,0,0,0,0,0,0,0,0,0,0,0,0,0,0,0,0,0,0,0,0,0,0,0,0,0,0,0,0,0,0,0,0,0,0
00-0039137,Byron Young,LB,LB,2025,2,REG,LA,TEN,0,0,0,0,0,0,0,0,0,0,0,0,0,0,0,0,0,0,0,0,0,0,0,0,0,0,0,0,0,0,0,0,0,0,0
00-0039138,Kobie Turner,DE,DL,2025,2,REG,LA,TEN,0,0,0,0,0,0,0,0,0,0,0,0,0,0,0,0,0,0,0,0,0,0,0,0,0,0,0,0,0,0,0,0,0,0,0
00-0039139,Jahmyr Gibbs,RB,RB,2025,2,REG,DET,CHI,0,0,0,0,0,0,0,0,0,12,94,1,0,0,0,3,3,10,0,0,0,0,0,0,0,0,0,0,0,0,0,0,0,16.4,19.4
00-0039140,Kelee Ringo,CB,DB,2025,2,REG,PHI,KC,0,0,0,0,0,0,0,0,0,0,0,0,0,0,0,0,0,0,0,0,0,0,0,0,0,0,0,0,0,0,0,0,0,0,0
00-0039141,Brian Branch,CB,DB,2025,2,REG,DET,CHI,0,0,0,0,0,0,0,0,0,0,0,0,0,0,0,0,0,0,0,0,0,0,0,0,0,0,0,0,0,0,0,0,0,0,0
00-0039144,Luke Musgrave,TE,TE,2025,2,REG,GB,WAS,0,0,0,0,0,0,0,0,0,0,0,0,0,0,0,2,2,32,0,0,0,0,0,0,0,0,0,0,0,0,0,0,0,3.2,5.2
00-0039145,Joe Tippmann,C,OL,2025,2,REG,NYJ,BUF,0,0,0,0,0,0,0,0,0,0,0,0,0,0,0,0,0,0,0,0,0,0,0,0,0,0,0,0,0,0,0,0,0,0,0
00-0039149,Quan Martin,SAF,DB,2025,2,REG,WAS,GB,0,0,0,0,0,0,0,0,0,0,0,0,0,0,0,0,0,0,0,0,0,0,0,0,0,0,0,0,0,0,0,0,0,0,0
00-0039150,Bryce Young,QB,QB,2025,2,REG,CAR,ARI,35,55,328,3,1,3,1,1,0,2,2,0,0,0,0,0,0,0,0,0,0,0,0,1,0,0,0,0,0,0,0,0,0,21.32,21.32
00-0039151,Emmanuel Forbes,CB,DB,2025,2,REG,LA,TEN,0,0,0,0,0,0,0,0,0,0,0,0,0,0,0,0,0,0,0,0,0,0,0,0,0,0,0,0,0,0,0,0,0,0,0
00-0039157,Cody Mauch,G,OL,2025,2,REG,TB,HOU,0,0,0,0,0,0,0,0,0,0,0,0,0,0,0,0,0,0,0,0,0,0,0,0,0,0,0,0,0,0,0,0,0,0,0
00-0039163,C.J. Stroud,QB,QB,2025,2,REG,HOU,TB,13,24,207,1,0,3,0,0,0,4,27,0,0,0,0,0,0,0,0,0,0,0,0,0,0,0,0,0,0,0,0,0,0,14.98,14.98
00-0039165,Zach Charbonnet,RB,RB,2025,2,REG,SEA,PIT,0,0,0,0,0,0,0,0,0,15,10,0,0,0,0,0,0,0,0,0,0,0,0,0,0,0,0,0,0,0,0,0,0,1,1
00-0039172,Jake Bates,K,SPEC,2025,2,REG,DET,CHI,0,0,0,0,0,0,0,0,0,0,0,0,0,0,0,0,0,0,0,0,0,0,0,0,1,2,1,0,0,7,7,0,0,0,0
00-0039232,Nate Wiggins,CB,DB,2025,2,REG,BAL,CLE,0,0,0,0,0,0,0,0,0,0,0,0,0,0,0,0,0,0,0,0,0,0,0,0,0,0,0,0,0,0,0,0,0,0,0
00-0039234,T.J. Tampa,CB,DB,2025,2,REG,BAL,CLE,0,0,0,0,0,0,0,0,0,0,0,0,0,0,0,0,0,0,0,0,0,0,0,0,0,0,0,0,0,0,0,0,0,0,0
00-0039235,Sanoussi Kane,SAF,DB,2025,2,REG,BAL,CLE,0,0,0,0,0,0,0,0,0,0,0,0,0,0,0,0,0,0,0,0,0,0,0,0,0,0,0,0,0,0,0,0,0,0,0
00-0039241,Beau Brade,SAF,DB,2025,2,REG,NYG,DAL,0,0,0,0,0,0,0,0,0,0,0,0,0,0,0,0,0,0,0,0,0,0,0,0,0,0,0,0,0,0,0,0,0,0,0
00-0039284,Braiden McGregor,DE,DL,2025,2,REG,NYJ,BUF,0,0,0,0,0,0,0,0,0,0,0,0,0,0,0,0,0,0,0,0,0,0,0,0,0,0,0,0,0,0,0,0,0,0,0
00-0039289,Leonard Taylor III,DT,DL,2025,2,REG,NYJ,BUF,0,0,0,0,0,0,0,0,0,0,0,0,0,0,0,0,0,0,0,0,0,0,0,0,0,0,0,0,0,0,0,0,0,0,0
00-0039299,George Holani,RB,RB,2025,2,REG,SEA,PIT,0,0,0,0,0,0,0,0,0,0,0,0,0,0,0,0,0,0,0,0,0,0,1,0,0,0,0,0,0,0,0,0,0,6,6
00-0039309,Byron Murphy II,DT,DL,2025,2,REG,SEA,PIT,0,0,0,0,0,0,0,0,0,0,0,0,0,0,0,0,0,0,0,0,0,0,0,0,0,0,0,0,0,0,0,0,0,0,0
00-0039313,Swayze Bozeman,LB,LB,2025,2,REG,NYG,DAL,0,0,0,0,0,0,0,0,0,0,0,0,0,0,0,0,0,0,0,0,0,0,0,0,0,0,0,0,0,0,0,0,0,0,0
00-0039323,Ryan Rehkow,P,SPEC,2025,2,REG,CIN,JAX,0,0,0,0,0,0,0,0,0,0,0,0,0,0,0,0,0,0,0,0,0,0,0,0,0,0,0,0,0,0,0,0,0,0,0
00-0039332,C.J. Ravenell,DE,DL,2025,2,REG,TEN,LA,0,0,0,0,0,0,0,0,0,0,0,0,0,0,0,0,0,0,0,0,0,0,0,0,0,0,0,0,0,0,0,0,0,0,0
00-0039333,Brandon Codrington,CB,DB,2025,2,REG,BUF,NYJ,0,0,0,0,0,0,0,0,0,0,0,0,0,0,0,0,0,0,0,0,0,0,0,0,0,0,0,0,0,0,0,0,0,0,0
00-0039337,Malik Nabers,WR,WR,2025,2,REG,NYG,DAL,0,0,0,0,0,0,0,0,0,0,0,0,0,0,0,9,13,167,2,0,0,0,0,0,0,0,0,0,0,0,0,0,0,28.7,37.7
00-0039338,Brock Bowers,TE,TE,2025,2,REG,LV,LAC,0,0,0,0,0,0,0,0,0,0,0,0,0,0,0,5,8,38,0,0,0,0,0,0,0,0,0,0,0,0,0,0,0,3.8,8.8
00-0039339,Taliese Fuaga,OT,OL,2025,2,REG,NO,SF,0,0,0,0,0,0,0,0,0,0,0,0,0,0,0,0,0,0,0,0,0,0,0,0,0,0,0,0,0,0,0,0,0,0,0
00-0039341,Tyler Guyton,OT,OL,2025,2,REG,DAL,NYG,0,0,0,0,0,0,0,0,0,0,0,0,0,0,0,0,0,0,0,0,0,0,0,0,0,0,0,0,0,0,0,0,0,0,0
00-0039342,Xavier Legette,WR,WR,2025,2,REG,CAR,ARI,0,0,0,0,0,0,0,0,0,1,0,0,0,0,0,1,8,-2,0,0,0,0,0,0,0,0,0,0,0,0,0,0,0,-0.2,0.8
00-0039343,Kamari Lassiter,CB,DB,2025,2,REG,HOU,TB,0,0,0,0,0,0,0,0,0,0,0,0,0,0,0,0,0,0,0,0,0,0,0,0,0,0,0,0,0,0,0,0,0,0,0
00-0039345,Renardo Green,CB,DB,2025,2,REG,SF,NO,0,0,0,0,0,0,0,0,0,0,0,0,0,0,0,0,0,0,0,0,0,0,0,0,0,0,0,0,0,0,0,0,0,0,0
00-0039347,Trevin Wallace,LB,LB,2025,2,REG,CAR,ARI,0,0,0,0,0,0,0,0,0,0,0,0,0,0,0,0,0,0,0,0,0,0,0,0,0,0,0,0,0,0,0,0,0,0,0
00-0039353,Jarrian Jones,CB,DB,2025,2,REG,JAX,CIN,0,0,0,0,0,0,0,0,0,0,0,0,0,0,0,0,0,0,0,0,0,0,0,0,0,0,0,0,0,0,0,0,0,0,0
00-0039355,Luke McCaffrey,WR,WR,2025,2,REG,WAS,GB,0,0,0,0,0,0,0,0,0,0,0,0,0,0,0,1,1,19,0,0,0,1,0,0,0,0,0,0,0,0,0,0,0,3.9,4.9
00-0039356,Ja'Tavion Sanders,TE,TE,2025,2,REG,CAR,ARI,0,0,0,0,0,0,0,0,0,0,0,0,0,0,0,7,9,54,0,0,0,0,0,0,0,0,0,0,0,0,0,0,0,5.4,12.4
00-0039357,Decamerion Richardson,CB,DB,2025,2,REG,LV,LAC,0,0,0,0,0,0,0,0,0,0,0,0,0,0,0,0,0,0,0,0,0,0,0,0,0,0,0,0,0,0,0,0,0,0,0
00-0039361,Bucky Irving,RB,RB,2025,2,REG,TB,HOU,0,0,0,0,0,0,0,0,0,17,71,0,0,0,0,6,6,50,0,0,0,0,0,0,0,0,0,0,0,0,0,0,0,12.1,18.1
00-0039363,Isaac Guerendo,RB,RB,2025,2,REG,SF,NO,0,0,0,0,0,0,0,0,0,0,0,0,0,0,0,0,0,0,0,0,0,0,0,0,0,0,0,0,0,0,0,0,0,0,0
00-0039366,Tarheeb Still,CB,DB,2025,2,REG,LAC,LV,0,0,0,0,0,0,0,0,0,0,0,0,0,0,0,0,0,0,0,0,0,0,0,0,0,0,0,0,0,0,0,0,0,0,0
00-0039369,Cam Hart,CB,DB,2025,2,REG,LAC,LV,0,0,0,0,0,0,0,0,0,0,0,0,0,0,0,0,0,0,0,0,0,0,0,0,0,0,0,0,0,0,0,0,0,0,0
00-0039371,Kris Abrams-Draine,CB,DB,2025,2,REG,DEN,IND,0,0,0,0,0,0,0,0,0,0,0,0,0,0,0,0,0,0,0,0,0,0,0,0,0,0,0,0,0,0,0,0,0,0,0
00-0039372,Jarvis Brownlee Jr.,DB,DB,2025,2,REG,TEN,LA,0,0,0,0,0,0,0,0,0,0,0,0,0,0,0,0,0,0,0,0,0,0,0,0,0,0,0,0,0,0,0,0,0,0,0
00-0039374,Tommy Eichenberg,LB,LB,2025,2,REG,LV,LAC,0,0,0,0,0,0,0,0,0,0,0,0,0,0,0,0,0,0,0,0,0,0,0,0,0,0,0,0,0,0,0,0,0,0,0
00-0039376,Spencer Rattler,QB,QB,2025,2,REG,NO,SF,25,34,207,3,0,3,1,0,0,4,14,0,0,0,0,0,0,0,0,0,0,0,0,0,0,0,0,0,0,0,0,0,0,21.68,21.68
00-0039379,Jamari Thrash,WR,WR,2025,2,REG,CLE,BAL,0,0,0,0,0,0,0,0,0,0,0,0,0,0,0,1,1,5,0,0,0,0,0,0,0,0,0,0,0,0,0,0,0,0.5,1.5
00-0039380,Chau Smith-Wade,CB,DB,2025,2,REG,CAR,ARI,0,0,0,0,0,0,0,0,0,0,0,0,0,0,0,0,0,0,0,0,0,0,0,0,0,0,0,0,0,0,0,0,0,0,0
00-0039384,Tyrone Tracy Jr.,RB,RB,2025,2,REG,NYG,DAL,0,0,0,0,0,0,0,0,0,5,15,0,0,0,0,4,5,36,0,0,0,0,0,0,0,0,0,0,0,0,0,0,0,5.1,9.1
00-0039396,Mekhi Wingo,DT,DL,2025,2,REG,DET,CHI,0,0,0,0,0,0,0,0,0,0,0,0,0,0,0,0,0,0,0,0,0,0,0,0,0,0,0,0,0,0,0,0,0,0,0
00-0039400,Zion Logue,DT,DL,2025,2,REG,BUF,NYJ,0,0,0,0,0,0,0,0,0,0,0,0,0,0,0,0,0,0,0,0,0,0,0,0,0,0,0,0,0,0,0,0,0,0,0
00-0039404,Will Reichard,K,SPEC,2025,2,REG,MIN,ATL,0,0,0,0,0,0,0,0,0,0,0,0,0,0,0,0,0,0,0,0,0,0,0,0,2,2,0,0,0,0,0,0,0,0,0
00-0039407,Dylan Laube,RB,RB,2025,2,REG,LV,LAC,0,0,0,0,0,0,0,0,0,0,0,0,0,0,0,2,2,17,0,0,0,0,0,0,0,0,0,0,0,0,0,0,0,1.7,3.7
00-0039409,Cam Little,K,SPEC,2025,2,REG,JAX,CIN,0,0,0,0,0,0,0,0,0,0,0,0,0,0,0,0,0,0,0,0,0,0,0,0,2,2,0,0,0,3,3,0,0,0,0
00-0039410,Ryan Flournoy,WR,WR,2025,2,REG,DAL,NYG,0,0,0,0,0,0,0,0,0,0,0,0,0,0,0,0,0,0,0,0,0,0,0,0,0,0,0,0,0,0,0,0,0,0,0
00-0039412,Javontae Jean-Baptiste,LB,LB,2025,2,REG,WAS,GB,0,0,0,0,0,0,0,0,0,0,0,0,0,0,0,0,0,0,0,0,0,0,0,0,0,0,0,0,0,0,0,0,0,0,0
00-0039417,Myles Harden,CB,DB,2025,2,REG,CLE,BAL,0,0,0,0,0,0,0,0,0,0,0,0,0,0,0,0,0,0,0,0,0,0,0,0,0,0,0,0,0,0,0,0,0,0,0
00-0039421,Levi Drake Rodriguez,DL,DL,2025,2,REG,MIN,ATL,0,0,0,0,0,0,0,0,0,0,0,0,0,0,0,0,0,0,0,0,0,0,0,0,0,0,0,0,0,0,0,0,0,0,0
00-0039423,Jonah Laulu,DT,DL,2025,2,REG,LV,LAC,0,0,0,0,0,0,0,0,0,0,0,0,0,0,0,0,0,0,0,0,0,0,0,0,0,0,0,0,0,0,0,0,0,0,0
00-0039424,Devaughn Vele,WR,WR,2025,2,REG,NO,SF,0,0,0,0,0,0,0,0,0,0,0,0,0,0,0,1,1,3,1,0,0,0,0,0,0,0,0,0,0,0,0,0,0,6.3,7.3
00-0039430,James Williams,LB,LB,2025,2,REG,TEN,LA,0,0,0,0,0,0,0,0,0,0,0,0,0,0,0,0,0,0,0,0,0,0,0,0,0,0,0,0,0,0,0,0,0,0,0
00-0039431,Jowon Briggs,DE,DL,2025,2,REG,NYJ,BUF,0,0,0,0,0,0,0,0,0,0,0,0,0,0,0,0,0,0,0,0,0,0,0,0,0,0,0,0,0,0,0,0,0,0,0
00-0039435,Tatum Bethune,LB,LB,2025,2,REG,SF,NO,0,0,0,0,0,0,0,0,0,0,0,0,0,0,0,0,0,0,0,0,0,0,0,0,0,0,0,0,0,0,0,0,0,0,0
00-0039436,Jaylen Harrell,DE,DL,2025,2,REG,TEN,LA,0,0,0,0,0,0,0,0,0,0,0,0,0,0,0,0,0,0,0,0,0,0,0,0,0,0,0,0,0,0,0,0,0,0,0
00-0039451,Isaiah Williams,WR,WR,2025,2,REG,NYJ,BUF,0,0,0,0,0,0,0,0,0,0,0,0,0,0,0,0,0,0,0,0,0,0,0,0,0,0,0,0,0,0,0,0,0,0,0
00-0039465,Reddy Steward,DB,DB,2025,2,REG,DAL,NYG,0,0,0,0,0,0,0,0,0,0,0,0,0,0,0,0,0,0,0,0,0,0,0,0,0,0,0,0,0,0,0,0,0,0,0
00-0039530,Brevyn Spann-Ford,TE,TE,2025,2,REG,DAL,NYG,0,0,0,0,0,0,0,0,0,0,0,0,0,0,0,1,1,3,0,0,0,0,0,0,0,0,0,0,0,0,0,0,0,0.3,1.3
00-0039576,Spencer Shrader,K,SPEC,2025,2,REG,IND,DEN,0,0,0,0,0,0,0,0,0,0,0,0,0,0,0,0,0,0,0,0,0,0,0,0,5,5,0,0,0,2,2,0,0,0,0
00-0039589,Kameron Johnson,WR,WR,2025,2,REG,TB,HOU,0,0,0,0,0,0,0,0,0,0,0,0,0,0,0,0,0,0,0,0,0,0,0,0,0,0,0,0,0,0,0,0,0,0,0
00-0039601,Demani Richardson,SAF,DB,2025,2,REG,CAR,ARI,0,0,0,0,0,0,0,0,0,0,0,0,0,0,0,0,0,0,0,0,0,0,0,0,0,0,0,0,0,0,0,0,0,0,0
00-0039634,Austin McNamara,P,SPEC,2025,2,REG,NYJ,BUF,0,0,0,0,0,0,0,0,0,0,0,0,0,0,0,0,0,0,0,0,0,0,0,0,0,0,0,0,0,0,0,0,0,0,0
00-0039650,Bryce Oliver,WR,WR,2025,2,REG,TEN,LA,0,0,0,0,0,0,0,0,0,0,0,0,0,0,0,0,0,0,0,0,0,0,0,0,0,0,0,0,0,0,0,0,0,0,0
00-0039692,Dell Pettus,SAF,DB,2025,2,REG,NE,MIA,0,0,0,0,0,0,0,0,0,0,0,0,0,0,0,0,0,0,0,0,0,0,0,0,0,0,0,0,0,0,0,0,0,0,0
00-0039715,Gabriel Murphy,LB,LB,2025,2,REG,MIN,ATL,0,0,0,0,0,0,0,0,0,0,0,0,0,0,0,0,0,0,0,0,0,0,0,0,0,0,0,0,0,0,0,0,0,0,0
00-0039732,Bo Nix,QB,QB,2025,2,REG,DEN,IND,22,30,206,3,1,0,0,0,0,3,20,0,0,0,0,0,0,0,0,0,0,0,0,0,0,0,0,0,0,0,0,0,0,20.24,20.24
00-0039733,Ruke Orhorhoro,DT,DL,2025,2,REG,ATL,MIN,0,0,0,0,0,0,0,0,0,0,0,0,0,0,0,0,0,0,0,0,0,0,0,0,0,0,0,0,0,0,0,0,0,0,0
00-0039738,Blake Corum,RB,RB,2025,2,REG,LA,TEN,0,0,0,0,0,0,0,0,0,5,44,1,0,0,0,0,0,0,0,0,0,0,0,0,0,0,0,0,0,0,0,0,0,10.4,10.4
00-0039739,Roman Wilson,WR,WR,2025,2,REG,PIT,SEA,0,0,0,0,0,0,0,0,0,0,0,0,0,0,0,1,2,7,0,0,0,0,0,0,0,0,0,0,0,0,0,0,0,0.7,1.7
00-0039740,Jalyx Hunt,LB,LB,2025,2,REG,PHI,KC,0,0,0,0,0,0,0,0,0,0,0,0,0,0,0,0,0,0,0,0,0,0,0,0,0,0,0,0,0,0,0,0,0,0,0
00-0039741,Payton Wilson,LB,LB,2025,2,REG,PIT,SEA,0,0,0,0,0,0,0,0,0,0,0,0,0,0,0,0,0,0,0,0,0,0,0,0,0,0,0,0,0,0,0,0,0,0,0
00-0039745,Tory Taylor,P,SPEC,2025,2,REG,CHI,DET,0,0,0,0,0,0,0,0,0,0,0,0,0,0,0,0,0,0,0,0,0,0,0,0,0,0,0,0,0,0,0,0,0,0,0
00-0039749,Tyler Davis,DE,DL,2025,2,REG,LA,TEN,0,0,0,0,0,0,0,0,0,0,0,0,0,0,0,0,0,0,0,0,0,0,0,0,0,0,0,0,0,0,0,0,0,0,0
00-0039750,Joshua Karty,K,SPEC,2025,2,REG,LA,TEN,0,0,0,0,0,0,0,0,0,0,0,0,0,0,0,0,0,0,0,0,0,0,0,0,2,2,0,0,0,3,4,0,1,0,0
00-0039751,Jordan Whittington,WR,WR,2025,2,REG,LA,TEN,0,0,0,0,0,0,0,0,0,0,0,0,0,0,0,2,2,42,0,0,0,0,0,0,0,0,0,0,0,0,0,0,0,4.2,6.2
00-0039755,KT Leveston,OT,OL,2025,2,REG,CLE,BAL,0,0,0,0,0,0,0,0,0,0,0,0,0,0,0,0,0,0,0,0,0,0,0,0,0,0,0,0,0,0,0,0,0,0,0
00-0039763,Joe Andreessen,LB,LB,2025,2,REG,BUF,NYJ,0,0,0,0,0,0,0,0,0,0,0,0,0,0,0,0,0,0,0,0,0,0,0,0,0,0,0,0,0,0,0,0,0,0,0
00-0039774,Omar Speights,LB,LB,2025,2,REG,LA,TEN,0,0,0,0,0,0,0,0,0,0,0,0,0,0,0,0,0,0,0,0,0,0,0,0,0,0,0,0,0,0,0,0,0,0,0
00-0039776,Jaylen McCollough,SAF,DB,2025,2,REG,LA,TEN,0,0,0,0,0,0,0,0,0,0,0,0,0,0,0,0,0,0,0,0,0,0,0,0,0,0,0,0,0,0,0,0,0,0,0
00-0039789,Qwan'tez Stiggers,DB,DB,2025,2,REG,NYJ,BUF,0,0,0,0,0,0,0,0,0,0,0,0,0,0,0,0,0,0,0,0,0,0,0,0,0,0,0,0,0,0,0,0,0,0,0
00-0039792,Devontez Walker,WR,WR,2025,2,REG,BAL,CLE,0,0,0,0,0,0,0,0,0,0,0,0,0,0,0,2,2,26,2,0,0,0,0,0,0,0,0,0,0,0,0,0,0,14.6,16.6
00-0039793,AJ Barner,TE,TE,2025,2,REG,SEA,PIT,0,0,0,0,0,0,0,0,0,1,2,0,0,0,0,2,3,26,1,0,0,0,0,0,0,0,0,0,0,0,0,0,0,8.8,10.8
00-0039794,Braelon Allen,RB,RB,2025,2,REG,NYJ,BUF,0,0,0,0,0,0,0,0,0,2,11,0,0,0,0,0,1,0,0,0,0,0,0,0,0,0,0,0,0,0,0,0,0,1.1,1.1
00-0039796,Rasheen Ali,RB,RB,2025,2,REG,BAL,CLE,0,0,0,0,0,0,0,0,0,0,0,0,0,0,0,0,0,0,0,0,0,0,0,0,0,0,0,0,0,0,0,0,0,0,0
00-0039798,Isaiah Davis,RB,RB,2025,2,REG,NYJ,BUF,0,0,0,0,0,0,0,0,0,0,0,0,0,0,0,1,3,6,0,0,0,0,0,0,0,0,0,0,0,0,0,0,0,0.6,1.6
00-0039807,Max Melton,CB,DB,2025,2,REG,ARI,CAR,0,0,0,0,0,0,0,0,0,0,0,0,0,0,0,0,0,0,0,0,0,0,0,0,0,0,0,0,0,0,0,0,0,0,0
00-0039808,Isaiah Adams,G,OL,2025,2,REG,ARI,CAR,0,0,0,0,0,0,0,0,0,0,0,0,0,0,0,0,0,0,0,0,0,0,0,0,0,0,0,0,0,0,0,0,0,0,0
00-0039809,Jonah Elliss,LB,LB,2025,2,REG,DEN,IND,0,0,0,0,0,0,0,0,0,0,0,0,0,0,0,0,0,0,0,0,0,0,0,0,0,0,0,0,0,0,0,0,0,0,0
00-0039812,Ty'Ron Hopper,LB,LB,2025,2,REG,GB,WAS,0,0,0,0,0,0,0,0,0,0,0,0,0,0,0,0,0,0,0,0,0,0,0,0,0,0,0,0,0,0,0,0,0,0,0
00-0039813,Evan Williams,SAF,DB,2025,2,REG,GB,WAS,0,0,0,0,0,0,0,0,0,0,0,0,0,0,0,0,0,0,0,0,0,0,0,0,0,0,0,0,0,0,0,0,0,0,0
00-0039815,Tyrice Knight,LB,LB,2025,2,REG,SEA,PIT,0,0,0,0,0,0,0,0,0,0,0,0,0,0,0,0,0,0,0,0,0,0,0,0,0,0,0,0,0,0,0,0,0,0,0
00-0039816,Anthony Gould,WR,WR,2025,2,REG,IND,DEN,0,0,0,0,0,0,0,0,0,0,0,0,0,0,0,0,0,0,0,0,0,0,0,0,0,0,0,0,0,0,0,0,0,0,0
00-0039818,Kitan Oladapo,SAF,DB,2025,2,REG,GB,WAS,0,0,0,0,0,0,0,0,0,0,0,0,0,0,0,0,0,0,0,0,0,0,0,0,0,0,0,0,0,0,0,0,0,0,0
00-0039821,Andru Phillips,DB,DB,2025,2,REG,NYG,DAL,0,0,0,0,0,0,0,0,0,0,0,0,0,0,0,0,0,0,0,0,0,0,0,0,0,0,0,0,0,0,0,0,0,0,0
00-0039825,Jaden Hicks,SAF,DB,2025,2,REG,KC,PHI,0,0,0,0,0,0,0,0,0,0,0,0,0,0,0,0,0,0,0,0,0,0,0,0,0,0,0,0,0,0,0,0,0,0,0
00-0039826,Jeremiah Trotter Jr.,LB,LB,2025,2,REG,PHI,KC,0,0,0,0,0,0,0,0,0,0,0,0,0,0,0,0,0,0,0,0,0,0,0,0,0,0,0,0,0,0,0,0,0,0,0
00-0039828,Walter Rouse,OT,OL,2025,2,REG,MIN,ATL,0,0,0,0,0,0,0,0,0,0,0,0,0,0,0,0,0,0,0,0,0,0,0,0,0,0,0,0,0,0,0,0,0,0,0
00-0039829,Darius Muasau,LB,LB,2025,2,REG,NYG,DAL,0,0,0,0,0,0,0,0,0,0,0,0,0,0,0,0,0,0,0,0,0,0,0,0,0,0,0,0,0,0,0,0,0,0,0
00-0039831,Kamal Hadden,CB,DB,2025,2,REG,GB,WAS,0,0,0,0,0,0,0,0,0,0,0,0,0,0,0,0,0,0,0,0,0,0,0,0,0,0,0,0,0,0,0,0,0,0,0
00-0039834,Kamren Kinchens,SAF,DB,2025,2,REG,LA,TEN,0,0,0,0,0,0,0,0,0,0,0,0,0,0,0,0,0,0,0,0,0,0,0,0,0,0,0,0,0,0,0,0,0,0,0
00-0039835,Justin Eboigbe,DT,DL,2025,2,REG,LAC,LV,0,0,0,0,0,0,0,0,0,0,0,0,0,0,0,0,0,0,0,0,0,0,0,0,0,0,0,0,0,0,0,0,0,0,0
00-0039836,Brennan Jackson,LB,LB,2025,2,REG,LV,LAC,0,0,0,0,0,0,0,0,0,0,0,0,0,0,0,0,0,0,0,0,0,0,0,0,0,0,0,0,0,0,0,0,0,0,0
00-0039838,Calen Bullock,SAF,DB,2025,2,REG,HOU,TB,0,0,0,0,0,0,0,0,0,0,0,0,0,0,0,0,0,0,0,0,0,0,0,0,0,0,0,0,0,0,0,0,0,0,0
00-0039841,Cooper DeJean,CB,DB,2025,2,REG,PHI,KC,0,0,0,0,0,0,0,0,0,0,0,0,0,0,0,0,0,0,0,0,0,0,0,0,0,0,0,0,0,0,0,0,0,0,0
00-0039846,Tykee Smith,DB,DB,2025,2,REG,TB,HOU,0,0,0,0,0,0,0,0,0,0,0,0,0,0,0,0,0,0,0,0,0,0,0,0,0,0,0,0,0,0,0,0,0,0,0
00-0039847,Theo Johnson,TE,TE,2025,2,REG,NYG,DAL,0,0,0,0,0,0,0,0,0,0,0,0,0,0,0,4,5,34,0,0,0,0,0,0,0,0,0,0,0,0,0,0,0,3.4,7.4
00-0039849,Marvin Harrison Jr.,WR,WR,2025,2,REG,ARI,CAR,0,0,0,0,0,0,0,0,0,0,0,0,0,0,0,2,5,27,0,0,0,0,0,0,0,0,0,0,0,0,0,0,0,2.7,4.7
00-0039850,Edgerrin Cooper,LB,LB,2025,2,REG,GB,WAS,0,0,0,0,0,0,0,0,0,0,0,0,0,0,0,0,0,0,0,0,0,0,0,0,0,0,0,0,0,0,0,0,0,0,0
00-0039851,Drake Maye,QB,QB,2025,2,REG,NE,MIA,19,23,230,2,0,3,0,0,0,10,31,1,0,0,0,0,0,0,0,0,0,0,0,0,0,0,0,0,0,0,0,0,0,26.3,26.3
00-0039852,Jared Verse,DE,DL,2025,2,REG,LA,TEN,0,0,0,0,0,0,0,0,0,0,0,0,0,0,0,0,0,0,0,0,0,0,0,0,0,0,0,0,0,0,0,0,0,0,0
00-0039854,Darius Robinson,DL,DL,2025,2,REG,ARI,CAR,0,0,0,0,0,0,0,0,0,0,0,0,0,0,0,0,0,0,0,0,0,0,0,0,0,0,0,0,0,0,0,0,0,0,0
00-0039858,Cedric Gray,LB,LB,2025,2,REG,TEN,LA,0,0,0,0,0,0,0,0,0,0,0,0,0,0,0,0,0,0,0,0,0,0,0,0,0,0,0,0,0,0,0,0,0,0,0
00-0039859,Brandon Dorlus,DE,DL,2025,2,REG,ATL,MIN,0,0,0,0,0,0,0,0,0,0,0,0,0,0,0,0,0,0,0,0,0,0,0,0,0,0,0,0,0,0,0,0,0,0,0
00-0039860,Kool-Aid McKinstry,CB,DB,2025,2,REG,NO,SF,0,0,0,0,0,0,0,0,0,0,0,0,0,0,0,0,0,0,0,0,0,0,0,0,0,0,0,0,0,0,0,0,0,0,0
00-0039861,Tyler Nubin,SAF,DB,2025,2,REG,NYG,DAL,0,0,0,0,0,0,0,0,0,0,0,0,0,0,0,0,0,0,0,0,0,0,0,0,0,0,0,0,0,0,0,0,0,0,0
00-0039864,Dadrion Taylor-Demerson,SAF,DB,2025,2,REG,ARI,CAR,0,0,0,0,0,0,0,0,0,0,0,0,0,0,0,0,0,0,0,0,0,0,0,0,0,0,0,0,0,0,0,0,0,0,0
00-0039867,Javon Bullard,SAF,DB,2025,2,REG,GB,WAS,0,0,0,0,0,0,0,0,0,0,0,0,0,0,0,0,0,0,0,0,0,0,0,0,0,0,0,0,0,0,0,0,0,0,0
00-0039868,Troy Franklin,WR,WR,2025,2,REG,DEN,IND,0,0,0,0,0,0,0,0,0,1,11,0,0,0,0,8,9,89,1,0,0,0,0,0,0,0,0,0,0,0,0,0,0,16,24
00-0039872,Cole Bishop,SAF,DB,2025,2,REG,BUF,NYJ,0,0,0,0,0,0,0,0,0,0,0,0,0,0,0,0,0,0,0,0,0,0,0,0,0,0,0,0,0,0,0,0,0,0,0
00-0039875,Ray Davis,RB,RB,2025,2,REG,BUF,NYJ,0,0,0,0,0,0,0,0,0,9,24,0,0,0,0,0,0,0,0,0,0,0,0,0,0,0,0,0,0,0,0,0,0,2.4,2.4
00-0039879,Javon Solomon,LB,LB,2025,2,REG,BUF,NYJ,0,0,0,0,0,0,0,0,0,0,0,0,0,0,0,0,0,0,0,0,0,0,0,0,0,0,0,0,0,0,0,0,0,0,0
00-0039880,Malik Washington,WR,WR,2025,2,REG,MIA,NE,0,0,0,0,0,0,0,0,0,3,23,0,0,0,0,1,2,2,0,0,0,0,1,0,0,0,0,0,0,0,0,0,0,8.5,9.5
00-0039888,Quinyon Mitchell,CB,DB,2025,2,REG,PHI,KC,0,0,0,0,0,0,0,0,0,0,0,0,0,0,0,0,0,0,0,0,0,0,0,0,0,0,0,0,0,0,0,0,0,0,0
00-0039889,Maason Smith,DT,DL,2025,2,REG,JAX,CIN,0,0,0,0,0,0,0,0,0,0,0,0,0,0,0,0,0,0,0,0,0,0,0,0,0,0,0,0,0,0,0,0,0,0,0
00-0039890,Adonai Mitchell,WR,WR,2025,2,REG,IND,DEN,0,0,0,0,0,0,0,0,0,0,0,0,0,0,0,2,4,20,0,0,0,0,0,0,0,0,0,0,0,0,0,0,0,2,4
00-0039893,Brian Thomas Jr.,WR,WR,2025,2,REG,JAX,CIN,0,0,0,0,0,0,0,0,0,0,0,0,0,0,0,4,12,49,0,0,0,0,0,0,0,0,0,0,0,0,0,0,0,4.9,8.9
00-0039896,Zach Frazier,C,OL,2025,2,REG,PIT,SEA,0,0,0,0,0,0,0,0,0,0,0,0,0,0,0,0,0,0,0,0,0,0,0,0,0,0,0,0,0,0,0,0,0,0,0
00-0039898,Mike Sainristil,CB,DB,2025,2,REG,WAS,GB,0,0,0,0,0,0,0,0,0,0,0,0,0,0,0,0,0,0,0,0,0,0,0,0,0,0,0,0,0,0,0,0,0,0,0
00-0039899,Patrick Paul,OT,OL,2025,2,REG,MIA,NE,0,0,0,0,0,0,0,0,0,0,0,0,0,0,0,0,0,0,0,0,0,0,0,0,0,0,0,0,0,0,0,0,0,0,0
00-0039900,Marshawn Kneeland,DE,DL,2025,2,REG,DAL,NYG,0,0,0,0,0,0,0,0,0,0,0,0,0,0,0,0,0,0,0,0,0,0,0,0,0,0,0,0,0,0,0,0,0,0,0
00-0039901,Keon Coleman,WR,WR,2025,2,REG,BUF,NYJ,0,0,0,0,0,0,0,0,0,0,0,0,0,0,0,3,3,26,0,0,0,0,0,0,0,0,0,0,0,0,0,0,0,2.6,5.6
00-0039903,Terrion Arnold,CB,DB,2025,2,REG,DET,CHI,0,0,0,0,0,0,0,0,0,0,0,0,0,0,0,0,0,0,0,0,0,0,0,0,0,0,0,0,0,0,0,0,0,0,0
00-0039906,Jer'Zhan Newton,DT,DL,2025,2,REG,WAS,GB,0,0,0,0,0,0,0,0,0,0,0,0,0,0,0,0,0,0,0,0,0,0,0,0,0,0,0,0,0,0,0,0,0,0,0
00-0039908,Kris Jenkins,DT,DL,2025,2,REG,CIN,JAX,0,0,0,0,0,0,0,0,0,0,0,0,0,0,0,0,0,0,0,0,0,0,0,0,0,0,0,0,0,0,0,0,0,0,0
00-0039910,Jayden Daniels,QB,QB,2025,2,REG,WAS,GB,24,42,200,2,0,4,0,0,1,7,17,0,0,0,0,0,0,0,0,0,0,0,0,0,0,0,0,0,0,0,0,0,0,19.7,19.7
00-0039911,Chop Robinson,LB,LB,2025,2,REG,MIA,NE,0,0,0,0,0,0,0,0,0,0,0,0,0,0,0,0,0,0,0,0,0,0,0,0,0,0,0,0,0,0,0,0,0,0,0
00-0039912,Ben Sinnott,TE,TE,2025,2,REG,WAS,GB,0,0,0,0,0,0,0,0,0,0,0,0,0,0,0,1,1,7,0,0,0,0,0,0,0,0,0,0,0,0,0,0,0,0.7,1.7
00-0039915,Ladd McConkey,WR,WR,2025,2,REG,LAC,LV,0,0,0,0,0,0,0,0,0,0,0,0,0,0,0,5,5,48,0,0,0,0,0,0,0,0,0,0,0,0,0,0,0,4.8,9.8
00-0039916,Ricky Pearsall,WR,WR,2025,2,REG,SF,NO,0,0,0,0,0,0,0,0,0,1,-4,0,0,0,0,4,6,56,0,0,0,0,0,0,0,0,0,0,0,0,0,0,0,5.2,9.2
00-0039917,Michael Penix Jr.,QB,QB,2025,2,REG,ATL,MIN,13,21,135,0,0,3,0,0,0,1,-1,0,0,0,0,0,0,0,0,0,0,0,0,0,0,0,0,0,0,0,0,0,0,5.3,5.3
00-0039918,Caleb Williams,QB,QB,2025,2,REG,CHI,DET,19,30,207,2,1,4,0,0,0,5,27,0,0,0,0,0,0,0,0,0,0,0,0,0,0,0,0,0,0,0,0,0,0,16.98,16.98
00-0039919,Rome Odunze,WR,WR,2025,2,REG,CHI,DET,0,0,0,0,0,0,0,0,0,0,0,0,0,0,0,7,11,128,2,0,0,0,0,0,0,0,0,0,0,0,0,0,0,24.8,31.8
00-0039921,Trey Benson,RB,RB,2025,2,REG,ARI,CAR,0,0,0,0,0,0,0,0,0,3,14,0,0,0,0,4,6,30,0,0,0,0,0,0,0,0,0,0,0,0,0,0,0,4.4,8.4
00-0039923,J.J. McCarthy,QB,QB,2025,2,REG,MIN,ATL,11,21,158,0,2,6,1,1,0,5,25,0,1,0,0,0,0,0,0,0,0,0,0,1,0,0,0,0,0,0,0,0,0,2.82,2.82
00-0039924,Dallas Turner,LB,LB,2025,2,REG,MIN,ATL,0,0,0,0,0,0,0,0,0,0,0,0,0,0,0,0,0,0,0,0,0,0,0,0,0,0,0,0,0,0,0,0,0,0,0
00-0039925,Amarius Mims,OT,OL,2025,2,REG,CIN,JAX,0,0,0,0,0,0,0,0,0,0,0,0,0,0,0,0,0,0,0,0,0,0,0,0,0,0,0,0,0,0,0,0,0,0,0
00-0040009,Savion Williams,WR,WR,2025,2,REG,GB,WAS,0,0,0,0,0,0,0,0,0,2,24,0,0,0,0,0,0,0,0,0,0,0,0,0,0,0,0,0,0,0,0,0,0,2.4,2.4
00-0040010,Barryn Sorrell,DE,DL,2025,2,REG,GB,WAS,0,0,0,0,0,0,0,0,0,0,0,0,0,0,0,0,0,0,0,0,0,0,0,0,0,0,0,0,0,0,0,0,0,0,0
00-0040044,Zion Childress,DB,DB,2025,2,REG,DAL,NYG,0,0,0,0,0,0,0,0,0,0,0,0,0,0,0,0,0,0,0,0,0,0,0,0,0,0,0,0,0,0,0,0,0,0,0
00-0040069,Teddye Buchanan,LB,LB,2025,2,REG,BAL,CLE,0,0,0,0,0,0,0,0,0,0,0,0,0,0,0,0,0,0,0,0,0,0,0,0,0,0,0,0,0,0,0,0,0,0,0
00-0040072,Jeffrey Bassa,LB,LB,2025,2,REG,KC,PHI,0,0,0,0,0,0,0,0,0,0,0,0,0,0,0,0,0,0,0,0,0,0,0,0,0,0,0,0,0,0,0,0,0,0,0
00-0040074,Tyler Loop,K,SPEC,2025,2,REG,BAL,CLE,0,0,0,0,0,0,0,0,0,0,0,0,0,0,0,0,0,0,0,0,0,0,0,0,2,2,0,0,0,5,5,0,0,0,0
00-0040075,LaJohntay Wester,WR,WR,2025,2,REG,BAL,CLE,0,0,0,0,0,0,0,0,0,0,0,0,0,0,0,0,0,0,0,0,0,0,0,0,0,0,0,0,0,0,0,0,0,0,0
00-0040076,Aeneas Peebles,DT,DL,2025,2,REG,BAL,CLE,0,0,0,0,0,0,0,0,0,0,0,0,0,0,0,0,0,0,0,0,0,0,0,0,0,0,0,0,0,0,0,0,0,0,0
00-0040078,Brashard Smith,RB,RB,2025,2,REG,KC,PHI,0,0,0,0,0,0,0,0,0,1,2,0,0,0,0,0,1,0,0,0,0,0,0,0,0,0,0,0,0,0,0,0,0,0.2,0.2
00-0040089,Kevin Knowles,DB,DB,2025,2,REG,KC,PHI,0,0,0,0,0,0,0,0,0,0,0,0,0,0,0,0,0,0,0,0,0,0,0,0,0,0,0,0,0,0,0,0,0,0,0
00-0040116,Josh Simmons,OT,OL,2025,2,REG,KC,PHI,0,0,0,0,0,0,0,0,0,0,0,0,0,0,0,0,0,0,0,0,0,0,0,0,0,0,0,0,0,0,0,0,0,0,0
00-0040122,Ashton Jeanty,RB,RB,2025,2,REG,LV,LAC,0,0,0,0,0,0,0,0,0,11,43,0,0,0,0,3,4,1,0,0,0,0,0,0,0,0,0,0,0,0,0,0,0,4.4,7.4
00-0040124,Tetairoa McMillan,WR,WR,2025,2,REG,CAR,ARI,0,0,0,0,0,0,0,0,0,0,0,0,0,0,0,6,10,100,0,0,0,0,0,0,0,0,0,0,0,0,0,0,0,10,16
00-0040126,Colston Loveland,TE,TE,2025,2,REG,CHI,DET,0,0,0,0,0,0,0,0,0,0,0,0,0,0,0,0,1,0,0,0,0,0,0,0,0,0,0,0,0,0,0,0,0,0,0
00-0040127,Kenneth Grant,DT,DL,2025,2,REG,MIA,NE,0,0,0,0,0,0,0,0,0,0,0,0,0,0,0,0,0,0,0,0,0,0,0,0,0,0,0,0,0,0,0,0,0,0,0
00-0040128,Tyler Warren,TE,TE,2025,2,REG,IND,DEN,0,0,0,0,0,0,0,0,0,1,0,0,0,0,0,4,7,79,0,0,0,0,0,0,0,0,0,0,0,0,0,0,0,7.9,11.9
00-0040129,Emeka Egbuka,WR,WR,2025,2,REG,TB,HOU,0,0,0,0,0,0,0,0,0,0,0,0,0,0,0,4,7,29,1,0,0,0,0,0,0,0,0,0,0,0,0,0,0,8.9,12.9
00-0040130,Jayden Higgins,WR,WR,2025,2,REG,HOU,TB,0,0,0,0,0,0,0,0,0,0,0,0,0,0,0,1,1,28,0,0,0,0,0,0,0,0,0,0,0,0,0,0,0,2.8,3.8
00-0040133,Azareye'h Thomas,CB,DB,2025,2,REG,NYJ,BUF,0,0,0,0,0,0,0,0,0,0,0,0,0,0,0,0,0,0,0,0,0,0,0,0,0,0,0,0,0,0,0,0,0,0,0
00-0040134,Pat Bryant,WR,WR,2025,2,REG,DEN,IND,0,0,0,0,0,0,0,0,0,0,0,0,0,0,0,2,3,18,0,0,0,0,0,0,0,0,0,0,0,0,0,0,0,1.8,3.8
00-0040136,Princely Umanmielen,LB,LB,2025,2,REG,CAR,ARI,0,0,0,0,0,0,0,0,0,0,0,0,0,0,0,0,0,0,0,0,0,0,0,0,0,0,0,0,0,0,0,0,0,0,0
00-0040137,Jordan Burch,LB,LB,2025,2,REG,ARI,CAR,0,0,0,0,0,0,0,0,0,0,0,0,0,0,0,0,0,0,0,0,0,0,0,0,0,0,0,0,0,0,0,0,0,0,0
00-0040138,Jaylin Noel,WR,WR,2025,2,REG,HOU,TB,0,0,0,0,0,0,0,0,0,0,0,0,0,0,0,0,0,0,0,0,0,0,0,0,0,0,0,0,0,0,0,0,0,0,0
00-0040142,Kaleb Johnson,RB,RB,2025,2,REG,PIT,SEA,0,0,0,0,0,0,0,0,0,1,1,0,0,0,0,0,0,0,0,0,0,0,0,0,0,0,0,0,0,0,0,0,0,0.1,0.1
00-0040143,Jacob Parrish,CB,DB,2025,2,REG,TB,HOU,0,0,0,0,0,0,0,0,0,0,0,0,0,0,0,0,0,0,0,0,0,0,0,0,0,0,0,0,0,0,0,0,0,0,0
00-0040144,Jamaree Caldwell,DT,DL,2025,2,REG,LAC,LV,0,0,0,0,0,0,0,0,0,0,0,0,0,0,0,0,0,0,0,0,0,0,0,0,0,0,0,0,0,0,0,0,0,0,0
00-0040147,Jared Wilson,C,OL,2025,2,REG,NE,MIA,0,0,0,0,0,0,0,0,0,0,0,0,0,0,0,0,0,0,0,0,0,0,0,0,0,0,0,0,0,0,0,0,0,0,0
00-0040148,Xavier Watts,SAF,DB,2025,2,REG,ATL,MIN,0,0,0,0,0,0,0,0,0,0,0,0,0,0,0,0,0,0,0,0,0,0,0,0,0,0,0,0,0,0,0,0,0,0,0
00-0040149,Jaylin Smith,CB,DB,2025,2,REG,HOU,TB,0,0,0,0,0,0,0,0,0,0,0,0,0,0,0,0,0,0,0,0,0,0,0,0,0,0,0,0,0,0,0,0,0,0,0
00-0040152,Upton Stout,CB,DB,2025,2,REG,SF,NO,0,0,0,0,0,0,0,0,0,0,0,0,0,0,0,0,0,0,0,0,0,0,0,0,0,0,0,0,0,0,0,0,0,0,0
00-0040155,Danny Stutsman,LB,LB,2025,2,REG,NO,SF,0,0,0,0,0,0,0,0,0,0,0,0,0,0,0,0,0,0,0,0,0,0,0,0,0,0,0,0,0,0,0,0,0,0,0
00-0040156,Billy Bowman Jr.,CB,DB,2025,2,REG,ATL,MIN,0,0,0,0,0,0,0,0,0,0,0,0,0,0,0,0,0,0,0,0,0,0,0,0,0,0,0,0,0,0,0,0,0,0,0
00-0040159,Lathan Ransom,SAF,DB,2025,2,REG,CAR,ARI,0,0,0,0,0,0,0,0,0,0,0,0,0,0,0,0,0,0,0,0,0,0,0,0,0,0,0,0,0,0,0,0,0,0,0
00-0040160,Jack Sawyer,LB,LB,2025,2,REG,PIT,SEA,0,0,0,0,0,0,0,0,0,0,0,0,0,0,0,0,0,0,0,0,0,0,0,0,0,0,0,0,0,0,0,0,0,0,0
00-0040162,Dylan Sampson,RB,RB,2025,2,REG,CLE,BAL,0,0,0,0,0,0,0,0,0,4,6,0,0,0,0,3,3,13,1,0,0,0,0,0,0,0,0,0,0,0,0,0,0,7.9,10.9
00-0040164,Jaylin Lane,WR,WR,2025,2,REG,WAS,GB,0,0,0,0,0,0,0,0,0,0,0,0,0,0,0,1,4,2,0,0,0,0,0,0,0,0,0,0,0,0,0,0,0,0.2,1.2
00-0040165,Malachi Moore,SAF,DB,2025,2,REG,NYJ,BUF,0,0,0,0,0,0,0,0,0,0,0,0,0,0,0,0,0,0,0,0,0,0,0,0,0,0,0,0,0,0,0,0,0,0,0
00-0040166,Quincy Riley,CB,DB,2025,2,REG,NO,SF,0,0,0,0,0,0,0,0,0,0,0,0,0,0,0,0,0,0,0,0,0,0,0,0,0,0,0,0,0,0,0,0,0,0,0
00-0040167,Ruben Hyppolite II,LB,LB,2025,2,REG,CHI,DET,0,0,0,0,0,0,0,0,0,0,0,0,0,0,0,0,0,0,0,0,0,0,0,0,0,0,0,0,0,0,0,0,0,0,0
00-0040170,Elic Ayomanor,WR,WR,2025,2,REG,TEN,LA,0,0,0,0,0,0,0,0,0,0,0,0,0,0,0,4,6,56,1,0,0,0,0,0,0,0,0,0,0,0,0,0,0,11.6,15.6
00-0040173,Tyrion Ingram-Dawkins,DT,DL,2025,2,REG,MIN,ATL,0,0,0,0,0,0,0,0,0,0,0,0,0,0,0,0,0,0,0,0,0,0,0,0,0,0,0,0,0,0,0,0,0,0,0
00-0040175,Jordan Phillips,DT,DL,2025,2,REG,MIA,NE,0,0,0,0,0,0,0,0,0,0,0,0,0,0,0,0,0,0,0,0,0,0,0,0,0,0,0,0,0,0,0,0,0,0,0
00-0040178,Jason Marshall Jr.,CB,DB,2025,2,REG,MIA,NE,0,0,0,0,0,0,0,0,0,0,0,0,0,0,0,0,0,0,0,0,0,0,0,0,0,0,0,0,0,0,0,0,0,0,0
00-0040179,DJ Giddens,RB,RB,2025,2,REG,IND,DEN,0,0,0,0,0,0,0,0,0,0,0,0,0,0,0,0,1,0,0,0,0,0,0,0,0,0,0,0,0,0,0,0,0,0,0
00-0040182,Dante Trader Jr.,SAF,DB,2025,2,REG,MIA,NE,0,0,0,0,0,0,0,0,0,0,0,0,0,0,0,0,0,0,0,0,0,0,0,0,0,0,0,0,0,0,0,0,0,0,0
00-0040183,Elijah Roberts,DE,DL,2025,2,REG,TB,HOU,0,0,0,0,0,0,0,0,0,0,0,0,0,0,0,0,0,0,0,0,0,0,0,0,0,0,0,0,0,0,0,0,0,0,0
00-0040184,KeAndre Lambert-Smith,WR,WR,2025,2,REG,LAC,LV,0,0,0,0,0,0,0,0,0,0,0,0,0,0,0,0,0,0,0,0,0,0,0,0,0,0,0,0,0,0,0,0,0,0,0
00-0040185,Marques Sigle,SAF,DB,2025,2,REG,SF,NO,0,0,0,0,0,0,0,0,0,0,0,0,0,0,0,0,0,0,0,0,0,0,0,0,0,0,0,0,0,0,0,0,0,0,0
00-0040186,Francisco Mauigoa,LB,LB,2025,2,REG,NYJ,BUF,0,0,0,0,0,0,0,0,0,0,0,0,0,0,0,0,0,0,0,0,0,0,0,0,0,0,0,0,0,0,0,0,0,0,0
00-0040187,Mitchell Evans,TE,TE,2025,2,REG,CAR,ARI,0,0,0,0,0,0,0,0,0,0,0,0,0,0,0,1,1,9,0,0,0,0,0,0,0,0,0,0,0,0,0,0,0,0.9,1.9
00-0040188,Yahya Black,DE,DL,2025,2,REG,PIT,SEA,0,0,0,0,0,0,0,0,0,0,0,0,0,0,0,0,0,0,0,0,0,0,0,0,0,0,0,0,0,0,0,0,0,0,0
00-0040194,Jackson Hawes,TE,TE,2025,2,REG,BUF,NYJ,0,0,0,0,0,0,0,0,0,0,0,0,0,0,0,1,1,5,0,0,0,0,0,0,0,0,0,0,0,0,0,0,0,0.5,1.5
00-0040195,Denzel Burke,CB,DB,2025,2,REG,ARI,CAR,0,0,0,0,0,0,0,0,0,0,0,0,0,0,0,0,0,0,0,0,0,0,0,0,0,0,0,0,0,0,0,0,0,0,0
00-0040197,Dorian Strong,CB,DB,2025,2,REG,BUF,NYJ,0,0,0,0,0,0,0,0,0,0,0,0,0,0,0,0,0,0,0,0,0,0,0,0,0,0,0,0,0,0,0,0,0,0,0
00-0040198,Ollie Gordon II,RB,RB,2025,2,REG,MIA,NE,0,0,0,0,0,0,0,0,0,1,8,0,0,0,0,1,1,5,0,0,0,0,0,0,0,0,0,0,0,0,0,0,0,1.3,2.3
00-0040200,Andy Borregales,K,SPEC,2025,2,REG,NE,MIA,0,0,0,0,0,0,0,0,0,0,0,0,0,0,0,0,0,0,0,0,0,0,0,0,2,2,0,0,0,1,3,2,0,0,0
00-0040201,Marcus Harris,CB,DB,2025,2,REG,TEN,LA,0,0,0,0,0,0,0,0,0,0,0,0,0,0,0,0,0,0,0,0,0,0,0,0,0,0,0,0,0,0,0,0,0,0,0
00-0040208,Tahj Brooks,RB,RB,2025,2,REG,CIN,JAX,0,0,0,0,0,0,0,0,0,0,0,0,0,0,0,0,0,0,0,0,0,0,0,0,0,0,0,0,0,0,0,0,0,0,0
00-0040213,Rayuan Lane III,SAF,DB,2025,2,REG,JAX,CIN,0,0,0,0,0,0,0,0,0,0,0,0,0,0,0,0,0,0,0,0,0,0,0,0,0,0,0,0,0,0,0,0,0,0,0
00-0040223,Jeremy Crawshaw,P,SPEC,2025,2,REG,DEN,IND,0,0,0,0,0,0,0,0,0,0,0,0,0,0,0,0,0,0,0,0,0,0,0,0,0,0,0,0,0,0,0,0,0,0,0
00-0040228,Cody Lindenberg,LB,LB,2025,2,REG,LV,LAC,0,0,0,0,0,0,0,0,0,0,0,0,0,0,0,0,0,0,0,0,0,0,0,0,0,0,0,0,0,0,0,0,0,0,0
00-0040230,Kitan Crawford,SAF,DB,2025,2,REG,ARI,CAR,0,0,0,0,0,0,0,0,0,0,0,0,0,0,0,0,0,0,0,0,0,0,0,0,0,0,0,0,0,0,0,0,0,0,0
00-0040231,Carson Bruener,LB,LB,2025,2,REG,PIT,SEA,0,0,0,0,0,0,0,0,0,0,0,0,0,0,0,0,0,0,0,0,0,0,0,0,0,0,0,0,0,0,0,0,0,0,0
00-0040236,Kyle Monangai,RB,RB,2025,2,REG,CHI,DET,0,0,0,0,0,0,0,0,0,7,28,0,0,0,0,1,3,8,0,0,0,0,0,0,0,0,0,0,0,0,0,0,0,3.6,4.6
00-0040238,LeQuint Allen Jr.,RB,RB,2025,2,REG,JAX,CIN,0,0,0,0,0,0,0,0,0,2,13,0,0,0,0,0,0,0,0,0,0,0,0,0,0,0,0,0,0,0,0,0,0,1.3,1.3
00-0040242,Jacory Croskey-Merritt,RB,RB,2025,2,REG,WAS,GB,0,0,0,0,0,0,0,0,0,4,17,0,0,0,0,0,1,0,0,0,0,0,0,0,0,0,0,0,0,0,0,0,0,1.7,1.7
00-0040249,Fadil Diggs,DE,DL,2025,2,REG,NO,SF,0,0,0,0,0,0,0,0,0,0,0,0,0,0,0,0,0,0,0,0,0,0,0,0,0,0,0,0,0,0,0,0,0,0,0
00-0040255,Adin Huntington,DE,DL,2025,2,REG,CLE,BAL,0,0,0,0,0,0,0,0,0,0,0,0,0,0,0,0,0,0,0,0,0,0,0,0,0,0,0,0,0,0,0,0,0,0,0
00-0040279,Ryan Fitzgerald,K,SPEC,2025,2,REG,CAR,ARI,0,0,0,0,0,0,0,0,0,0,0,0,0,0,0,0,0,0,0,0,0,0,0,0,1,1,0,0,0,1,1,0,0,0,0
00-0040289,Bam Martin-Scott,LB,LB,2025,2,REG,CAR,ARI,0,0,0,0,0,0,0,0,0,0,0,0,0,0,0,0,0,0,0,0,0,0,0,0,0,0,0,0,0,0,0,0,0,0,0
00-0040362,Keonta Jenkins,LB,LB,2025,2,REG,BUF,NYJ,0,0,0,0,0,0,0,0,0,0,0,0,0,0,0,0,0,0,0,0,0,0,0,0,0,0,0,0,0,0,0,0,0,0,0
00-0040416,John Bullock,LB,LB,2025,2,REG,TB,HOU,0,0,0,0,0,0,0,0,0,0,0,0,0,0,0,0,0,0,0,0,0,0,0,0,0,0,0,0,0,0,0,0,0,0,0
00-0040432,Beaux Collins,WR,WR,2025,2,REG,NYG,DAL,0,0,0,0,0,0,0,0,0,0,0,0,0,0,0,0,0,0,0,0,0,0,0,0,0,0,0,0,0,0,0,0,0,0,0
00-0040460,Marlowe Wax,LB,LB,2025,2,REG,LAC,LV,0,0,0,0,0,0,0,0,0,0,0,0,0,0,0,0,0,0,0,0,0,0,0,0,0,0,0,0,0,0,0,0,0,0,0
00-0040503,Dorian Mausi,LB,LB,2025,2,REG,TEN,LA,0,0,0,0,0,0,0,0,0,0,0,0,0,0,0,0,0,0,0,0,0,0,0,0,0,0,0,0,0,0,0,0,0,0,0
00-0040506,Myles Price,WR,WR,2025,2,REG,MIN,ATL,0,0,0,0,0,0,0,0,0,0,0,0,0,0,0,0,0,0,0,0,0,0,0,1,0,0,0,0,0,0,0,0,0,0,0
00-0040509,Ben Yurosek,TE,TE,2025,2,REG,MIN,ATL,0,0,0,0,0,0,0,0,0,0,0,0,0,0,0,0,0,0,0,0,0,0,0,0,0,0,0,0,0,0,0,0,0,0,0
00-0040574,Elijah Ponder,LB,LB,2025,2,REG,NE,MIA,0,0,0,0,0,0,0,0,0,0,0,0,0,0,0,0,0,0,0,0,0,0,0,0,0,0,0,0,0,0,0,0,0,0,0
00-0040577,Jalon Walker,LB,LB,2025,2,REG,ATL,MIN,0,0,0,0,0,0,0,0,0,0,0,0,0,0,0,0,0,0,0,0,0,0,0,0,0,0,0,0,0,0,0,0,0,0,0
00-0040578,James Pearce Jr.,DE,DL,2025,2,REG,ATL,MIN,0,0,0,0,0,0,0,0,0,0,0,0,0,0,0,0,0,0,0,0,0,0,0,0,0,0,0,0,0,0,0,0,0,0,0
00-0040579,Carson Schwesinger,LB,LB,2025,2,REG,CLE,BAL,0,0,0,0,0,0,0,0,0,0,0,0,0,0,0,0,0,0,0,0,0,0,0,0,0,0,0,0,0,0,0,0,0,0,0
00-0040580,Josaiah Stewart,LB,LB,2025,2,REG,LA,TEN,0,0,0,0,0,0,0,0,0,0,0,0,0,0,0,0,0,0,0,0,0,0,0,0,0,0,0,0,0,0,0,0,0,0,0
00-0040581,Dont'e Thornton Jr.,WR,WR,2025,2,REG,LV,LAC,0,0,0,0,0,0,0,0,0,0,0,0,0,0,0,1,4,20,0,0,0,0,0,0,0,0,0,0,0,0,0,0,0,2,3
00-0040582,Arian Smith,WR,WR,2025,2,REG,NYJ,BUF,0,0,0,0,0,0,0,0,0,1,-10,0,0,0,0,1,2,8,0,0,0,0,0,0,0,0,0,0,0,0,0,0,0,-0.2,0.8
00-0040583,Woody Marks,RB,RB,2025,2,REG,HOU,TB,0,0,0,0,0,0,0,0,0,3,14,0,0,0,0,1,1,37,0,0,0,0,0,0,0,0,0,0,0,0,0,0,0,5.1,6.1
00-0040584,Gunnar Helm,TE,TE,2025,2,REG,TEN,LA,0,0,0,0,0,0,0,0,0,0,0,0,0,0,0,2,2,9,0,0,0,0,0,0,0,0,0,0,0,0,0,0,0,0.9,2.9
00-0040585,Ty Hamilton,DT,DL,2025,2,REG,LA,TEN,0,0,0,0,0,0,0,0,0,0,0,0,0,0,0,0,0,0,0,0,0,0,0,0,0,0,0,0,0,0,0,0,0,0,0
00-0040613,Shaun Dolac,LB,LB,2025,2,REG,LA,TEN,0,0,0,0,0,0,0,0,0,0,0,0,0,0,0,0,0,0,0,0,0,0,0,0,0,0,0,0,0,0,0,0,0,0,0
00-0040636,Keyon Martin,CB,DB,2025,2,REG,BAL,CLE,0,0,0,0,0,0,0,0,0,0,0,0,0,0,0,0,0,0,0,0,0,0,0,0,0,0,0,0,0,0,0,0,0,0,0
00-0040640,Ashton Gillotte,DE,DL,2025,2,REG,KC,PHI,0,0,0,0,0,0,0,0,0,0,0,0,0,0,0,0,0,0,0,0,0,0,0,0,0,0,0,0,0,0,0,0,0,0,0
00-0040642,Vernon Broughton,DT,DL,2025,2,REG,NO,SF,0,0,0,0,0,0,0,0,0,0,0,0,0,0,0,0,0,0,0,0,0,0,0,0,0,0,0,0,0,0,0,0,0,0,0
00-0040643,Jonas Sanker,SAF,DB,2025,2,REG,NO,SF,0,0,0,0,0,0,0,0,0,0,0,0,0,0,0,0,0,0,0,0,0,0,0,0,0,0,0,0,0,0,0,0,0,0,0
00-0040644,Trevor Etienne,RB,RB,2025,2,REG,CAR,ARI,0,0,0,0,0,0,0,0,0,0,0,0,0,0,0,1,1,2,0,0,0,0,0,0,0,0,0,0,0,0,0,0,0,0.2,1.2
00-0040648,Tory Horton,WR,WR,2025,2,REG,SEA,PIT,0,0,0,0,0,0,0,0,0,0,0,0,0,0,0,2,4,32,1,0,0,0,0,0,0,0,0,0,0,0,0,0,0,9.2,11.2
00-0040649,Robbie Ouzts,RB,RB,2025,2,REG,SEA,PIT,0,0,0,0,0,0,0,0,0,0,0,0,0,0,0,0,0,0,0,0,0,0,0,0,0,0,0,0,0,0,0,0,0,0,0
00-0040654,Kai Kroeger,P,SPEC,2025,2,REG,NO,SF,0,0,0,0,0,0,0,0,0,0,0,0,0,0,0,0,0,0,0,0,0,0,0,0,0,0,0,0,0,0,0,0,0,0,0
00-0040660,Mykel Williams,DE,DL,2025,2,REG,SF,NO,0,0,0,0,0,0,0,0,0,0,0,0,0,0,0,0,0,0,0,0,0,0,0,0,0,0,0,0,0,0,0,0,0,0,0
00-0040663,Harold Fannin Jr.,TE,TE,2025,2,REG,CLE,BAL,0,0,0,0,0,0,0,0,0,0,0,0,0,0,0,5,5,48,0,0,0,0,0,0,0,0,0,0,0,0,0,0,0,4.8,9.8
00-0040666,Omarion Hampton,RB,RB,2025,2,REG,LAC,LV,0,0,0,0,0,0,0,0,0,8,24,0,0,0,0,1,2,1,0,0,0,0,0,0,0,0,0,0,0,0,0,0,0,2.5,3.5
00-0040667,Matthew Golden,WR,WR,2025,2,REG,GB,WAS,0,0,0,0,0,0,0,0,0,2,15,0,0,0,0,0,2,0,0,0,0,0,0,0,0,0,0,0,0,0,0,0,0,1.5,1.5
00-0040669,Isaac TeSlaa,WR,WR,2025,2,REG,DET,CHI,0,0,0,0,0,0,0,0,0,0,0,0,0,0,0,1,1,29,0,0,0,0,0,0,0,0,0,0,0,0,0,0,0,2.9,3.9
00-0040670,Nohl Williams,CB,DB,2025,2,REG,KC,PHI,0,0,0,0,0,0,0,0,0,0,0,0,0,0,0,0,0,0,0,0,0,0,0,0,0,0,0,0,0,0,0,0,0,0,0
00-0040672,Tyleik Williams,DT,DL,2025,2,REG,DET,CHI,0,0,0,0,0,0,0,0,0,0,0,0,0,0,0,0,0,0,0,0,0,0,0,0,0,0,0,0,0,0,0,0,0,0,0
00-0040676,Cam Ward,QB,QB,2025,2,REG,TEN,LA,19,33,175,1,0,5,1,1,0,4,8,0,0,0,0,0,0,0,0,0,0,0,0,1,0,0,0,0,0,0,0,0,0,9.8,9.8
00-0040677,Abdul Carter,LB,LB,2025,2,REG,NYG,DAL,0,0,0,0,0,0,0,0,0,0,0,0,0,0,0,0,0,0,0,0,0,0,0,0,0,0,0,0,0,0,0,0,0,0,0
00-0040685,Mason Graham,DT,DL,2025,2,REG,CLE,BAL,0,0,0,0,0,0,0,0,0,0,0,0,0,0,0,0,0,0,0,0,0,0,0,0,0,0,0,0,0,0,0,0,0,0,0
00-0040688,Malaki Starks,SAF,DB,2025,2,REG,BAL,CLE,0,0,0,0,0,0,0,0,0,0,0,0,0,0,0,0,0,0,0,0,0,0,0,0,0,0,0,0,0,0,0,0,0,0,0
00-0040691,Jaxson Dart,QB,QB,2025,2,REG,NYG,DAL,0,0,0,0,0,0,0,0,0,1,-3,0,0,0,0,0,0,0,0,0,0,0,0,0,0,0,0,0,0,0,0,0,0,-0.3,-0.3
00-0040694,Darius Alexander,DT,DL,2025,2,REG,NYG,DAL,0,0,0,0,0,0,0,0,0,0,0,0,0,0,0,0,0,0,0,0,0,0,0,0,0,0,0,0,0,0,0,0,0,0,0
00-0040699,Will Campbell,OT,OL,2025,2,REG,NE,MIA,0,0,0,0,0,0,0,0,0,0,0,0,0,0,0,0,0,0,0,0,0,0,0,0,0,0,0,0,0,0,0,0,0,0,0
00-0040704,Dillon Gabriel,QB,QB,2025,2,REG,CLE,BAL,3,3,19,1,0,0,0,0,0,0,0,0,0,0,0,0,0,0,0,0,0,0,0,0,0,0,0,0,0,0,0,0,0,4.76,4.76
00-0040705,Chimere Dike,WR,WR,2025,2,REG,TEN,LA,0,0,0,0,0,0,0,0,0,2,9,0,0,0,0,2,5,-1,0,0,0,0,0,0,0,0,0,0,0,0,0,0,0,0.8,2.8
00-0040708,Jihaad Campbell,LB,LB,2025,2,REG,PHI,KC,0,0,0,0,0,0,0,0,0,0,0,0,0,0,0,0,0,0,0,0,0,0,0,0,0,0,0,0,0,0,0,0,0,0,0
00-0040710,Deone Walker,DT,DL,2025,2,REG,BUF,NYJ,0,0,0,0,0,0,0,0,0,0,0,0,0,0,0,0,0,0,0,0,0,0,0,0,0,0,0,0,0,0,0,0,0,0,0
00-0040715,Cam Skattebo,RB,RB,2025,2,REG,NYG,DAL,0,0,0,0,0,0,0,0,0,11,45,1,0,0,0,2,3,14,0,0,0,0,0,0,0,0,0,0,0,0,0,0,0,11.9,13.9
00-0040716,Craig Woodson,SAF,DB,2025,2,REG,NE,MIA,0,0,0,0,0,0,0,0,0,0,0,0,0,0,0,0,0,0,0,0,0,0,0,0,0,0,0,0,0,0,0,0,0,0,0
00-0040718,Travis Hunter,CB,DB,2025,2,REG,JAX,CIN,0,0,0,0,0,0,0,0,0,0,0,0,0,0,0,3,6,22,0,0,0,0,0,0,0,0,0,0,0,0,0,0,0,2.2,5.2
00-0040719,Bhayshul Tuten,RB,RB,2025,2,REG,JAX,CIN,0,0,0,0,0,0,0,0,0,8,42,0,0,0,0,2,2,32,1,0,0,0,0,0,0,0,0,0,0,0,0,0,0,13.4,15.4
00-0040720,Jahdae Barron,CB,DB,2025,2,REG,DEN,IND,0,0,0,0,0,0,0,0,0,0,0,0,0,0,0,0,0,0,0,0,0,0,0,0,0,0,0,0,0,0,0,0,0,0,0
00-0040721,Alfred Collins,DT,DL,2025,2,REG,SF,NO,0,0,0,0,0,0,0,0,0,0,0,0,0,0,0,0,0,0,0,0,0,0,0,0,0,0,0,0,0,0,0,0,0,0,0
00-0040722,Mike Green,LB,LB,2025,2,REG,BAL,CLE,0,0,0,0,0,0,0,0,0,0,0,0,0,0,0,0,0,0,0,0,0,0,0,0,0,0,0,0,0,0,0,0,0,0,0
00-0040724,T.J. Sanders,DT,DL,2025,2,REG,BUF,NYJ,0,0,0,0,0,0,0,0,0,0,0,0,0,0,0,0,0,0,0,0,0,0,0,0,0,0,0,0,0,0,0,0,0,0,0
00-0040725,Donovan Ezeiruaku,LB,LB,2025,2,REG,DAL,NYG,0,0,0,0,0,0,0,0,0,0,0,0,0,0,0,0,0,0,0,0,0,0,0,0,0,0,0,0,0,0,0,0,0,0,0
00-0040726,Anthony Belton,OT,OL,2025,2,REG,GB,WAS,0,0,0,0,0,0,0,0,0,0,0,0,0,0,0,0,0,0,0,0,0,0,0,0,0,0,0,0,0,0,0,0,0,0,0
00-0040727,Tre Harris,WR,WR,2025,2,REG,LAC,LV,0,0,0,0,0,0,0,0,0,0,0,0,0,0,0,2,3,34,0,0,0,0,0,0,0,0,0,0,0,0,0,0,0,3.4,5.4
00-0040730,RJ Harvey,RB,RB,2025,2,REG,DEN,IND,0,0,0,0,0,0,0,0,0,5,8,0,0,0,0,1,2,16,0,0,0,0,0,0,0,0,0,0,0,0,0,0,0,2.4,3.4
00-0040731,Trey Amos,CB,DB,2025,2,REG,WAS,GB,0,0,0,0,0,0,0,0,0,0,0,0,0,0,0,0,0,0,0,0,0,0,0,0,0,0,0,0,0,0,0,0,0,0,0
00-0040734,TreVeyon Henderson,RB,RB,2025,2,REG,NE,MIA,0,0,0,0,0,0,0,0,0,3,10,0,0,0,0,2,2,30,0,0,0,0,0,0,0,0,0,0,0,0,0,0,0,4,6
00-0040735,Luther Burden III,WR,WR,2025,2,REG,CHI,DET,0,0,0,0,0,0,0,0,0,0,0,0,0,0,0,1,2,5,0,0,0,0,0,0,0,0,0,0,0,0,0,0,0,0.5,1.5
00-0040736,Mason Taylor,TE,TE,2025,2,REG,NYJ,BUF,0,0,0,0,0,0,0,0,0,0,0,0,0,0,0,1,2,5,0,0,0,0,0,0,0,0,0,0,0,0,0,0,0,0.5,1.5
00-0040738,Demetrius Knight Jr.,LB,LB,2025,2,REG,CIN,JAX,0,0,0,0,0,0,0,0,0,0,0,0,0,0,0,0,0,0,0,0,0,0,0,0,0,0,0,0,0,0,0,0,0,0,0
00-0040739,Elijah Arroyo,TE,TE,2025,2,REG,SEA,PIT,0,0,0,0,0,0,0,0,0,0,0,0,0,0,0,2,3,31,0,0,0,0,0,0,0,0,0,0,0,0,0,0,0,3.1,5.1
00-0040742,Jonah Savaiinaea,G,OL,2025,2,REG,MIA,NE,0,0,0,0,0,0,0,0,0,0,0,0,0,0,0,0,0,0,0,0,0,0,0,0,0,0,0,0,0,0,0,0,0,0,0
00-0040746,Nic Scourton,LB,LB,2025,2,REG,CAR,ARI,0,0,0,0,0,0,0,0,0,0,0,0,0,0,0,0,0,0,0,0,0,0,0,0,0,0,0,0,0,0,0,0,0,0,0
00-0040747,Benjamin Morrison,CB,DB,2025,2,REG,TB,HOU,0,0,0,0,0,0,0,0,0,0,0,0,0,0,0,0,0,0,0,0,0,0,0,0,0,0,0,0,0,0,0,0,0,0,0
00-0040748,Omarr Norman-Lott,DT,DL,2025,2,REG,KC,PHI,0,0,0,0,0,0,0,0,0,0,0,0,0,0,0,0,0,0,0,0,0,0,0,0,0,0,0,0,0,0,0,0,0,0,0
00-0040749,Andrew Mukuba,SAF,DB,2025,2,REG,PHI,KC,0,0,0,0,0,0,0,0,0,0,0,0,0,0,0,0,0,0,0,0,0,0,0,0,0,0,0,0,0,0,0,0,0,0,0
00-0040751,Will Johnson,CB,DB,2025,2,REG,ARI,CAR,0,0,0,0,0,0,0,0,0,0,0,0,0,0,0,0,0,0,0,0,0,0,0,0,0,0,0,0,0,0,0,0,0,0,0
00-0040752,Oluwafemi Oladejo,DE,DL,2025,2,REG,TEN,LA,0,0,0,0,0,0,0,0,0,0,0,0,0,0,0,0,0,0,0,0,0,0,0,0,0,0,0,0,0,0,0,0,0,0,0
00-0040756,Shemar Stewart,DE,DL,2025,2,REG,CIN,JAX,0,0,0,0,0,0,0,0,0,0,0,0,0,0,0,0,0,0,0,0,0,0,0,0,0,0,0,0,0,0,0,0,0,0,0
00-0040782,Isaiah Bond,WR,WR,2025,2,REG,CLE,BAL,0,0,0,0,0,0,0,0,0,1,9,0,0,0,0,1,3,6,0,0,0,0,0,0,0,0,0,0,0,0,0,0,0,1.5,2.5
00-0040784,Quinshon Judkins,RB,RB,2025,2,REG,CLE,BAL,0,0,0,0,0,0,0,0,0,10,61,0,0,0,0,3,3,10,0,0,0,0,0,0,0,0,0,0,0,0,0,0,0,7.1,10.1
,,,,2025,2,REG,GB,WAS,0,0,0,0,0,0,0,0,0,0,0,0,0,0,0,0,0,0,0,0,0,0,0,0,0,0,0,0,0,0,0,0,0,0,0
